transaction_id,customer_id,date,amount,category,province,tier,is_anomaly
TXN04249,CUST0355,2023-01-01,474.73,Groceries,Gauteng,high,False
TXN01468,CUST0127,2023-01-01,685.86,Clothing,Eastern Cape,mid,False
TXN01858,CUST0160,2023-01-01,4727.44,Furniture,KwaZulu-Natal,mid,False
TXN00006,CUST0001,2023-01-01,455.5,Health & Beauty,Gauteng,high,False
TXN02754,CUST0230,2023-01-01,367.91,Groceries,KwaZulu-Natal,mid,False
TXN02449,CUST0205,2023-01-02,1615.0,Sports,Western Cape,high,False
TXN03581,CUST0295,2023-01-02,4950.94,Electronics,Gauteng,high,False
TXN00276,CUST0023,2023-01-02,3763.67,Electronics,Gauteng,high,False
TXN01599,CUST0142,2023-01-02,520.46,Sports,Gauteng,mid,False
TXN00910,CUST0068,2023-01-03,148.01,Tools,Eastern Cape,low,False
TXN02316,CUST0198,2023-01-03,405.3,Groceries,Eastern Cape,mid,False
TXN03062,CUST0251,2023-01-03,8277.35,Furniture,Gauteng,high,False
TXN04610,CUST0385,2023-01-03,380.17,Tools,KwaZulu-Natal,mid,False
TXN00962,CUST0073,2023-01-03,1268.47,Tools,Gauteng,high,False
TXN00710,CUST0053,2023-01-03,3569.95,Furniture,Limpopo,mid,False
TXN02337,CUST0200,2023-01-03,246.84,Stationery,KwaZulu-Natal,high,False
TXN00261,CUST0022,2023-01-03,78.7,Stationery,Gauteng,low,False
TXN00805,CUST0059,2023-01-04,237.2,Groceries,Gauteng,high,False
TXN02570,CUST0214,2023-01-04,1964.8,Tools,Gauteng,high,False
TXN00052,CUST0005,2023-01-04,572.9,Clothing,Gauteng,mid,False
TXN04356,CUST0364,2023-01-05,105.35,Health & Beauty,Western Cape,low,False
TXN02899,CUST0240,2023-01-05,111.28,Stationery,Gauteng,mid,False
TXN03238,CUST0265,2023-01-05,1052.5,Clothing,Eastern Cape,high,False
TXN03646,CUST0299,2023-01-05,297.3,Health & Beauty,KwaZulu-Natal,mid,False
TXN00751,CUST0056,2023-01-05,2965.04,Furniture,Limpopo,mid,False
TXN01112,CUST0087,2023-01-06,723.12,Groceries,KwaZulu-Natal,high,False
TXN03393,CUST0277,2023-01-06,256.85,Stationery,KwaZulu-Natal,high,False
TXN02070,CUST0180,2023-01-06,6491.43,Furniture,Gauteng,mid,False
TXN03027,CUST0248,2023-01-06,110.93,Stationery,Limpopo,mid,False
TXN01184,CUST0094,2023-01-06,418.67,Sports,Western Cape,mid,False
TXN01838,CUST0158,2023-01-06,210.13,Stationery,KwaZulu-Natal,high,False
TXN00154,CUST0011,2023-01-07,123.6,Stationery,Gauteng,mid,False
TXN02501,CUST0210,2023-01-07,2320.01,Electronics,Gauteng,mid,False
TXN01445,CUST0122,2023-01-07,228.83,Groceries,Eastern Cape,mid,False
TXN02249,CUST0192,2023-01-07,915.29,Sports,Eastern Cape,mid,False
TXN02050,CUST0179,2023-01-07,1156.45,Tools,Limpopo,mid,False
TXN02047,CUST0179,2023-01-07,393.72,Health & Beauty,Limpopo,mid,False
TXN00038,CUST0003,2023-01-07,420.64,Clothing,KwaZulu-Natal,mid,False
TXN03867,CUST0319,2023-01-08,4430.71,Electronics,Gauteng,high,False
TXN02938,CUST0241,2023-01-08,3359.99,Electronics,Limpopo,high,False
TXN03506,CUST0289,2023-01-08,192.42,Tools,Gauteng,low,False
TXN02900,CUST0241,2023-01-08,3832.31,Electronics,Limpopo,high,False
TXN03353,CUST0274,2023-01-08,388.28,Electronics,Eastern Cape,mid,False
TXN04751,CUST0399,2023-01-08,1538.38,Furniture,KwaZulu-Natal,mid,False
TXN02580,CUST0215,2023-01-08,788.75,Sports,KwaZulu-Natal,low,False
TXN00499,CUST0035,2023-01-08,1532.97,Sports,Limpopo,high,False
TXN01031,CUST0080,2023-01-08,108.81,Stationery,Gauteng,mid,False
TXN01282,CUST0103,2023-01-08,149.36,Stationery,Gauteng,mid,False
TXN02625,CUST0218,2023-01-09,604.9128485843506,Stationery,KwaZulu-Natal,mid,True
TXN02084,CUST0181,2023-01-09,2204.28,Electronics,Gauteng,mid,False
TXN02579,CUST0215,2023-01-09,1073.19,Electronics,KwaZulu-Natal,low,False
TXN02363,CUST0200,2023-01-09,260.63,Stationery,KwaZulu-Natal,high,False
TXN03695,CUST0302,2023-01-09,6974.17,Furniture,Western Cape,high,False
TXN01586,CUST0140,2023-01-09,557.38,Health & Beauty,Limpopo,high,False
TXN03936,CUST0325,2023-01-10,783.84,Tools,Limpopo,mid,False
TXN02806,CUST0235,2023-01-10,388.86,Health & Beauty,Gauteng,high,False
TXN04336,CUST0362,2023-01-10,592.44,Clothing,KwaZulu-Natal,mid,False
TXN00224,CUST0017,2023-01-10,222.58,Groceries,Gauteng,mid,False
TXN04319,CUST0361,2023-01-10,179.5,Stationery,Gauteng,mid,False
TXN00781,CUST0057,2023-01-10,6417.71,Furniture,Gauteng,high,False
TXN02447,CUST0205,2023-01-10,3916.51,Electronics,Western Cape,high,False
TXN00286,CUST0023,2023-01-10,1073.76,Sports,Gauteng,high,False
TXN01415,CUST0118,2023-01-10,563.68,Tools,Gauteng,low,False
TXN00679,CUST0050,2023-01-10,6575.87,Furniture,Gauteng,high,False
TXN03220,CUST0265,2023-01-10,4343.17,Electronics,Eastern Cape,high,False
TXN00422,CUST0031,2023-01-10,303.06,Stationery,Western Cape,high,False
TXN02156,CUST0188,2023-01-11,4635.5,Electronics,Western Cape,high,False
TXN00932,CUST0071,2023-01-11,1332.78,Tools,KwaZulu-Natal,high,False
TXN03107,CUST0255,2023-01-11,326.68,Health & Beauty,Gauteng,mid,False
TXN02091,CUST0183,2023-01-11,987.64,Tools,Limpopo,mid,False
TXN01645,CUST0145,2023-01-11,3529.38,Furniture,Gauteng,mid,False
TXN02157,CUST0188,2023-01-12,606.11,Groceries,Western Cape,high,False
TXN01597,CUST0141,2023-01-12,484.55,Electronics,Limpopo,low,False
TXN01209,CUST0097,2023-01-12,173.89,Stationery,Western Cape,mid,False
TXN02197,CUST0189,2023-01-12,7955.71,Furniture,Western Cape,high,False
TXN00318,CUST0025,2023-01-12,3907.12,Electronics,Western Cape,high,False
TXN00196,CUST0016,2023-01-12,158.22,Health & Beauty,Gauteng,mid,False
TXN00427,CUST0031,2023-01-12,4766.27,Electronics,Western Cape,high,False
TXN01244,CUST0098,2023-01-12,591.7,Groceries,Western Cape,high,False
TXN02748,CUST0229,2023-01-12,580.81,Health & Beauty,Eastern Cape,high,False
TXN01875,CUST0163,2023-01-12,451.34,Groceries,KwaZulu-Natal,high,False
TXN03309,CUST0270,2023-01-12,1770.13,Electronics,Gauteng,mid,False
TXN00263,CUST0023,2023-01-12,348.04,Stationery,Gauteng,high,False
TXN03879,CUST0319,2023-01-13,440.86,Health & Beauty,Gauteng,high,False
TXN03056,CUST0251,2023-01-13,424.33,Health & Beauty,Gauteng,high,False
TXN01093,CUST0085,2023-01-13,1031.11,Sports,Gauteng,mid,False
TXN01431,CUST0121,2023-01-13,320.27,Clothing,Eastern Cape,mid,False
TXN04619,CUST0387,2023-01-14,301.33,Groceries,Gauteng,mid,False
TXN04729,CUST0396,2023-01-14,284.44,Sports,Limpopo,low,False
TXN02947,CUST0242,2023-01-14,512.13,Clothing,Limpopo,mid,False
TXN03491,CUST0287,2023-01-14,555.83,Sports,Western Cape,mid,False
TXN01017,CUST0078,2023-01-14,400.91,Groceries,Gauteng,mid,False
TXN00681,CUST0050,2023-01-14,1280.82,Clothing,Gauteng,high,False
TXN01376,CUST0115,2023-01-14,1118.65,Tools,KwaZulu-Natal,high,False
TXN03482,CUST0286,2023-01-15,297.38,Health & Beauty,Gauteng,mid,False
TXN04374,CUST0365,2023-01-15,986.63,Clothing,Limpopo,high,False
TXN00753,CUST0057,2023-01-15,1711.81,Sports,Gauteng,high,False
TXN04187,CUST0350,2023-01-15,283.46,Groceries,KwaZulu-Natal,mid,False
TXN04676,CUST0394,2023-01-15,2801.82,Furniture,KwaZulu-Natal,mid,False
TXN03212,CUST0264,2023-01-15,189.69,Groceries,Western Cape,mid,False
TXN03645,CUST0298,2023-01-15,273.63,Groceries,Gauteng,mid,False
TXN04601,CUST0385,2023-01-15,4588.36,Furniture,KwaZulu-Natal,mid,False
TXN03068,CUST0251,2023-01-16,7428.02,Furniture,Gauteng,high,False
TXN01847,CUST0160,2023-01-16,172.57,Groceries,KwaZulu-Natal,mid,False
TXN01990,CUST0173,2023-01-16,442.96,Sports,Western Cape,mid,False
TXN03743,CUST0304,2023-01-16,317.88,Stationery,KwaZulu-Natal,high,False
TXN03296,CUST0269,2023-01-16,650.35,Tools,Gauteng,mid,False
TXN04252,CUST0355,2023-01-16,396.29,Health & Beauty,Gauteng,high,False
TXN03596,CUST0295,2023-01-16,3691.0,Electronics,Gauteng,high,False
TXN04403,CUST0369,2023-01-16,2306.8,Electronics,Gauteng,mid,False
TXN03274,CUST0267,2023-01-16,1006.8,Tools,KwaZulu-Natal,mid,False
TXN03434,CUST0281,2023-01-16,1936.95,Electronics,Eastern Cape,low,False
TXN03989,CUST0329,2023-01-16,801.33,Sports,Western Cape,mid,False
TXN04674,CUST0393,2023-01-17,360.13,Health & Beauty,Gauteng,mid,False
TXN03770,CUST0305,2023-01-17,367.88,Health & Beauty,KwaZulu-Natal,high,False
TXN03114,CUST0256,2023-01-17,997.91,Sports,Western Cape,high,False
TXN00387,CUST0029,2023-01-17,50.0,Stationery,Western Cape,mid,False
TXN02684,CUST0225,2023-01-17,527.31,Sports,Gauteng,mid,False
TXN00073,CUST0007,2023-01-17,3884.02,Electronics,Gauteng,mid,False
TXN04323,CUST0361,2023-01-17,70.92,Health & Beauty,Gauteng,mid,False
TXN03365,CUST0274,2023-01-17,492.18,Sports,Eastern Cape,mid,False
TXN00079,CUST0007,2023-01-17,658.22,Clothing,Gauteng,mid,False
TXN03825,CUST0312,2023-01-17,132.64,Clothing,Gauteng,mid,False
TXN03999,CUST0330,2023-01-18,304.56,Health & Beauty,Gauteng,mid,False
TXN01922,CUST0164,2023-01-18,1279.62,Clothing,Western Cape,high,False
TXN01715,CUST0149,2023-01-19,2638.86,Electronics,Gauteng,mid,False
TXN04358,CUST0365,2023-01-19,1165.66,Sports,Limpopo,high,False
TXN02776,CUST0233,2023-01-19,979.1,Clothing,Western Cape,mid,False
TXN01010,CUST0077,2023-01-19,481.04,Groceries,KwaZulu-Natal,high,False
TXN04752,CUST0399,2023-01-19,1009.06,Clothing,KwaZulu-Natal,mid,False
TXN01582,CUST0140,2023-01-19,1055.41,Tools,Limpopo,high,False
TXN02629,CUST0218,2023-01-19,2173.84,Electronics,KwaZulu-Natal,mid,False
TXN04137,CUST0344,2023-01-19,1963.97,Furniture,Western Cape,mid,False
TXN01703,CUST0148,2023-01-19,847.38,Sports,Western Cape,mid,False
TXN04363,CUST0365,2023-01-19,487.66,Health & Beauty,Limpopo,high,False
TXN00117,CUST0010,2023-01-20,740.56,Clothing,KwaZulu-Natal,high,False
TXN03519,CUST0290,2023-01-20,558.38,Clothing,Western Cape,mid,False
TXN00435,CUST0031,2023-01-20,3705.71,Electronics,Western Cape,high,False
TXN04444,CUST0373,2023-01-20,582.41,Health & Beauty,Gauteng,high,False
TXN03075,CUST0251,2023-01-21,405.59,Health & Beauty,Gauteng,high,False
TXN04539,CUST0380,2023-01-21,2279.09,Electronics,Gauteng,mid,False
TXN00912,CUST0068,2023-01-21,324.12,Clothing,Eastern Cape,low,False
TXN04475,CUST0374,2023-01-21,309.82,Health & Beauty,KwaZulu-Natal,mid,False
TXN04292,CUST0357,2023-01-22,3302.12,Furniture,Gauteng,mid,False
TXN02096,CUST0183,2023-01-22,143.77,Stationery,Limpopo,mid,False
TXN00655,CUST0048,2023-01-22,193.19,Stationery,Western Cape,low,False
TXN00683,CUST0050,2023-01-22,1107.8,Tools,Gauteng,high,False
TXN03928,CUST0323,2023-01-22,452.21,Health & Beauty,KwaZulu-Natal,high,False
TXN02441,CUST0205,2023-01-23,1166.73,Sports,Western Cape,high,False
TXN02202,CUST0190,2023-01-23,344.33,Groceries,Gauteng,mid,False
TXN03709,CUST0302,2023-01-23,3486.97,Electronics,Western Cape,high,False
TXN03534,CUST0291,2023-01-23,2117.02,Electronics,Gauteng,mid,False
TXN02300,CUST0197,2023-01-23,196.42,Health & Beauty,KwaZulu-Natal,mid,False
TXN02657,CUST0222,2023-01-24,189.24,Stationery,Western Cape,mid,False
TXN04396,CUST0367,2023-01-24,95.1,Stationery,Limpopo,low,False
TXN00207,CUST0016,2023-01-24,6183.44,Furniture,Gauteng,mid,False
TXN03183,CUST0260,2023-01-24,5035.66,Furniture,Gauteng,mid,False
TXN04595,CUST0385,2023-01-24,3356.94,Electronics,KwaZulu-Natal,mid,False
TXN04214,CUST0352,2023-01-25,265.34,Tools,Eastern Cape,low,False
TXN01700,CUST0148,2023-01-25,3259.51,Furniture,Western Cape,mid,False
TXN00345,CUST0025,2023-01-25,240.16,Stationery,Western Cape,high,False
TXN00883,CUST0062,2023-01-25,139.16,Stationery,Gauteng,mid,False
TXN04516,CUST0377,2023-01-25,139.82,Stationery,Eastern Cape,mid,False
TXN01199,CUST0096,2023-01-25,665.5,Tools,Western Cape,mid,False
TXN02664,CUST0223,2023-01-25,375.05,Sports,Gauteng,mid,False
TXN04133,CUST0344,2023-01-25,3245.6,Electronics,Western Cape,mid,False
TXN03560,CUST0293,2023-01-25,579.49,Clothing,Eastern Cape,mid,False
TXN03132,CUST0256,2023-01-26,224.68,Stationery,Western Cape,high,False
TXN02238,CUST0192,2023-01-26,111.1,Groceries,Eastern Cape,mid,False
TXN03126,CUST0256,2023-01-26,906.69,Clothing,Western Cape,high,False
TXN04446,CUST0373,2023-01-26,1079.58,Tools,Gauteng,high,False
TXN00493,CUST0035,2023-01-26,4853.69,Electronics,Limpopo,high,False
TXN01161,CUST0092,2023-01-26,50.0,Health & Beauty,KwaZulu-Natal,mid,False
TXN03228,CUST0265,2023-01-27,361.85,Groceries,Eastern Cape,high,False
TXN03759,CUST0305,2023-01-27,1100.59,Sports,KwaZulu-Natal,high,False
TXN01523,CUST0132,2023-01-27,497.58,Clothing,Gauteng,low,False
TXN03355,CUST0274,2023-01-27,2673.46,Electronics,Eastern Cape,mid,False
TXN00058,CUST0006,2023-01-27,1135.32,Electronics,Gauteng,low,False
TXN01727,CUST0151,2023-01-27,5708.67,Furniture,Eastern Cape,mid,False
TXN03696,CUST0302,2023-01-28,1347.5,Sports,Western Cape,high,False
TXN02269,CUST0194,2023-01-28,2647.94,Furniture,KwaZulu-Natal,mid,False
TXN03553,CUST0293,2023-01-28,112.18,Stationery,Eastern Cape,mid,False
TXN02519,CUST0211,2023-01-28,281.51,Stationery,Western Cape,high,False
TXN00220,CUST0017,2023-01-28,460.36,Clothing,Gauteng,mid,False
TXN03543,CUST0292,2023-01-28,515.98,Sports,Gauteng,mid,False
TXN03748,CUST0304,2023-01-28,1415.24,Tools,KwaZulu-Natal,high,False
TXN03490,CUST0287,2023-01-29,239.38,Tools,Western Cape,mid,False
TXN01348,CUST0113,2023-01-29,76.45,Health & Beauty,Limpopo,low,False
TXN04136,CUST0344,2023-01-29,297.0,Health & Beauty,Western Cape,mid,False
TXN02838,CUST0236,2023-01-29,546.97,Clothing,KwaZulu-Natal,mid,False
TXN02741,CUST0229,2023-01-29,3753.95,Electronics,Eastern Cape,high,False
TXN00002,CUST0001,2023-01-29,1944.48,Tools,Gauteng,high,False
TXN00064,CUST0007,2023-01-29,139.52,Stationery,Gauteng,mid,False
TXN04244,CUST0354,2023-01-30,995.53,Tools,Gauteng,mid,False
TXN01145,CUST0091,2023-01-30,202.45,Groceries,Gauteng,mid,False
TXN04003,CUST0330,2023-01-30,2509.43,Electronics,Gauteng,mid,False
TXN03294,CUST0269,2023-01-30,271.74,Groceries,Gauteng,mid,False
TXN03698,CUST0302,2023-01-30,1321.04,Clothing,Western Cape,high,False
TXN00606,CUST0041,2023-01-30,7707.41,Furniture,Gauteng,high,False
TXN03700,CUST0302,2023-01-30,248.73,Stationery,Western Cape,high,False
TXN04563,CUST0382,2023-01-30,2778.48,Electronics,KwaZulu-Natal,mid,False
TXN04569,CUST0383,2023-01-31,209.35,Health & Beauty,KwaZulu-Natal,mid,False
TXN02572,CUST0214,2023-01-31,612.06,Health & Beauty,Gauteng,high,False
TXN00139,CUST0010,2023-01-31,514.29,Health & Beauty,KwaZulu-Natal,high,False
TXN04723,CUST0395,2023-01-31,1376.83,Tools,Gauteng,high,False
TXN04494,CUST0376,2023-01-31,207.29,Stationery,Gauteng,high,False
TXN03910,CUST0323,2023-01-31,1554.84,Tools,KwaZulu-Natal,high,False
TXN01876,CUST0163,2023-02-01,1074.8,Clothing,KwaZulu-Natal,high,False
TXN02753,CUST0230,2023-02-01,350.87,Health & Beauty,KwaZulu-Natal,mid,False
TXN04116,CUST0342,2023-02-01,836.3,Sports,Western Cape,mid,False
TXN04502,CUST0376,2023-02-01,370.7,Groceries,Gauteng,high,False
TXN02901,CUST0241,2023-02-01,853.95,Sports,Limpopo,high,False
TXN03055,CUST0251,2023-02-01,259.24,Stationery,Gauteng,high,False
TXN00488,CUST0035,2023-02-01,603.57,Health & Beauty,Limpopo,high,False
TXN01060,CUST0083,2023-02-01,2192.76,Electronics,Gauteng,mid,False
TXN03731,CUST0303,2023-02-01,681.74,Clothing,Western Cape,mid,False
TXN00024,CUST0001,2023-02-01,1306.7,Tools,Gauteng,high,False
TXN02591,CUST0217,2023-02-02,3086.55,Electronics,Gauteng,high,False
TXN03834,CUST0314,2023-02-02,3014.49,Electronics,Limpopo,mid,False
TXN04467,CUST0373,2023-02-02,1749.78,Sports,Gauteng,high,False
TXN00155,CUST0011,2023-02-02,1060.57,Tools,Gauteng,mid,False
TXN03993,CUST0330,2023-02-03,181.86,Groceries,Gauteng,mid,False
TXN04648,CUST0391,2023-02-03,683.85,Clothing,Limpopo,mid,False
TXN03188,CUST0261,2023-02-03,1586.38,Electronics,Western Cape,mid,False
TXN00056,CUST0005,2023-02-03,1393.3,Electronics,Gauteng,mid,False
TXN04040,CUST0333,2023-02-03,84.96,Health & Beauty,Gauteng,mid,False
TXN03040,CUST0250,2023-02-03,3277.2,Furniture,Eastern Cape,mid,False
TXN04218,CUST0352,2023-02-04,922.15,Electronics,Eastern Cape,low,False
TXN00205,CUST0016,2023-02-04,129.29,Stationery,Gauteng,mid,False
TXN03367,CUST0275,2023-02-04,3050.95,Electronics,Western Cape,mid,False
TXN03204,CUST0263,2023-02-04,158.03,Health & Beauty,Gauteng,mid,False
TXN04657,CUST0392,2023-02-04,300.42,Groceries,Western Cape,mid,False
TXN03902,CUST0322,2023-02-05,149.51,Stationery,KwaZulu-Natal,mid,False
TXN04390,CUST0366,2023-02-05,352.0,Health & Beauty,Gauteng,mid,False
TXN00304,CUST0024,2023-02-05,705.75,Sports,Gauteng,mid,False
TXN03221,CUST0265,2023-02-05,318.9,Stationery,Eastern Cape,high,False
TXN03822,CUST0312,2023-02-05,228.86,Health & Beauty,Gauteng,mid,False
TXN01685,CUST0147,2023-02-06,319.73,Stationery,Western Cape,high,False
TXN04039,CUST0333,2023-02-06,741.78,Sports,Gauteng,mid,False
TXN03493,CUST0288,2023-02-06,521.47,Sports,Western Cape,mid,False
TXN00128,CUST0010,2023-02-06,6184.26,Furniture,KwaZulu-Natal,high,False
TXN04308,CUST0358,2023-02-07,334.26,Health & Beauty,Western Cape,mid,False
TXN03701,CUST0302,2023-02-07,315.66,Stationery,Western Cape,high,False
TXN00126,CUST0010,2023-02-07,960.11,Sports,KwaZulu-Natal,high,False
TXN04320,CUST0361,2023-02-07,1276.4,Tools,Gauteng,mid,False
TXN01867,CUST0162,2023-02-08,140.01,Stationery,KwaZulu-Natal,mid,False
TXN03469,CUST0286,2023-02-08,345.83,Sports,Gauteng,mid,False
TXN03565,CUST0294,2023-02-08,247.98,Clothing,Gauteng,mid,False
TXN04090,CUST0340,2023-02-08,5950.95,Furniture,Gauteng,mid,False
TXN00075,CUST0007,2023-02-08,338.07,Groceries,Gauteng,mid,False
TXN01327,CUST0110,2023-02-08,2905.16,Electronics,Gauteng,low,False
TXN04380,CUST0365,2023-02-08,1053.9,Clothing,Limpopo,high,False
TXN00406,CUST0030,2023-02-08,4825.19,Electronics,Gauteng,high,False
TXN02932,CUST0241,2023-02-08,249.05,Stationery,Limpopo,high,False
TXN04285,CUST0357,2023-02-08,733.83,Tools,Gauteng,mid,False
TXN01061,CUST0083,2023-02-09,3968.0,Furniture,Gauteng,mid,False
TXN00506,CUST0035,2023-02-09,1479.34,Tools,Limpopo,high,False
TXN01767,CUST0156,2023-02-09,291.2,Tools,Gauteng,mid,False
TXN03088,CUST0253,2023-02-09,936.68,Sports,Eastern Cape,mid,False
TXN00803,CUST0059,2023-02-09,582.52,Health & Beauty,Gauteng,high,False
TXN01643,CUST0144,2023-02-09,2219.61,Furniture,Gauteng,mid,False
TXN04274,CUST0355,2023-02-09,1357.95,Tools,Gauteng,high,False
TXN00980,CUST0074,2023-02-09,50.0,Stationery,Eastern Cape,low,False
TXN04131,CUST0343,2023-02-09,1592.92,Electronics,Gauteng,low,False
TXN00131,CUST0010,2023-02-09,1274.94,Clothing,KwaZulu-Natal,high,False
TXN00609,CUST0041,2023-02-10,457.68,Health & Beauty,Gauteng,high,False
TXN00522,CUST0037,2023-02-10,470.96,Groceries,Gauteng,high,False
TXN01294,CUST0105,2023-02-11,524.83,Groceries,Eastern Cape,mid,False
TXN00074,CUST0007,2023-02-11,2138.19,Electronics,Gauteng,mid,False
TXN02763,CUST0230,2023-02-11,135.44,Stationery,KwaZulu-Natal,mid,False
TXN04469,CUST0373,2023-02-11,5673.67,Electronics,Gauteng,high,False
TXN04369,CUST0365,2023-02-11,730.09,Clothing,Limpopo,high,False
TXN03123,CUST0256,2023-02-11,629.22,Groceries,Western Cape,high,False
TXN03786,CUST0307,2023-02-11,335.34,Sports,Western Cape,mid,False
TXN02259,CUST0193,2023-02-11,225.74,Stationery,Eastern Cape,mid,False
TXN02235,CUST0191,2023-02-11,5593.87,Furniture,Gauteng,high,False
TXN04220,CUST0353,2023-02-11,112.75,Stationery,KwaZulu-Natal,mid,False
TXN03746,CUST0304,2023-02-12,4541.58,Electronics,KwaZulu-Natal,high,False
TXN01270,CUST0102,2023-02-12,2752.91,Electronics,KwaZulu-Natal,mid,False
TXN02220,CUST0191,2023-02-12,707.45,Clothing,Gauteng,high,False
TXN04510,CUST0376,2023-02-12,1132.32,Clothing,Gauteng,high,False
TXN01289,CUST0104,2023-02-12,172.21,Groceries,Western Cape,low,False
TXN02950,CUST0243,2023-02-12,289.93,Health & Beauty,Eastern Cape,mid,False
TXN02287,CUST0196,2023-02-12,466.57,Clothing,Gauteng,mid,False
TXN00265,CUST0023,2023-02-12,1548.59,Sports,Gauteng,high,False
TXN02336,CUST0200,2023-02-12,1342.0,Sports,KwaZulu-Natal,high,False
TXN01026,CUST0079,2023-02-12,91.13,Health & Beauty,Gauteng,low,False
TXN03965,CUST0327,2023-02-12,189.14,Stationery,Western Cape,high,False
TXN00078,CUST0007,2023-02-13,405.73,Groceries,Gauteng,mid,False
TXN02658,CUST0222,2023-02-13,332.69,Groceries,Western Cape,mid,False
TXN00774,CUST0057,2023-02-13,4250.61,Electronics,Gauteng,high,False
TXN03828,CUST0313,2023-02-13,92.08,Groceries,Gauteng,mid,False
TXN03374,CUST0276,2023-02-13,53.19,Groceries,Western Cape,low,False
TXN02427,CUST0205,2023-02-13,293.47,Stationery,Western Cape,high,False
TXN00735,CUST0055,2023-02-14,1432.22,Tools,Western Cape,high,False
TXN02880,CUST0239,2023-02-14,50.0,Sports,KwaZulu-Natal,mid,False
TXN03597,CUST0295,2023-02-14,3792.56,Electronics,Gauteng,high,False
TXN03047,CUST0251,2023-02-14,180.13,Stationery,Gauteng,high,False
TXN04278,CUST0355,2023-02-14,3609.5,Electronics,Gauteng,high,False
TXN02142,CUST0187,2023-02-14,6919.17,Furniture,Eastern Cape,high,False
TXN01035,CUST0080,2023-02-14,268.12,Groceries,Gauteng,mid,False
TXN01522,CUST0131,2023-02-14,494.2,Electronics,Western Cape,low,False
TXN03137,CUST0256,2023-02-15,524.79,Health & Beauty,Western Cape,high,False
TXN04184,CUST0348,2023-02-15,392.77,Clothing,Gauteng,mid,False
TXN00180,CUST0015,2023-02-15,550.22,Sports,Gauteng,mid,False
TXN04014,CUST0331,2023-02-15,372.37,Groceries,Gauteng,mid,False
TXN03060,CUST0251,2023-02-15,1666.52,Tools,Gauteng,high,False
TXN01560,CUST0138,2023-02-15,1109.05,Tools,KwaZulu-Natal,mid,False
TXN02109,CUST0184,2023-02-16,264.35,Health & Beauty,Eastern Cape,mid,False
TXN03567,CUST0294,2023-02-16,3888.76,Furniture,Gauteng,mid,False
TXN02036,CUST0177,2023-02-16,522.99,Health & Beauty,KwaZulu-Natal,high,False
TXN04089,CUST0339,2023-02-16,147.64,Stationery,Western Cape,mid,False
TXN02322,CUST0199,2023-02-16,686.98,Tools,Eastern Cape,mid,False
TXN00448,CUST0033,2023-02-16,524.04,Groceries,Gauteng,mid,False
TXN03024,CUST0248,2023-02-16,54.46,Stationery,Limpopo,mid,False
TXN01194,CUST0095,2023-02-16,4773.97,Furniture,KwaZulu-Natal,mid,False
TXN03313,CUST0270,2023-02-17,344.75,Health & Beauty,Gauteng,mid,False
TXN03771,CUST0305,2023-02-17,1833.09,Tools,KwaZulu-Natal,high,False
TXN04248,CUST0355,2023-02-17,4413.79,Electronics,Gauteng,high,False
TXN01048,CUST0082,2023-02-18,2840.28,Furniture,KwaZulu-Natal,mid,False
TXN01559,CUST0138,2023-02-18,301.81,Health & Beauty,KwaZulu-Natal,mid,False
TXN04753,CUST0399,2023-02-18,984.11,Sports,KwaZulu-Natal,mid,False
TXN00959,CUST0073,2023-02-18,298.33,Stationery,Gauteng,high,False
TXN00454,CUST0033,2023-02-18,74.5,Stationery,Gauteng,mid,False
TXN03619,CUST0296,2023-02-18,574.74,Tools,Western Cape,mid,False
TXN01780,CUST0157,2023-02-18,6275.47,Furniture,KwaZulu-Natal,high,False
TXN00858,CUST0061,2023-02-19,859.26,Sports,Gauteng,high,False
TXN00761,CUST0057,2023-02-19,683.82,Groceries,Gauteng,high,False
TXN00289,CUST0023,2023-02-19,1092.75,Sports,Gauteng,high,False
TXN01464,CUST0126,2023-02-19,631.46,Tools,Western Cape,mid,False
TXN03623,CUST0297,2023-02-19,249.81,Tools,KwaZulu-Natal,mid,False
TXN01227,CUST0098,2023-02-19,1067.72,Clothing,Western Cape,high,False
TXN00270,CUST0023,2023-02-20,501.22,Health & Beauty,Gauteng,high,False
TXN02898,CUST0240,2023-02-20,205.55,Groceries,Gauteng,mid,False
TXN02422,CUST0205,2023-02-20,612.11,Groceries,Western Cape,high,False
TXN01675,CUST0147,2023-02-20,607.67,Groceries,Western Cape,high,False
TXN00034,CUST0003,2023-02-20,671.45,Electronics,KwaZulu-Natal,mid,False
TXN03249,CUST0266,2023-02-20,291.22,Sports,KwaZulu-Natal,mid,False
TXN03722,CUST0303,2023-02-21,81.6,Stationery,Western Cape,mid,False
TXN01298,CUST0105,2023-02-21,861.08,Tools,Eastern Cape,mid,False
TXN02364,CUST0200,2023-02-21,3401.06,Electronics,KwaZulu-Natal,high,False
TXN01888,CUST0163,2023-02-21,213.21,Stationery,KwaZulu-Natal,high,False
TXN02944,CUST0242,2023-02-21,351.66,Health & Beauty,Limpopo,mid,False
TXN02113,CUST0184,2023-02-21,184.26,Groceries,Eastern Cape,mid,False
TXN03990,CUST0329,2023-02-22,427.66,Groceries,Western Cape,mid,False
TXN04592,CUST0384,2023-02-22,774.62,Clothing,Eastern Cape,mid,False
TXN03471,CUST0286,2023-02-22,4070.63,Furniture,Gauteng,mid,False
TXN00716,CUST0053,2023-02-22,603.29,Clothing,Limpopo,mid,False
TXN00044,CUST0005,2023-02-22,1895.11,Furniture,Gauteng,mid,False
TXN02136,CUST0186,2023-02-23,3905.42,Furniture,KwaZulu-Natal,mid,False
TXN04421,CUST0371,2023-02-24,1166.14,Clothing,Gauteng,high,False
TXN00728,CUST0055,2023-02-24,768.34,Clothing,Western Cape,high,False
TXN01706,CUST0149,2023-02-24,3385.2,Furniture,Gauteng,mid,False
TXN01689,CUST0147,2023-02-24,619.62,Clothing,Western Cape,high,False
TXN03847,CUST0315,2023-02-24,353.52,Groceries,Eastern Cape,mid,False
TXN03955,CUST0327,2023-02-24,1572.43,Tools,Western Cape,high,False
TXN02595,CUST0217,2023-02-25,1241.23,Clothing,Gauteng,high,False
TXN03435,CUST0281,2023-02-25,207.19,Health & Beauty,Eastern Cape,low,False
TXN01859,CUST0160,2023-02-25,225.4,Groceries,KwaZulu-Natal,mid,False
TXN00355,CUST0026,2023-02-25,200.13,Health & Beauty,KwaZulu-Natal,mid,False
TXN02198,CUST0190,2023-02-26,277.65,Health & Beauty,Gauteng,mid,False
TXN00434,CUST0031,2023-02-26,323.33,Stationery,Western Cape,high,False
TXN01702,CUST0148,2023-02-26,878.3444011722974,Stationery,Western Cape,mid,True
TXN01719,CUST0150,2023-02-26,50.0,Groceries,Gauteng,low,False
TXN01616,CUST0143,2023-02-26,2966.42,Furniture,Western Cape,mid,False
TXN03826,CUST0312,2023-02-27,669.59,Clothing,Gauteng,mid,False
TXN02056,CUST0179,2023-02-27,1456.79,Electronics,Limpopo,mid,False
TXN01087,CUST0085,2023-02-27,423.58,Sports,Gauteng,mid,False
TXN01959,CUST0168,2023-02-27,187.75,Stationery,Gauteng,mid,False
TXN00789,CUST0058,2023-02-27,253.67,Clothing,Gauteng,mid,False
TXN03320,CUST0271,2023-02-27,455.6,Tools,Eastern Cape,mid,False
TXN02821,CUST0235,2023-02-28,468.07,Groceries,Gauteng,high,False
TXN01671,CUST0147,2023-02-28,2688.78,Electronics,Western Cape,high,False
TXN02660,CUST0222,2023-02-28,3398.89,Furniture,Western Cape,mid,False
TXN01871,CUST0162,2023-02-28,2769.97,Electronics,KwaZulu-Natal,mid,False
TXN00234,CUST0018,2023-02-28,88.46,Stationery,Western Cape,mid,False
TXN03290,CUST0268,2023-03-01,617.47,Clothing,KwaZulu-Natal,mid,False
TXN03254,CUST0266,2023-03-01,299.76,Groceries,KwaZulu-Natal,mid,False
TXN04642,CUST0389,2023-03-01,217.93,Health & Beauty,KwaZulu-Natal,mid,False
TXN00109,CUST0009,2023-03-02,75.3,Stationery,Western Cape,low,False
TXN00895,CUST0065,2023-03-02,484.94,Clothing,Gauteng,low,False
TXN00917,CUST0069,2023-03-02,257.19,Health & Beauty,Gauteng,mid,False
TXN03350,CUST0274,2023-03-02,3120.89,Electronics,Eastern Cape,mid,False
TXN02781,CUST0234,2023-03-02,5709.56,Furniture,Western Cape,mid,False
TXN01513,CUST0129,2023-03-02,1586.17,Tools,Gauteng,high,False
TXN02533,CUST0211,2023-03-02,1544.71,Tools,Western Cape,high,False
TXN03113,CUST0256,2023-03-02,6205.82,Electronics,Western Cape,high,False
TXN02483,CUST0208,2023-03-02,609.8,Clothing,KwaZulu-Natal,mid,False
TXN02742,CUST0229,2023-03-02,228.23,Stationery,Eastern Cape,high,False
TXN04593,CUST0384,2023-03-03,166.62,Health & Beauty,Eastern Cape,mid,False
TXN03160,CUST0258,2023-03-03,7162.56,Furniture,KwaZulu-Natal,mid,False
TXN00119,CUST0010,2023-03-03,4882.89,Electronics,KwaZulu-Natal,high,False
TXN02110,CUST0184,2023-03-03,259.69,Stationery,Eastern Cape,mid,False
TXN00111,CUST0010,2023-03-03,294.57,Stationery,KwaZulu-Natal,high,False
TXN03356,CUST0274,2023-03-03,1095.56,Tools,Eastern Cape,mid,False
TXN01884,CUST0163,2023-03-03,1589.3,Clothing,KwaZulu-Natal,high,False
TXN02552,CUST0214,2023-03-03,461.96,Health & Beauty,Gauteng,high,False
TXN02750,CUST0229,2023-03-03,397.3,Stationery,Eastern Cape,high,False
TXN02492,CUST0209,2023-03-04,1006.88,Sports,Gauteng,mid,False
TXN01388,CUST0116,2023-03-05,435.68,Health & Beauty,Eastern Cape,high,False
TXN00174,CUST0014,2023-03-05,271.18,Stationery,Gauteng,mid,False
TXN01945,CUST0167,2023-03-05,435.89,Groceries,Gauteng,mid,False
TXN00641,CUST0045,2023-03-05,194.64,Groceries,Gauteng,low,False
TXN04384,CUST0365,2023-03-06,1211.23,Clothing,Limpopo,high,False
TXN01514,CUST0129,2023-03-06,7879.86,Furniture,Gauteng,high,False
TXN03329,CUST0272,2023-03-06,50.0,Groceries,Eastern Cape,low,False
TXN00369,CUST0026,2023-03-06,167.2,Stationery,KwaZulu-Natal,mid,False
TXN01801,CUST0157,2023-03-07,633.42,Groceries,KwaZulu-Natal,high,False
TXN04401,CUST0369,2023-03-07,5735.5,Furniture,Gauteng,mid,False
TXN02347,CUST0200,2023-03-07,1786.22,Tools,KwaZulu-Natal,high,False
TXN03478,CUST0286,2023-03-07,929.02,Sports,Gauteng,mid,False
TXN01773,CUST0156,2023-03-07,884.8,Tools,Gauteng,mid,False
TXN02029,CUST0177,2023-03-08,7694.99,Furniture,KwaZulu-Natal,high,False
TXN03226,CUST0265,2023-03-08,1372.41,Sports,Eastern Cape,high,False
TXN01422,CUST0120,2023-03-08,685.0,Sports,Western Cape,mid,False
TXN02518,CUST0211,2023-03-09,1669.33,Clothing,Western Cape,high,False
TXN01568,CUST0139,2023-03-09,154.55,Stationery,Gauteng,mid,False
TXN03175,CUST0260,2023-03-09,224.27,Stationery,Gauteng,mid,False
TXN03344,CUST0273,2023-03-09,1718.37,Tools,Eastern Cape,high,False
TXN03122,CUST0256,2023-03-09,8641.52,Furniture,Western Cape,high,False
TXN00884,CUST0062,2023-03-09,299.87,Health & Beauty,Gauteng,mid,False
TXN02023,CUST0177,2023-03-10,8235.85,Furniture,KwaZulu-Natal,high,False
TXN04298,CUST0358,2023-03-10,1516.55,Electronics,Western Cape,mid,False
TXN01418,CUST0120,2023-03-10,217.69,Health & Beauty,Western Cape,mid,False
TXN00068,CUST0007,2023-03-10,803.9,Sports,Gauteng,mid,False
TXN00857,CUST0061,2023-03-10,1383.65,Tools,Gauteng,high,False
TXN02825,CUST0235,2023-03-10,1301.83,Tools,Gauteng,high,False
TXN03244,CUST0265,2023-03-11,1252.42,Tools,Eastern Cape,high,False
TXN01414,CUST0117,2023-03-11,1159.12,Sports,Eastern Cape,mid,False
TXN04191,CUST0350,2023-03-11,961.24,Tools,KwaZulu-Natal,mid,False
TXN00306,CUST0024,2023-03-11,1748.19,Electronics,Gauteng,mid,False
TXN00428,CUST0031,2023-03-11,1634.52,Sports,Western Cape,high,False
TXN02640,CUST0220,2023-03-11,266.88,Clothing,Eastern Cape,low,False
TXN01137,CUST0091,2023-03-11,2594.47,Electronics,Gauteng,mid,False
TXN01321,CUST0108,2023-03-12,228.44,Tools,KwaZulu-Natal,low,False
TXN03011,CUST0247,2023-03-12,679.54,Tools,Western Cape,mid,False
TXN01495,CUST0129,2023-03-12,1521.73,Sports,Gauteng,high,False
TXN01564,CUST0139,2023-03-12,4441.28,Electronics,Gauteng,mid,False
TXN03440,CUST0282,2023-03-12,4645.49,Electronics,Gauteng,mid,False
TXN01214,CUST0097,2023-03-12,103.84,Stationery,Western Cape,mid,False
TXN02262,CUST0193,2023-03-12,887.53,Sports,Eastern Cape,mid,False
TXN01656,CUST0146,2023-03-12,504.85,Sports,Gauteng,mid,False
TXN04534,CUST0379,2023-03-12,174.58,Electronics,Eastern Cape,low,False
TXN03378,CUST0277,2023-03-12,6687.23,Furniture,KwaZulu-Natal,high,False
TXN03261,CUST0266,2023-03-12,4882.1,Furniture,KwaZulu-Natal,mid,False
TXN01157,CUST0092,2023-03-13,246.45,Stationery,KwaZulu-Natal,mid,False
TXN04085,CUST0339,2023-03-13,694.57,Sports,Western Cape,mid,False
TXN04480,CUST0374,2023-03-13,786.49,Clothing,KwaZulu-Natal,mid,False
TXN01102,CUST0087,2023-03-13,510.98,Groceries,KwaZulu-Natal,high,False
TXN02380,CUST0203,2023-03-13,826.64,Clothing,Gauteng,mid,False
TXN03628,CUST0297,2023-03-13,1003.96,Tools,KwaZulu-Natal,mid,False
TXN00501,CUST0035,2023-03-13,438.73,Health & Beauty,Limpopo,high,False
TXN01425,CUST0120,2023-03-14,7557.45,Furniture,Western Cape,mid,False
TXN00833,CUST0060,2023-03-14,336.1,Stationery,Gauteng,high,False
TXN04478,CUST0374,2023-03-14,832.54,Tools,KwaZulu-Natal,mid,False
TXN03372,CUST0275,2023-03-14,738.4,Clothing,Western Cape,mid,False
TXN03674,CUST0300,2023-03-14,920.67,Sports,Gauteng,mid,False
TXN00338,CUST0025,2023-03-14,641.44,Health & Beauty,Western Cape,high,False
TXN00455,CUST0033,2023-03-15,496.04,Sports,Gauteng,mid,False
TXN04560,CUST0382,2023-03-15,3010.48,Electronics,KwaZulu-Natal,mid,False
TXN01403,CUST0116,2023-03-16,1399.32,Tools,Eastern Cape,high,False
TXN04212,CUST0351,2023-03-16,7976.43,Furniture,Western Cape,high,False
TXN00054,CUST0005,2023-03-16,665.97,Tools,Gauteng,mid,False
TXN04508,CUST0376,2023-03-16,983.87,Clothing,Gauteng,high,False
TXN03399,CUST0277,2023-03-16,554.58,Groceries,KwaZulu-Natal,high,False
TXN01655,CUST0146,2023-03-16,1091.12,Clothing,Gauteng,mid,False
TXN00687,CUST0050,2023-03-16,3950.06,Electronics,Gauteng,high,False
TXN01810,CUST0157,2023-03-17,9234.91,Furniture,KwaZulu-Natal,high,False
TXN04573,CUST0383,2023-03-17,1424.49,Electronics,KwaZulu-Natal,mid,False
TXN01378,CUST0116,2023-03-17,530.22,Health & Beauty,Eastern Cape,high,False
TXN04719,CUST0395,2023-03-17,521.75,Health & Beauty,Gauteng,high,False
TXN03368,CUST0275,2023-03-17,1730.69,Tools,Western Cape,mid,False
TXN02359,CUST0200,2023-03-17,1400.26,Tools,KwaZulu-Natal,high,False
TXN02767,CUST0231,2023-03-18,460.68,Sports,KwaZulu-Natal,low,False
TXN03576,CUST0295,2023-03-18,1311.33,Tools,Gauteng,high,False
TXN04749,CUST0399,2023-03-18,506.76,Sports,KwaZulu-Natal,mid,False
TXN02326,CUST0199,2023-03-18,1127.42,Sports,Eastern Cape,mid,False
TXN02329,CUST0200,2023-03-18,806.84,Clothing,KwaZulu-Natal,high,False
TXN02921,CUST0241,2023-03-18,9709.28,Furniture,Limpopo,high,False
TXN04047,CUST0334,2023-03-18,320.93,Health & Beauty,Gauteng,mid,False
TXN03456,CUST0284,2023-03-18,820.27,Clothing,Gauteng,mid,False
TXN03077,CUST0252,2023-03-19,689.48,Tools,Gauteng,mid,False
TXN02984,CUST0245,2023-03-19,1127.01,Clothing,Gauteng,high,False
TXN00841,CUST0060,2023-03-19,1452.52,Clothing,Gauteng,high,False
TXN01451,CUST0123,2023-03-19,154.47,Groceries,Gauteng,low,False
TXN03462,CUST0284,2023-03-19,1483.24,Tools,Gauteng,mid,False
TXN04728,CUST0396,2023-03-19,50.0,Stationery,Limpopo,low,False
TXN03994,CUST0330,2023-03-19,839.52,Tools,Gauteng,mid,False
TXN03432,CUST0280,2023-03-20,383.22,Sports,KwaZulu-Natal,low,False
TXN00381,CUST0029,2023-03-20,2585.6,Electronics,Western Cape,mid,False
TXN03559,CUST0293,2023-03-20,3398.81,Electronics,Eastern Cape,mid,False
TXN04042,CUST0334,2023-03-20,164.81,Stationery,Gauteng,mid,False
TXN01979,CUST0171,2023-03-20,788.66,Electronics,KwaZulu-Natal,mid,False
TXN02083,CUST0181,2023-03-20,7196.34,Furniture,Gauteng,mid,False
TXN04671,CUST0393,2023-03-20,4764.43,Furniture,Gauteng,mid,False
TXN04355,CUST0364,2023-03-20,50.0,Stationery,Western Cape,low,False
TXN00356,CUST0026,2023-03-21,688.16,Sports,KwaZulu-Natal,mid,False
TXN02504,CUST0210,2023-03-21,306.63,Groceries,Gauteng,mid,False
TXN02160,CUST0188,2023-03-21,4718.33,Electronics,Western Cape,high,False
TXN01677,CUST0147,2023-03-21,4913.05,Electronics,Western Cape,high,False
TXN00598,CUST0041,2023-03-22,4694.85,Electronics,Gauteng,high,False
TXN01716,CUST0149,2023-03-22,272.93,Health & Beauty,Gauteng,mid,False
TXN04515,CUST0376,2023-03-22,617.77,Groceries,Gauteng,high,False
TXN02491,CUST0209,2023-03-22,219.87,Stationery,Gauteng,mid,False
TXN03991,CUST0329,2023-03-22,1096.11,Sports,Western Cape,mid,False
TXN03129,CUST0256,2023-03-22,1352.86,Tools,Western Cape,high,False
TXN01518,CUST0131,2023-03-22,50.0,Stationery,Western Cape,low,False
TXN00868,CUST0061,2023-03-23,1027.6,Clothing,Gauteng,high,False
TXN02747,CUST0229,2023-03-23,1272.53,Sports,Eastern Cape,high,False
TXN04718,CUST0395,2023-03-23,1633.73,Tools,Gauteng,high,False
TXN04394,CUST0366,2023-03-23,1366.85,Electronics,Gauteng,mid,False
TXN03776,CUST0305,2023-03-23,1412.17,Tools,KwaZulu-Natal,high,False
TXN00140,CUST0010,2023-03-23,8130.92,Furniture,KwaZulu-Natal,high,False
TXN00650,CUST0047,2023-03-23,2765.06,Furniture,Gauteng,low,False
TXN04464,CUST0373,2023-03-23,4009.59,Electronics,Gauteng,high,False
TXN04291,CUST0357,2023-03-24,199.91,Stationery,Gauteng,mid,False
TXN02357,CUST0200,2023-03-24,3341.5,Electronics,KwaZulu-Natal,high,False
TXN00541,CUST0038,2023-03-24,493.89,Tools,Gauteng,low,False
TXN04449,CUST0373,2023-03-24,940.64,Clothing,Gauteng,high,False
TXN03448,CUST0283,2023-03-24,375.73,Tools,Gauteng,mid,False
TXN00596,CUST0041,2023-03-25,1662.96,Tools,Gauteng,high,False
TXN01583,CUST0140,2023-03-25,749.15,Groceries,Limpopo,high,False
TXN02620,CUST0217,2023-03-25,370.77,Stationery,Gauteng,high,False
TXN00019,CUST0001,2023-03-25,4392.89,Electronics,Gauteng,high,False
TXN00591,CUST0041,2023-03-25,5017.54,Electronics,Gauteng,high,False
TXN00219,CUST0017,2023-03-25,737.0,Clothing,Gauteng,mid,False
TXN03545,CUST0293,2023-03-25,1334.55,Tools,Eastern Cape,mid,False
TXN01827,CUST0158,2023-03-25,362.76,Stationery,KwaZulu-Natal,high,False
TXN01764,CUST0155,2023-03-25,113.83,Health & Beauty,Limpopo,low,False
TXN01341,CUST0112,2023-03-26,357.42,Health & Beauty,Gauteng,mid,False
TXN04439,CUST0373,2023-03-26,368.13,Stationery,Gauteng,high,False
TXN04739,CUST0398,2023-03-26,4218.26,Furniture,Western Cape,mid,False
TXN01692,CUST0148,2023-03-26,1150.14,Tools,Western Cape,mid,False
TXN04433,CUST0372,2023-03-26,230.76,Health & Beauty,Gauteng,low,False
TXN04626,CUST0388,2023-03-27,342.05,Health & Beauty,Gauteng,mid,False
TXN02128,CUST0186,2023-03-27,388.51,Health & Beauty,KwaZulu-Natal,mid,False
TXN03946,CUST0327,2023-03-27,891.44,Clothing,Western Cape,high,False
TXN02007,CUST0175,2023-03-27,145.15,Groceries,KwaZulu-Natal,low,False
TXN02021,CUST0177,2023-03-27,277.42,Stationery,KwaZulu-Natal,high,False
TXN00084,CUST0008,2023-03-27,1268.13,Clothing,Eastern Cape,high,False
TXN04178,CUST0348,2023-03-28,487.26,Health & Beauty,Gauteng,mid,False
TXN03085,CUST0253,2023-03-28,864.6,Tools,Eastern Cape,mid,False
TXN00626,CUST0043,2023-03-28,942.97,Tools,Gauteng,mid,False
TXN00385,CUST0029,2023-03-28,450.77,Groceries,Western Cape,mid,False
TXN04413,CUST0371,2023-03-28,4109.13,Electronics,Gauteng,high,False
TXN00909,CUST0068,2023-03-29,1332.62,Furniture,Eastern Cape,low,False
TXN02479,CUST0208,2023-03-29,673.81,Sports,KwaZulu-Natal,mid,False
TXN00036,CUST0003,2023-03-29,1051.43,Tools,KwaZulu-Natal,mid,False
TXN02943,CUST0242,2023-03-29,157.01,Groceries,Limpopo,mid,False
TXN03266,CUST0267,2023-03-29,280.45,Health & Beauty,KwaZulu-Natal,mid,False
TXN02346,CUST0200,2023-03-29,5034.57,Electronics,KwaZulu-Natal,high,False
TXN01623,CUST0143,2023-03-29,694.37,Sports,Western Cape,mid,False
TXN03039,CUST0250,2023-03-29,6737.52,Furniture,Eastern Cape,mid,False
TXN01059,CUST0082,2023-03-30,811.79,Sports,KwaZulu-Natal,mid,False
TXN00250,CUST0019,2023-03-30,665.4,Sports,Western Cape,mid,False
TXN00121,CUST0010,2023-03-30,2811.47,Electronics,KwaZulu-Natal,high,False
TXN00083,CUST0008,2023-03-30,8974.95,Furniture,Eastern Cape,high,False
TXN00546,CUST0040,2023-03-30,1424.49,Tools,Western Cape,high,False
TXN01428,CUST0121,2023-03-30,373.79,Health & Beauty,Eastern Cape,mid,False
TXN04606,CUST0385,2023-03-31,144.17,Health & Beauty,KwaZulu-Natal,mid,False
TXN04094,CUST0340,2023-03-31,50.0,Health & Beauty,Gauteng,mid,False
TXN02099,CUST0183,2023-03-31,519.02,Sports,Limpopo,mid,False
TXN02451,CUST0205,2023-04-01,548.2,Health & Beauty,Western Cape,high,False
TXN03659,CUST0299,2023-04-01,841.3,Tools,KwaZulu-Natal,mid,False
TXN00975,CUST0073,2023-04-02,3803.88,Electronics,Gauteng,high,False
TXN02882,CUST0239,2023-04-02,1081.27,Tools,KwaZulu-Natal,mid,False
TXN03761,CUST0305,2023-04-02,679.99,Groceries,KwaZulu-Natal,high,False
TXN02845,CUST0237,2023-04-02,916.1,Sports,Gauteng,mid,False
TXN02685,CUST0225,2023-04-02,294.36,Groceries,Gauteng,mid,False
TXN03180,CUST0260,2023-04-03,555.66,Clothing,Gauteng,mid,False
TXN00940,CUST0071,2023-04-03,1403.0,Sports,KwaZulu-Natal,high,False
TXN02839,CUST0236,2023-04-03,1814.47,Electronics,KwaZulu-Natal,mid,False
TXN03331,CUST0273,2023-04-04,1411.84,Clothing,Eastern Cape,high,False
TXN03524,CUST0290,2023-04-05,653.3,Tools,Western Cape,mid,False
TXN00343,CUST0025,2023-04-05,1481.63,Tools,Western Cape,high,False
TXN04414,CUST0371,2023-04-05,1126.63,Clothing,Gauteng,high,False
TXN03795,CUST0309,2023-04-05,878.09,Clothing,KwaZulu-Natal,mid,False
TXN03865,CUST0319,2023-04-05,1029.36,Sports,Gauteng,high,False
TXN03081,CUST0252,2023-04-05,3656.37,Electronics,Gauteng,mid,False
TXN01463,CUST0126,2023-04-05,1999.24,Electronics,Western Cape,mid,False
TXN01248,CUST0098,2023-04-06,282.43,Stationery,Western Cape,high,False
TXN02306,CUST0197,2023-04-06,823.97,Tools,KwaZulu-Natal,mid,False
TXN04260,CUST0355,2023-04-06,519.53,Health & Beauty,Gauteng,high,False
TXN00829,CUST0060,2023-04-06,638.41,Health & Beauty,Gauteng,high,False
TXN03978,CUST0329,2023-04-06,677.74,Tools,Western Cape,mid,False
TXN00966,CUST0073,2023-04-06,578.41,Groceries,Gauteng,high,False
TXN01798,CUST0157,2023-04-07,1578.35,Tools,KwaZulu-Natal,high,False
TXN01486,CUST0128,2023-04-07,2393.29,Electronics,Eastern Cape,mid,False
TXN04360,CUST0365,2023-04-07,8766.21,Furniture,Limpopo,high,False
TXN04570,CUST0383,2023-04-07,2532.01,Electronics,KwaZulu-Natal,mid,False
TXN00921,CUST0069,2023-04-07,2440.16,Electronics,Gauteng,mid,False
TXN04544,CUST0380,2023-04-07,726.33,Sports,Gauteng,mid,False
TXN03167,CUST0259,2023-04-07,211.01,Groceries,Western Cape,mid,False
TXN00377,CUST0029,2023-04-07,678.38,Clothing,Western Cape,mid,False
TXN02766,CUST0230,2023-04-07,432.67,Health & Beauty,KwaZulu-Natal,mid,False
TXN00494,CUST0035,2023-04-07,1238.06,Clothing,Limpopo,high,False
TXN01100,CUST0087,2023-04-08,1350.27,Sports,KwaZulu-Natal,high,False
TXN00091,CUST0008,2023-04-08,510.46,Groceries,Eastern Cape,high,False
TXN01470,CUST0127,2023-04-08,430.67,Clothing,Eastern Cape,mid,False
TXN02980,CUST0245,2023-04-08,1838.32,Sports,Gauteng,high,False
TXN00484,CUST0034,2023-04-08,1556.62,Sports,Limpopo,high,False
TXN01043,CUST0081,2023-04-08,443.34,Clothing,Eastern Cape,mid,False
TXN00067,CUST0007,2023-04-08,358.47,Health & Beauty,Gauteng,mid,False
TXN04575,CUST0383,2023-04-08,728.96,Tools,KwaZulu-Natal,mid,False
TXN01339,CUST0112,2023-04-08,169.2,Stationery,Gauteng,mid,False
TXN01200,CUST0096,2023-04-09,244.38,Groceries,Western Cape,mid,False
TXN02934,CUST0241,2023-04-09,4803.07,Furniture,Limpopo,high,False
TXN03699,CUST0302,2023-04-09,803.84,Groceries,Western Cape,high,False
TXN04176,CUST0348,2023-04-10,136.66,Stationery,Gauteng,mid,False
TXN00708,CUST0052,2023-04-10,282.65,Stationery,KwaZulu-Natal,mid,False
TXN00706,CUST0052,2023-04-10,185.62,Health & Beauty,KwaZulu-Natal,mid,False
TXN00838,CUST0060,2023-04-10,935.49,Sports,Gauteng,high,False
TXN00701,CUST0052,2023-04-11,902.15,Tools,KwaZulu-Natal,mid,False
TXN02998,CUST0245,2023-04-11,464.34,Health & Beauty,Gauteng,high,False
TXN00358,CUST0026,2023-04-11,371.08,Health & Beauty,KwaZulu-Natal,mid,False
TXN01958,CUST0168,2023-04-11,178.07,Stationery,Gauteng,mid,False
TXN02399,CUST0204,2023-04-11,1139.88,Sports,Eastern Cape,high,False
TXN02686,CUST0225,2023-04-11,469.16,Sports,Gauteng,mid,False
TXN00303,CUST0024,2023-04-12,732.94,Clothing,Gauteng,mid,False
TXN04547,CUST0381,2023-04-12,607.23,Groceries,Gauteng,mid,False
TXN00513,CUST0035,2023-04-12,1001.94,Clothing,Limpopo,high,False
TXN00260,CUST0021,2023-04-12,724.26,Clothing,Western Cape,low,False
TXN03632,CUST0297,2023-04-12,870.76,Tools,KwaZulu-Natal,mid,False
TXN04600,CUST0385,2023-04-12,3019.58,Furniture,KwaZulu-Natal,mid,False
TXN01800,CUST0157,2023-04-12,1764.21,Tools,KwaZulu-Natal,high,False
TXN03453,CUST0283,2023-04-12,229.61,Health & Beauty,Gauteng,mid,False
TXN01995,CUST0174,2023-04-13,2716.39,Electronics,Gauteng,mid,False
TXN03086,CUST0253,2023-04-13,750.76,Clothing,Eastern Cape,mid,False
TXN04669,CUST0393,2023-04-13,130.38,Stationery,Gauteng,mid,False
TXN02123,CUST0186,2023-04-13,558.13,Clothing,KwaZulu-Natal,mid,False
TXN03452,CUST0283,2023-04-14,1038.1,Clothing,Gauteng,mid,False
TXN02313,CUST0198,2023-04-14,726.18,Clothing,Eastern Cape,mid,False
TXN00739,CUST0055,2023-04-14,4873.44,Electronics,Western Cape,high,False
TXN01265,CUST0101,2023-04-14,319.4,Groceries,Gauteng,mid,False
TXN02270,CUST0194,2023-04-14,1019.65,Tools,KwaZulu-Natal,mid,False
TXN03785,CUST0307,2023-04-14,350.94,Groceries,Western Cape,mid,False
TXN00420,CUST0031,2023-04-14,655.79,Groceries,Western Cape,high,False
TXN03904,CUST0322,2023-04-14,4305.64,Electronics,KwaZulu-Natal,mid,False
TXN02959,CUST0244,2023-04-15,4275.38,Electronics,Gauteng,mid,False
TXN00592,CUST0041,2023-04-15,1218.83,Clothing,Gauteng,high,False
TXN02275,CUST0194,2023-04-15,783.69,Clothing,KwaZulu-Natal,mid,False
TXN01657,CUST0146,2023-04-15,574.03,Sports,Gauteng,mid,False
TXN02780,CUST0233,2023-04-15,5186.0,Furniture,Western Cape,mid,False
TXN00790,CUST0058,2023-04-15,173.91,Stationery,Gauteng,mid,False
TXN03419,CUST0278,2023-04-15,4354.47,Furniture,KwaZulu-Natal,mid,False
TXN02966,CUST0245,2023-04-15,1350.78,Sports,Gauteng,high,False
TXN04375,CUST0365,2023-04-15,5342.05,Electronics,Limpopo,high,False
TXN01489,CUST0129,2023-04-15,679.9,Health & Beauty,Gauteng,high,False
TXN02758,CUST0230,2023-04-15,665.37,Clothing,KwaZulu-Natal,mid,False
TXN02064,CUST0180,2023-04-15,737.0,Clothing,Gauteng,mid,False
TXN02395,CUST0204,2023-04-15,1359.62,Clothing,Eastern Cape,high,False
TXN02272,CUST0194,2023-04-16,309.24,Health & Beauty,KwaZulu-Natal,mid,False
TXN02288,CUST0196,2023-04-16,906.97,Sports,Gauteng,mid,False
TXN04353,CUST0364,2023-04-16,50.0,Health & Beauty,Western Cape,low,False
TXN03849,CUST0316,2023-04-16,2449.34,Furniture,KwaZulu-Natal,low,False
TXN03256,CUST0266,2023-04-16,951.7,Sports,KwaZulu-Natal,mid,False
TXN03845,CUST0315,2023-04-16,3441.57,Electronics,Eastern Cape,mid,False
TXN00187,CUST0015,2023-04-16,345.03,Health & Beauty,Gauteng,mid,False
TXN04668,CUST0393,2023-04-17,144.39,Stationery,Gauteng,mid,False
TXN01762,CUST0155,2023-04-17,258.65,Health & Beauty,Limpopo,low,False
TXN04103,CUST0341,2023-04-17,293.92,Groceries,Western Cape,mid,False
TXN04565,CUST0382,2023-04-17,385.36,Health & Beauty,KwaZulu-Natal,mid,False
TXN02631,CUST0218,2023-04-17,3098.16,Furniture,KwaZulu-Natal,mid,False
TXN03588,CUST0295,2023-04-17,7371.47,Furniture,Gauteng,high,False
TXN01634,CUST0144,2023-04-18,5080.62,Furniture,Gauteng,mid,False
TXN03463,CUST0284,2023-04-18,3220.3,Electronics,Gauteng,mid,False
TXN01243,CUST0098,2023-04-18,714.46,Groceries,Western Cape,high,False
TXN00279,CUST0023,2023-04-18,1139.78,Clothing,Gauteng,high,False
TXN00416,CUST0031,2023-04-18,620.12,Health & Beauty,Western Cape,high,False
TXN00096,CUST0008,2023-04-18,1824.22,Tools,Eastern Cape,high,False
TXN03617,CUST0296,2023-04-18,124.5,Stationery,Western Cape,mid,False
TXN01741,CUST0152,2023-04-18,253.46,Clothing,Gauteng,low,False
TXN03002,CUST0245,2023-04-18,372.02,Stationery,Gauteng,high,False
TXN03582,CUST0295,2023-04-18,10899.08,Furniture,Gauteng,high,False
TXN03917,CUST0323,2023-04-19,385.29,Stationery,KwaZulu-Natal,high,False
TXN02987,CUST0245,2023-04-19,837.14,Clothing,Gauteng,high,False
TXN01268,CUST0102,2023-04-19,50.0,Groceries,KwaZulu-Natal,mid,False
TXN00922,CUST0069,2023-04-19,255.0,Groceries,Gauteng,mid,False
TXN00836,CUST0060,2023-04-19,669.29,Health & Beauty,Gauteng,high,False
TXN00511,CUST0035,2023-04-19,595.79,Health & Beauty,Limpopo,high,False
TXN02003,CUST0174,2023-04-19,2321.5695150122824,Health & Beauty,Gauteng,mid,True
TXN04028,CUST0333,2023-04-19,1010.69,Sports,Gauteng,mid,False
TXN01862,CUST0161,2023-04-19,2426.02,Furniture,Gauteng,low,False
TXN04227,CUST0353,2023-04-20,368.15,Groceries,KwaZulu-Natal,mid,False
TXN03258,CUST0266,2023-04-20,233.25,Groceries,KwaZulu-Natal,mid,False
TXN01047,CUST0081,2023-04-20,537.95,Sports,Eastern Cape,mid,False
TXN04069,CUST0336,2023-04-20,4129.19,Furniture,Gauteng,low,False
TXN01272,CUST0102,2023-04-20,378.28,Tools,KwaZulu-Natal,mid,False
TXN03934,CUST0323,2023-04-20,9736.55,Furniture,KwaZulu-Natal,high,False
TXN01614,CUST0143,2023-04-20,2136.08,Electronics,Western Cape,mid,False
TXN00192,CUST0015,2023-04-21,403.13,Groceries,Gauteng,mid,False
TXN00824,CUST0060,2023-04-21,4606.13,Electronics,Gauteng,high,False
TXN00636,CUST0044,2023-04-21,461.52,Clothing,Eastern Cape,mid,False
TXN00719,CUST0054,2023-04-21,1114.47,Tools,Eastern Cape,low,False
TXN03622,CUST0297,2023-04-21,4989.3,Furniture,KwaZulu-Natal,mid,False
TXN01366,CUST0115,2023-04-21,6139.33,Electronics,KwaZulu-Natal,high,False
TXN03473,CUST0286,2023-04-21,618.93,Tools,Gauteng,mid,False
TXN02358,CUST0200,2023-04-21,249.03,Stationery,KwaZulu-Natal,high,False
TXN03208,CUST0264,2023-04-21,3726.54,Furniture,Western Cape,mid,False
TXN04735,CUST0398,2023-04-22,396.25,Health & Beauty,Western Cape,mid,False
TXN02817,CUST0235,2023-04-22,500.67,Groceries,Gauteng,high,False
TXN01631,CUST0144,2023-04-22,116.36,Stationery,Gauteng,mid,False
TXN03703,CUST0302,2023-04-22,1117.83,Tools,Western Cape,high,False
TXN04427,CUST0371,2023-04-22,246.83,Stationery,Gauteng,high,False
TXN01055,CUST0082,2023-04-22,3528.36,Furniture,KwaZulu-Natal,mid,False
TXN01283,CUST0103,2023-04-22,485.96,Groceries,Gauteng,mid,False
TXN00424,CUST0031,2023-04-22,359.58,Stationery,Western Cape,high,False
TXN04177,CUST0348,2023-04-22,3620.0,Furniture,Gauteng,mid,False
TXN01507,CUST0129,2023-04-22,1030.13,Clothing,Gauteng,high,False
TXN03067,CUST0251,2023-04-23,283.73,Stationery,Gauteng,high,False
TXN03950,CUST0327,2023-04-23,5391.09,Electronics,Western Cape,high,False
TXN01193,CUST0095,2023-04-23,208.62,Groceries,KwaZulu-Natal,mid,False
TXN04734,CUST0398,2023-04-23,231.17,Stationery,Western Cape,mid,False
TXN02546,CUST0214,2023-04-23,12196.43,Furniture,Gauteng,high,False
TXN02137,CUST0187,2023-04-23,1796.01,Tools,Eastern Cape,high,False
TXN02140,CUST0187,2023-04-23,7003.62,Furniture,Eastern Cape,high,False
TXN01490,CUST0129,2023-04-23,286.43,Stationery,Gauteng,high,False
TXN04613,CUST0387,2023-04-23,876.37,Tools,Gauteng,mid,False
TXN04564,CUST0382,2023-04-23,454.92,Groceries,KwaZulu-Natal,mid,False
TXN01129,CUST0088,2023-04-23,416.75,Health & Beauty,KwaZulu-Natal,mid,False
TXN04549,CUST0381,2023-04-24,285.04,Health & Beauty,Gauteng,mid,False
TXN04120,CUST0342,2023-04-24,165.4,Groceries,Western Cape,mid,False
TXN01893,CUST0163,2023-04-24,7617.86,Furniture,KwaZulu-Natal,high,False
TXN03223,CUST0265,2023-04-24,308.15,Stationery,Eastern Cape,high,False
TXN02117,CUST0185,2023-04-24,4908.74,Furniture,Gauteng,mid,False
TXN00654,CUST0048,2023-04-24,184.69,Sports,Western Cape,low,False
TXN01681,CUST0147,2023-04-24,5223.32,Electronics,Western Cape,high,False
TXN00788,CUST0058,2023-04-24,1360.31,Electronics,Gauteng,mid,False
TXN02086,CUST0182,2023-04-25,2620.64,Electronics,Gauteng,low,False
TXN00931,CUST0071,2023-04-25,8191.28,Furniture,KwaZulu-Natal,high,False
TXN00535,CUST0037,2023-04-25,4419.74,Electronics,Gauteng,high,False
TXN02917,CUST0241,2023-04-25,1695.33,Tools,Limpopo,high,False
TXN02555,CUST0214,2023-04-25,1869.09,Clothing,Gauteng,high,False
TXN00049,CUST0005,2023-04-25,2870.24,Electronics,Gauteng,mid,False
TXN02773,CUST0232,2023-04-25,2673.25,Electronics,Western Cape,low,False
TXN04683,CUST0394,2023-04-25,148.83,Stationery,KwaZulu-Natal,mid,False
TXN02125,CUST0186,2023-04-26,442.41,Groceries,KwaZulu-Natal,mid,False
TXN04053,CUST0334,2023-04-26,378.25,Groceries,Gauteng,mid,False
TXN03030,CUST0248,2023-04-26,585.85,Clothing,Limpopo,mid,False
TXN04100,CUST0340,2023-04-26,541.75,Sports,Gauteng,mid,False
TXN01771,CUST0156,2023-04-26,603.68,Clothing,Gauteng,mid,False
TXN01225,CUST0098,2023-04-26,519.21,Health & Beauty,Western Cape,high,False
TXN00314,CUST0024,2023-04-26,805.93,Sports,Gauteng,mid,False
TXN01304,CUST0105,2023-04-26,1141.55,Tools,Eastern Cape,mid,False
TXN01546,CUST0135,2023-04-27,303.14,Clothing,Limpopo,low,False
TXN00443,CUST0031,2023-04-27,568.63,Health & Beauty,Western Cape,high,False
TXN00269,CUST0023,2023-04-27,8748.3,Furniture,Gauteng,high,False
TXN04057,CUST0335,2023-04-27,447.68,Groceries,Gauteng,mid,False
TXN04050,CUST0334,2023-04-27,296.28,Health & Beauty,Gauteng,mid,False
TXN03005,CUST0246,2023-04-27,375.2,Groceries,Limpopo,low,False
TXN03808,CUST0310,2023-04-27,874.56,Sports,Gauteng,mid,False
TXN01923,CUST0164,2023-04-27,1694.8,Tools,Western Cape,high,False
TXN04109,CUST0341,2023-04-28,1341.29,Tools,Western Cape,mid,False
TXN00284,CUST0023,2023-04-28,317.27,Stationery,Gauteng,high,False
TXN00934,CUST0071,2023-04-28,475.46,Health & Beauty,KwaZulu-Natal,high,False
TXN01370,CUST0115,2023-04-28,1209.24,Clothing,KwaZulu-Natal,high,False
TXN02414,CUST0204,2023-04-28,1303.82,Clothing,Eastern Cape,high,False
TXN00595,CUST0041,2023-04-28,5485.71,Electronics,Gauteng,high,False
TXN04117,CUST0342,2023-04-28,1174.25,Sports,Western Cape,mid,False
TXN02017,CUST0177,2023-04-28,1367.44,Clothing,KwaZulu-Natal,high,False
TXN00446,CUST0033,2023-04-28,100.51,Stationery,Gauteng,mid,False
TXN01712,CUST0149,2023-04-28,352.93,Health & Beauty,Gauteng,mid,False
TXN00715,CUST0053,2023-04-28,422.44,Tools,Limpopo,mid,False
TXN00242,CUST0019,2023-04-29,437.97,Clothing,Western Cape,mid,False
TXN02936,CUST0241,2023-04-29,244.14,Stationery,Limpopo,high,False
TXN00722,CUST0055,2023-04-29,9354.12,Furniture,Western Cape,high,False
TXN00994,CUST0077,2023-04-30,1193.28,Tools,KwaZulu-Natal,high,False
TXN00120,CUST0010,2023-04-30,290.19,Stationery,KwaZulu-Natal,high,False
TXN03832,CUST0313,2023-04-30,5528.08,Furniture,Gauteng,mid,False
TXN02543,CUST0214,2023-04-30,664.98,Groceries,Gauteng,high,False
TXN00911,CUST0068,2023-05-01,2598.18,Electronics,Eastern Cape,low,False
TXN01567,CUST0139,2023-05-01,140.48,Stationery,Gauteng,mid,False
TXN04381,CUST0365,2023-05-01,9699.45,Furniture,Limpopo,high,False
TXN01203,CUST0096,2023-05-01,714.37,Clothing,Western Cape,mid,False
TXN03489,CUST0287,2023-05-01,334.74,Groceries,Western Cape,mid,False
TXN02548,CUST0214,2023-05-01,197.78,Stationery,Gauteng,high,False
TXN01351,CUST0114,2023-05-02,2216.35,Furniture,Eastern Cape,low,False
TXN03800,CUST0309,2023-05-02,1130.26,Tools,KwaZulu-Natal,mid,False
TXN03853,CUST0317,2023-05-02,198.14,Health & Beauty,Western Cape,low,False
TXN01167,CUST0093,2023-05-02,808.37,Sports,KwaZulu-Natal,mid,False
TXN02530,CUST0211,2023-05-02,655.45,Groceries,Western Cape,high,False
TXN03974,CUST0328,2023-05-02,308.77,Sports,Western Cape,low,False
TXN02360,CUST0200,2023-05-02,4443.78,Electronics,KwaZulu-Natal,high,False
TXN02721,CUST0227,2023-05-02,344.48,Groceries,Limpopo,mid,False
TXN02601,CUST0217,2023-05-03,2101.7,Tools,Gauteng,high,False
TXN01580,CUST0140,2023-05-03,1529.94,Tools,Limpopo,high,False
TXN04416,CUST0371,2023-05-03,700.69,Health & Beauty,Gauteng,high,False
TXN01347,CUST0113,2023-05-03,208.16,Health & Beauty,Limpopo,low,False
TXN04287,CUST0357,2023-05-03,4194.07,Furniture,Gauteng,mid,False
TXN03584,CUST0295,2023-05-03,622.7,Groceries,Gauteng,high,False
TXN02509,CUST0210,2023-05-03,513.57,Clothing,Gauteng,mid,False
TXN01802,CUST0157,2023-05-03,4576.88,Electronics,KwaZulu-Natal,high,False
TXN01872,CUST0163,2023-05-03,299.17,Stationery,KwaZulu-Natal,high,False
TXN00969,CUST0073,2023-05-04,1403.46,Clothing,Gauteng,high,False
TXN03150,CUST0257,2023-05-04,653.7,Clothing,Limpopo,mid,False
TXN00402,CUST0030,2023-05-04,1180.86,Clothing,Gauteng,high,False
TXN00853,CUST0061,2023-05-04,3647.81,Electronics,Gauteng,high,False
TXN01178,CUST0094,2023-05-05,2611.26,Electronics,Western Cape,mid,False
TXN00625,CUST0043,2023-05-05,179.89,Stationery,Gauteng,mid,False
TXN04243,CUST0354,2023-05-05,298.15,Health & Beauty,Gauteng,mid,False
TXN03053,CUST0251,2023-05-05,5110.34,Electronics,Gauteng,high,False
TXN01008,CUST0077,2023-05-05,1563.94,Clothing,KwaZulu-Natal,high,False
TXN01533,CUST0134,2023-05-06,4700.73,Furniture,Gauteng,mid,False
TXN00615,CUST0042,2023-05-06,301.38,Groceries,Western Cape,low,False
TXN04577,CUST0383,2023-05-07,780.31,Clothing,KwaZulu-Natal,mid,False
TXN02071,CUST0180,2023-05-07,845.79,Sports,Gauteng,mid,False
TXN02692,CUST0225,2023-05-07,6208.06,Furniture,Gauteng,mid,False
TXN02705,CUST0226,2023-05-07,90.12,Stationery,Gauteng,mid,False
TXN02174,CUST0189,2023-05-07,5626.21,Electronics,Western Cape,high,False
TXN00195,CUST0016,2023-05-07,2638.47,Electronics,Gauteng,mid,False
TXN01698,CUST0148,2023-05-07,464.16,Sports,Western Cape,mid,False
TXN01171,CUST0093,2023-05-08,719.56,Tools,KwaZulu-Natal,mid,False
TXN03214,CUST0264,2023-05-08,421.38,Groceries,Western Cape,mid,False
TXN02298,CUST0197,2023-05-08,241.11,Health & Beauty,KwaZulu-Natal,mid,False
TXN00839,CUST0060,2023-05-08,8760.95,Furniture,Gauteng,high,False
TXN02868,CUST0239,2023-05-08,1285.9,Tools,KwaZulu-Natal,mid,False
TXN02737,CUST0229,2023-05-08,691.74,Health & Beauty,Eastern Cape,high,False
TXN02141,CUST0187,2023-05-08,11936.45,Furniture,Eastern Cape,high,False
TXN02162,CUST0188,2023-05-08,2136.36,Tools,Western Cape,high,False
TXN02975,CUST0245,2023-05-08,379.37,Stationery,Gauteng,high,False
TXN01836,CUST0158,2023-05-09,525.47,Health & Beauty,KwaZulu-Natal,high,False
TXN02152,CUST0187,2023-05-09,4955.53,Electronics,Eastern Cape,high,False
TXN04383,CUST0365,2023-05-09,5521.66,Electronics,Limpopo,high,False
TXN01281,CUST0103,2023-05-09,3733.69,Electronics,Gauteng,mid,False
TXN01238,CUST0098,2023-05-09,709.95,Groceries,Western Cape,high,False
TXN01520,CUST0131,2023-05-09,968.27,Tools,Western Cape,low,False
TXN00914,CUST0069,2023-05-09,6507.87,Furniture,Gauteng,mid,False
TXN04533,CUST0379,2023-05-09,75.19,Health & Beauty,Eastern Cape,low,False
TXN01939,CUST0166,2023-05-09,371.88,Groceries,Eastern Cape,mid,False
TXN00510,CUST0035,2023-05-09,710.45,Health & Beauty,Limpopo,high,False
TXN04312,CUST0360,2023-05-09,79.48,Stationery,Western Cape,low,False
TXN01430,CUST0121,2023-05-10,2588.68,Electronics,Eastern Cape,mid,False
TXN01544,CUST0135,2023-05-10,470.7,Sports,Limpopo,low,False
TXN04251,CUST0355,2023-05-10,2076.92,Tools,Gauteng,high,False
TXN00159,CUST0012,2023-05-10,273.78,Health & Beauty,Limpopo,low,False
TXN02012,CUST0176,2023-05-10,2661.76,Furniture,Gauteng,low,False
TXN03881,CUST0319,2023-05-10,9036.67,Furniture,Gauteng,high,False
TXN01556,CUST0138,2023-05-11,934.76,Clothing,KwaZulu-Natal,mid,False
TXN02409,CUST0204,2023-05-11,702.18,Groceries,Eastern Cape,high,False
TXN02895,CUST0240,2023-05-11,463.57,Sports,Gauteng,mid,False
TXN00430,CUST0031,2023-05-12,7821.9,Furniture,Western Cape,high,False
TXN01670,CUST0147,2023-05-12,4587.48,Electronics,Western Cape,high,False
TXN03293,CUST0269,2023-05-12,2691.58,Furniture,Gauteng,mid,False
TXN01551,CUST0137,2023-05-12,943.07,Clothing,Western Cape,low,False
TXN01596,CUST0140,2023-05-12,1028.46,Clothing,Limpopo,high,False
TXN02309,CUST0197,2023-05-12,363.13,Groceries,KwaZulu-Natal,mid,False
TXN02285,CUST0196,2023-05-12,4876.3,Furniture,Gauteng,mid,False
TXN02784,CUST0234,2023-05-13,261.19,Groceries,Western Cape,mid,False
TXN04684,CUST0394,2023-05-13,426.5,Groceries,KwaZulu-Natal,mid,False
TXN02131,CUST0186,2023-05-13,169.72,Health & Beauty,KwaZulu-Natal,mid,False
TXN03962,CUST0327,2023-05-13,4457.86,Electronics,Western Cape,high,False
TXN02356,CUST0200,2023-05-13,755.48,Health & Beauty,KwaZulu-Natal,high,False
TXN04307,CUST0358,2023-05-13,2118.22,Furniture,Western Cape,mid,False
TXN00337,CUST0025,2023-05-14,595.13,Groceries,Western Cape,high,False
TXN04156,CUST0346,2023-05-14,457.26,Clothing,Western Cape,low,False
TXN01605,CUST0142,2023-05-15,3762.58,Electronics,Gauteng,mid,False
TXN02681,CUST0224,2023-05-15,1235.03,Clothing,Gauteng,mid,False
TXN02394,CUST0204,2023-05-15,1139.11,Clothing,Eastern Cape,high,False
TXN04115,CUST0341,2023-05-16,840.86,Clothing,Western Cape,mid,False
TXN04509,CUST0376,2023-05-16,4508.06,Electronics,Gauteng,high,False
TXN02081,CUST0181,2023-05-16,877.02,Tools,Gauteng,mid,False
TXN02755,CUST0230,2023-05-16,3101.79,Furniture,KwaZulu-Natal,mid,False
TXN00971,CUST0073,2023-05-16,6186.08,Electronics,Gauteng,high,False
TXN04645,CUST0391,2023-05-16,196.44,Stationery,Limpopo,mid,False
TXN04458,CUST0373,2023-05-17,579.63,Health & Beauty,Gauteng,high,False
TXN04741,CUST0398,2023-05-17,491.36,Health & Beauty,Western Cape,mid,False
TXN04620,CUST0387,2023-05-17,361.17,Health & Beauty,Gauteng,mid,False
TXN00885,CUST0062,2023-05-17,6202.96,Furniture,Gauteng,mid,False
TXN04633,CUST0389,2023-05-17,417.32,Health & Beauty,KwaZulu-Natal,mid,False
TXN03246,CUST0265,2023-05-17,1587.68,Sports,Eastern Cape,high,False
TXN01122,CUST0088,2023-05-17,313.76,Health & Beauty,KwaZulu-Natal,mid,False
TXN00936,CUST0071,2023-05-17,605.55,Health & Beauty,KwaZulu-Natal,high,False
TXN04700,CUST0395,2023-05-18,2025.99,Tools,Gauteng,high,False
TXN03269,CUST0267,2023-05-18,1676.8,Electronics,KwaZulu-Natal,mid,False
TXN00450,CUST0033,2023-05-18,455.45,Clothing,Gauteng,mid,False
TXN02274,CUST0194,2023-05-18,398.58,Health & Beauty,KwaZulu-Natal,mid,False
TXN01235,CUST0098,2023-05-18,1673.59,Clothing,Western Cape,high,False
TXN04704,CUST0395,2023-05-18,1336.23,Clothing,Gauteng,high,False
TXN00956,CUST0071,2023-05-19,396.44,Stationery,KwaZulu-Natal,high,False
TXN00637,CUST0044,2023-05-19,5527.2,Furniture,Eastern Cape,mid,False
TXN00908,CUST0067,2023-05-19,930.66,Clothing,Gauteng,mid,False
TXN02842,CUST0236,2023-05-19,93.43,Stationery,KwaZulu-Natal,mid,False
TXN01105,CUST0087,2023-05-19,632.8,Health & Beauty,KwaZulu-Natal,high,False
TXN00915,CUST0069,2023-05-20,7814.94,Furniture,Gauteng,mid,False
TXN02846,CUST0237,2023-05-20,607.56,Clothing,Gauteng,mid,False
TXN00643,CUST0045,2023-05-20,568.71,Tools,Gauteng,low,False
TXN01131,CUST0089,2023-05-20,68.08,Health & Beauty,Eastern Cape,low,False
TXN01570,CUST0139,2023-05-20,197.96,Clothing,Gauteng,mid,False
TXN03915,CUST0323,2023-05-20,5410.04,Electronics,KwaZulu-Natal,high,False
TXN03428,CUST0279,2023-05-21,50.0,Furniture,KwaZulu-Natal,low,False
TXN00099,CUST0008,2023-05-21,1236.48,Clothing,Eastern Cape,high,False
TXN02649,CUST0221,2023-05-21,645.1,Clothing,KwaZulu-Natal,mid,False
TXN00693,CUST0051,2023-05-21,161.04,Groceries,Limpopo,low,False
TXN02210,CUST0191,2023-05-21,1291.8,Clothing,Gauteng,high,False
TXN01363,CUST0115,2023-05-21,582.4,Groceries,KwaZulu-Natal,high,False
TXN03141,CUST0256,2023-05-21,9636.3,Furniture,Western Cape,high,False
TXN00771,CUST0057,2023-05-21,1729.82,Clothing,Gauteng,high,False
TXN02192,CUST0189,2023-05-21,4469.65,Electronics,Western Cape,high,False
TXN00022,CUST0001,2023-05-21,1758.69,Tools,Gauteng,high,False
TXN00104,CUST0008,2023-05-22,1437.88,Sports,Eastern Cape,high,False
TXN00537,CUST0037,2023-05-22,7807.02,Furniture,Gauteng,high,False
TXN02906,CUST0241,2023-05-22,1139.2,Sports,Limpopo,high,False
TXN03389,CUST0277,2023-05-22,1742.38,Tools,KwaZulu-Natal,high,False
TXN03986,CUST0329,2023-05-22,7030.98,Furniture,Western Cape,mid,False
TXN02534,CUST0212,2023-05-22,102.79,Furniture,KwaZulu-Natal,low,False
TXN04471,CUST0373,2023-05-22,1654.82,Tools,Gauteng,high,False
TXN02618,CUST0217,2023-05-23,3861.96,Electronics,Gauteng,high,False
TXN01096,CUST0086,2023-05-23,1930.8,Electronics,Gauteng,low,False
TXN00741,CUST0055,2023-05-23,1455.94,Sports,Western Cape,high,False
TXN02333,CUST0200,2023-05-23,1659.0,Sports,KwaZulu-Natal,high,False
TXN00530,CUST0037,2023-05-23,566.0,Health & Beauty,Gauteng,high,False
TXN00332,CUST0025,2023-05-23,1596.51,Tools,Western Cape,high,False
TXN04408,CUST0370,2023-05-23,335.4,Tools,Gauteng,low,False
TXN00186,CUST0015,2023-05-23,540.01,Clothing,Gauteng,mid,False
TXN04102,CUST0340,2023-05-23,980.26,Tools,Gauteng,mid,False
TXN01584,CUST0140,2023-05-23,1244.31,Sports,Limpopo,high,False
TXN04024,CUST0332,2023-05-23,78.24,Stationery,KwaZulu-Natal,low,False
TXN01441,CUST0122,2023-05-24,410.57,Health & Beauty,Eastern Cape,mid,False
TXN03398,CUST0277,2023-05-24,9974.6,Furniture,KwaZulu-Natal,high,False
TXN01236,CUST0098,2023-05-24,1767.45,Sports,Western Cape,high,False
TXN02673,CUST0223,2023-05-24,978.14,Clothing,Gauteng,mid,False
TXN00950,CUST0071,2023-05-24,4316.28,Electronics,KwaZulu-Natal,high,False
TXN01648,CUST0145,2023-05-24,883.95,Tools,Gauteng,mid,False
TXN02187,CUST0189,2023-05-24,1687.22,Tools,Western Cape,high,False
TXN04236,CUST0354,2023-05-25,4535.07,Furniture,Gauteng,mid,False
TXN04711,CUST0395,2023-05-25,408.46,Stationery,Gauteng,high,False
TXN03892,CUST0322,2023-05-25,205.23,Health & Beauty,KwaZulu-Natal,mid,False
TXN01684,CUST0147,2023-05-25,997.96,Clothing,Western Cape,high,False
TXN04635,CUST0389,2023-05-26,1333.79,Sports,KwaZulu-Natal,mid,False
TXN01718,CUST0150,2023-05-26,310.62,Clothing,Gauteng,low,False
TXN02853,CUST0237,2023-05-26,203.76,Groceries,Gauteng,mid,False
TXN01726,CUST0151,2023-05-26,1357.6,Sports,Eastern Cape,mid,False
TXN04489,CUST0376,2023-05-26,491.85,Groceries,Gauteng,high,False
TXN00445,CUST0032,2023-05-26,212.81,Health & Beauty,Gauteng,low,False
TXN00291,CUST0023,2023-05-26,577.57,Groceries,Gauteng,high,False
TXN00055,CUST0005,2023-05-26,882.51,Sports,Gauteng,mid,False
TXN01162,CUST0093,2023-05-26,4149.54,Furniture,KwaZulu-Natal,mid,False
TXN01375,CUST0115,2023-05-27,790.66,Groceries,KwaZulu-Natal,high,False
TXN00198,CUST0016,2023-05-27,294.12,Health & Beauty,Gauteng,mid,False
TXN03681,CUST0301,2023-05-27,3644.59,Electronics,Gauteng,mid,False
TXN02490,CUST0209,2023-05-27,693.14,Clothing,Gauteng,mid,False
TXN03083,CUST0252,2023-05-27,4296.67,Furniture,Gauteng,mid,False
TXN00799,CUST0059,2023-05-27,1417.82,Sports,Gauteng,high,False
TXN03883,CUST0319,2023-05-27,11495.64,Furniture,Gauteng,high,False
TXN00039,CUST0004,2023-05-27,495.46,Sports,Western Cape,low,False
TXN02061,CUST0180,2023-05-27,357.5,Health & Beauty,Gauteng,mid,False
TXN04195,CUST0351,2023-05-28,1112.42,Sports,Western Cape,high,False
TXN03831,CUST0313,2023-05-28,1184.04,Sports,Gauteng,mid,False
TXN04399,CUST0369,2023-05-28,101.38,Stationery,Gauteng,mid,False
TXN00876,CUST0061,2023-05-28,9456.45,Furniture,Gauteng,high,False
TXN02478,CUST0207,2023-05-28,1206.5,Tools,Gauteng,mid,False
TXN02423,CUST0205,2023-05-29,585.11,Groceries,Western Cape,high,False
TXN03443,CUST0282,2023-05-29,391.67,Tools,Gauteng,mid,False
TXN02224,CUST0191,2023-05-29,1391.14,Sports,Gauteng,high,False
TXN02186,CUST0189,2023-05-29,1692.56,Tools,Western Cape,high,False
TXN01588,CUST0140,2023-05-29,3601.29,Electronics,Limpopo,high,False
TXN02955,CUST0243,2023-05-29,705.48,Tools,Eastern Cape,mid,False
TXN01111,CUST0087,2023-05-29,792.17,Groceries,KwaZulu-Natal,high,False
TXN02823,CUST0235,2023-05-29,640.14,Health & Beauty,Gauteng,high,False
TXN01190,CUST0095,2023-05-30,794.85,Sports,KwaZulu-Natal,mid,False
TXN03289,CUST0268,2023-05-30,916.76,Sports,KwaZulu-Natal,mid,False
TXN01030,CUST0080,2023-05-30,5465.07,Furniture,Gauteng,mid,False
TXN04493,CUST0376,2023-05-30,9102.33,Furniture,Gauteng,high,False
TXN02707,CUST0226,2023-05-31,1016.25,Sports,Gauteng,mid,False
TXN04556,CUST0381,2023-05-31,4758.94,Furniture,Gauteng,mid,False
TXN01426,CUST0121,2023-05-31,191.95,Stationery,Eastern Cape,mid,False
TXN00893,CUST0064,2023-05-31,259.94,Health & Beauty,Gauteng,mid,False
TXN02022,CUST0177,2023-05-31,289.27,Stationery,KwaZulu-Natal,high,False
TXN00209,CUST0016,2023-06-01,770.2,Clothing,Gauteng,mid,False
TXN03426,CUST0278,2023-06-01,3889.28,Furniture,KwaZulu-Natal,mid,False
TXN02194,CUST0189,2023-06-01,793.68,Groceries,Western Cape,high,False
TXN03301,CUST0269,2023-06-01,6711.84,Furniture,Gauteng,mid,False
TXN04204,CUST0351,2023-06-02,391.4,Health & Beauty,Western Cape,high,False
TXN04424,CUST0371,2023-06-02,347.7,Stationery,Gauteng,high,False
TXN03874,CUST0319,2023-06-02,724.19,Groceries,Gauteng,high,False
TXN02833,CUST0236,2023-06-03,1108.79,Sports,KwaZulu-Natal,mid,False
TXN02732,CUST0229,2023-06-03,1521.32,Sports,Eastern Cape,high,False
TXN01527,CUST0133,2023-06-03,55.0,Groceries,Gauteng,low,False
TXN01794,CUST0157,2023-06-03,1541.32,Sports,KwaZulu-Natal,high,False
TXN03287,CUST0268,2023-06-03,471.54,Clothing,KwaZulu-Natal,mid,False
TXN00689,CUST0050,2023-06-03,1503.46,Clothing,Gauteng,high,False
TXN04013,CUST0331,2023-06-03,4786.85,Furniture,Gauteng,mid,False
TXN00363,CUST0026,2023-06-04,3020.41,Furniture,KwaZulu-Natal,mid,False
TXN04258,CUST0355,2023-06-04,2120.47,Tools,Gauteng,high,False
TXN02916,CUST0241,2023-06-04,430.47,Health & Beauty,Limpopo,high,False
TXN03591,CUST0295,2023-06-04,348.68,Stationery,Gauteng,high,False
TXN04457,CUST0373,2023-06-04,1255.34,Sports,Gauteng,high,False
TXN03973,CUST0328,2023-06-04,53.36,Stationery,Western Cape,low,False
TXN00274,CUST0023,2023-06-05,664.32,Groceries,Gauteng,high,False
TXN03251,CUST0266,2023-06-05,206.41,Stationery,KwaZulu-Natal,mid,False
TXN00988,CUST0075,2023-06-05,131.51,Stationery,KwaZulu-Natal,mid,False
TXN03954,CUST0327,2023-06-05,1226.79,Sports,Western Cape,high,False
TXN04558,CUST0382,2023-06-05,164.52,Groceries,KwaZulu-Natal,mid,False
TXN00528,CUST0037,2023-06-05,474.87,Health & Beauty,Gauteng,high,False
TXN04294,CUST0358,2023-06-05,655.3,Clothing,Western Cape,mid,False
TXN00776,CUST0057,2023-06-05,1570.31,Clothing,Gauteng,high,False
TXN01028,CUST0079,2023-06-05,467.14,Sports,Gauteng,low,False
TXN04061,CUST0335,2023-06-06,287.14,Health & Beauty,Gauteng,mid,False
TXN00158,CUST0012,2023-06-06,50.0,Groceries,Limpopo,low,False
TXN03020,CUST0248,2023-06-07,3297.8,Furniture,Limpopo,mid,False
TXN02032,CUST0177,2023-06-07,4190.23,Electronics,KwaZulu-Natal,high,False
TXN02835,CUST0236,2023-06-08,228.56,Groceries,KwaZulu-Natal,mid,False
TXN04562,CUST0382,2023-06-08,734.12,Clothing,KwaZulu-Natal,mid,False
TXN03021,CUST0248,2023-06-08,3149.44,Electronics,Limpopo,mid,False
TXN04256,CUST0355,2023-06-08,4489.84,Electronics,Gauteng,high,False
TXN03494,CUST0288,2023-06-08,1596.68,Tools,Western Cape,mid,False
TXN04463,CUST0373,2023-06-08,333.32,Stationery,Gauteng,high,False
TXN02665,CUST0223,2023-06-09,2982.47,Furniture,Gauteng,mid,False
TXN02485,CUST0208,2023-06-09,2743.55,Electronics,KwaZulu-Natal,mid,False
TXN03163,CUST0258,2023-06-09,2972.99,Electronics,KwaZulu-Natal,mid,False
TXN03802,CUST0309,2023-06-09,1227.5,Sports,KwaZulu-Natal,mid,False
TXN04487,CUST0376,2023-06-09,8050.15,Furniture,Gauteng,high,False
TXN00733,CUST0055,2023-06-09,681.58,Groceries,Western Cape,high,False
TXN00680,CUST0050,2023-06-09,1340.68,Clothing,Gauteng,high,False
TXN00477,CUST0034,2023-06-10,1171.44,Clothing,Limpopo,high,False
TXN00447,CUST0033,2023-06-10,2669.37,Electronics,Gauteng,mid,False
TXN04488,CUST0376,2023-06-10,7646.64,Furniture,Gauteng,high,False
TXN03578,CUST0295,2023-06-10,373.57,Stationery,Gauteng,high,False
TXN00325,CUST0025,2023-06-10,347.75,Stationery,Western Cape,high,False
TXN04111,CUST0341,2023-06-10,453.2,Health & Beauty,Western Cape,mid,False
TXN01626,CUST0143,2023-06-10,423.76,Health & Beauty,Western Cape,mid,False
TXN00016,CUST0001,2023-06-10,4852.56,Electronics,Gauteng,high,False
TXN00235,CUST0018,2023-06-10,4092.6,Electronics,Western Cape,mid,False
TXN04365,CUST0365,2023-06-10,710.37,Health & Beauty,Limpopo,high,False
TXN01566,CUST0139,2023-06-10,526.59,Clothing,Gauteng,mid,False
TXN03664,CUST0300,2023-06-11,1536.08,Tools,Gauteng,mid,False
TXN03772,CUST0305,2023-06-11,773.69,Groceries,KwaZulu-Natal,high,False
TXN00669,CUST0049,2023-06-11,693.5,Clothing,Western Cape,mid,False
TXN02264,CUST0193,2023-06-11,282.79,Health & Beauty,Eastern Cape,mid,False
TXN02985,CUST0245,2023-06-11,6249.86,Electronics,Gauteng,high,False
TXN01729,CUST0151,2023-06-11,230.01,Health & Beauty,Eastern Cape,mid,False
TXN00031,CUST0003,2023-06-11,6702.19,Furniture,KwaZulu-Natal,mid,False
TXN00512,CUST0035,2023-06-11,7980.48,Furniture,Limpopo,high,False
TXN04143,CUST0344,2023-06-11,462.94,Sports,Western Cape,mid,False
TXN01903,CUST0163,2023-06-11,264.25,Stationery,KwaZulu-Natal,high,False
TXN04148,CUST0345,2023-06-11,278.17,Health & Beauty,Gauteng,mid,False
TXN00163,CUST0013,2023-06-12,499.41,Sports,Eastern Cape,low,False
TXN02233,CUST0191,2023-06-12,940.89,Groceries,Gauteng,high,False
TXN03360,CUST0274,2023-06-12,507.55,Groceries,Eastern Cape,mid,False
TXN00651,CUST0048,2023-06-12,160.73,Sports,Western Cape,low,False
TXN01232,CUST0098,2023-06-12,4068.27,Electronics,Western Cape,high,False
TXN03302,CUST0269,2023-06-12,1061.8,Tools,Gauteng,mid,False
TXN00658,CUST0049,2023-06-12,371.8,Groceries,Western Cape,mid,False
TXN00221,CUST0017,2023-06-12,179.39,Stationery,Gauteng,mid,False
TXN02690,CUST0225,2023-06-12,346.22,Clothing,Gauteng,mid,False
TXN01262,CUST0101,2023-06-13,6197.56,Furniture,Gauteng,mid,False
TXN01170,CUST0093,2023-06-13,206.32,Stationery,KwaZulu-Natal,mid,False
TXN01220,CUST0097,2023-06-13,795.11,Clothing,Western Cape,mid,False
TXN03626,CUST0297,2023-06-13,923.86,Sports,KwaZulu-Natal,mid,False
TXN03513,CUST0290,2023-06-13,496.68,Clothing,Western Cape,mid,False
TXN00228,CUST0018,2023-06-14,3698.0,Electronics,Western Cape,mid,False
TXN04531,CUST0378,2023-06-14,50.0,Stationery,Gauteng,low,False
TXN01218,CUST0097,2023-06-14,290.44,Groceries,Western Cape,mid,False
TXN03431,CUST0280,2023-06-14,50.0,Health & Beauty,KwaZulu-Natal,low,False
TXN02450,CUST0205,2023-06-14,1910.16,Tools,Western Cape,high,False
TXN02627,CUST0218,2023-06-14,348.1,Health & Beauty,KwaZulu-Natal,mid,False
TXN01778,CUST0156,2023-06-15,404.21,Clothing,Gauteng,mid,False
TXN01782,CUST0157,2023-06-15,1891.04,Tools,KwaZulu-Natal,high,False
TXN02119,CUST0185,2023-06-15,1130.07,Tools,Gauteng,mid,False
TXN01050,CUST0082,2023-06-15,354.55,Health & Beauty,KwaZulu-Natal,mid,False
TXN04695,CUST0395,2023-06-15,583.16,Health & Beauty,Gauteng,high,False
TXN01154,CUST0092,2023-06-15,2877.86,Electronics,KwaZulu-Natal,mid,False
TXN02666,CUST0223,2023-06-15,157.73,Stationery,Gauteng,mid,False
TXN02361,CUST0200,2023-06-16,1304.58,Clothing,KwaZulu-Natal,high,False
TXN00831,CUST0060,2023-06-16,299.11,Stationery,Gauteng,high,False
TXN02777,CUST0233,2023-06-16,2185.38,Electronics,Western Cape,mid,False
TXN04343,CUST0362,2023-06-16,6031.91,Furniture,KwaZulu-Natal,mid,False
TXN01755,CUST0154,2023-06-17,537.42,Sports,Western Cape,mid,False
TXN03631,CUST0297,2023-06-17,2117.44,Electronics,KwaZulu-Natal,mid,False
TXN01674,CUST0147,2023-06-17,1361.29,Sports,Western Cape,high,False
TXN03288,CUST0268,2023-06-17,618.29,Tools,KwaZulu-Natal,mid,False
TXN04190,CUST0350,2023-06-17,981.26,Tools,KwaZulu-Natal,mid,False
TXN03135,CUST0256,2023-06-17,492.32,Health & Beauty,Western Cape,high,False
TXN00843,CUST0060,2023-06-17,455.87,Groceries,Gauteng,high,False
TXN03195,CUST0263,2023-06-17,1175.06,Tools,Gauteng,mid,False
TXN03111,CUST0256,2023-06-17,290.12,Stationery,Western Cape,high,False
TXN02244,CUST0192,2023-06-17,208.02,Stationery,Eastern Cape,mid,False
TXN01529,CUST0133,2023-06-18,2305.51,Electronics,Gauteng,low,False
TXN01316,CUST0107,2023-06-18,237.24,Clothing,Western Cape,low,False
TXN01641,CUST0144,2023-06-18,224.48,Stationery,Gauteng,mid,False
TXN03813,CUST0310,2023-06-18,504.77,Groceries,Gauteng,mid,False
TXN02266,CUST0194,2023-06-18,976.81,Tools,KwaZulu-Natal,mid,False
TXN03649,CUST0299,2023-06-18,2751.57,Electronics,KwaZulu-Natal,mid,False
TXN00136,CUST0010,2023-06-19,10117.3,Furniture,KwaZulu-Natal,high,False
TXN03886,CUST0320,2023-06-19,5710.05,Furniture,Gauteng,low,False
TXN02208,CUST0191,2023-06-19,1504.06,Clothing,Gauteng,high,False
TXN02477,CUST0207,2023-06-19,251.17,Health & Beauty,Gauteng,mid,False
TXN04638,CUST0389,2023-06-19,720.22,Sports,KwaZulu-Natal,mid,False
TXN00891,CUST0064,2023-06-19,615.62,Clothing,Gauteng,mid,False
TXN01176,CUST0093,2023-06-20,173.25,Health & Beauty,KwaZulu-Natal,mid,False
TXN04158,CUST0346,2023-06-20,213.83,Groceries,Western Cape,low,False
TXN00721,CUST0054,2023-06-20,1377.97,Electronics,Eastern Cape,low,False
TXN01361,CUST0115,2023-06-20,1770.77,Tools,KwaZulu-Natal,high,False
TXN01877,CUST0163,2023-06-20,4512.81,Electronics,KwaZulu-Natal,high,False
TXN01491,CUST0129,2023-06-20,600.3,Health & Beauty,Gauteng,high,False
TXN04554,CUST0381,2023-06-21,980.64,Tools,Gauteng,mid,False
TXN00404,CUST0030,2023-06-21,1413.98,Sports,Gauteng,high,False
TXN01882,CUST0163,2023-06-21,405.78,Health & Beauty,KwaZulu-Natal,high,False
TXN01335,CUST0112,2023-06-21,874.37,Tools,Gauteng,mid,False
TXN00608,CUST0041,2023-06-21,376.57,Health & Beauty,Gauteng,high,False
TXN03930,CUST0323,2023-06-21,555.2,Health & Beauty,KwaZulu-Natal,high,False
TXN01899,CUST0163,2023-06-21,1661.44,Sports,KwaZulu-Natal,high,False
TXN00076,CUST0007,2023-06-21,412.92,Groceries,Gauteng,mid,False
TXN03043,CUST0250,2023-06-21,2316.63,Electronics,Eastern Cape,mid,False
TXN02688,CUST0225,2023-06-22,883.82,Tools,Gauteng,mid,False
TXN01444,CUST0122,2023-06-22,130.57,Stationery,Eastern Cape,mid,False
TXN02594,CUST0217,2023-06-22,4133.57,Electronics,Gauteng,high,False
TXN04250,CUST0355,2023-06-22,1124.46,Clothing,Gauteng,high,False
TXN00709,CUST0052,2023-06-22,139.54,Stationery,KwaZulu-Natal,mid,False
TXN03166,CUST0259,2023-06-23,2555.99,Furniture,Western Cape,mid,False
TXN03436,CUST0282,2023-06-23,3608.31,Furniture,Gauteng,mid,False
TXN01942,CUST0167,2023-06-23,99.42,Stationery,Gauteng,mid,False
TXN04639,CUST0389,2023-06-23,170.38,Stationery,KwaZulu-Natal,mid,False
TXN03370,CUST0275,2023-06-24,770.33,Clothing,Western Cape,mid,False
TXN03017,CUST0247,2023-06-24,226.33,Groceries,Western Cape,mid,False
TXN00027,CUST0002,2023-06-24,50.0,Clothing,Limpopo,low,False
TXN02797,CUST0235,2023-06-24,1548.09,Tools,Gauteng,high,False
TXN00938,CUST0071,2023-06-24,1468.6,Clothing,KwaZulu-Natal,high,False
TXN03383,CUST0277,2023-06-24,675.34,Groceries,KwaZulu-Natal,high,False
TXN01212,CUST0097,2023-06-24,3629.87,Furniture,Western Cape,mid,False
TXN04361,CUST0365,2023-06-24,1493.24,Clothing,Limpopo,high,False
TXN03300,CUST0269,2023-06-24,324.23,Groceries,Gauteng,mid,False
TXN02527,CUST0211,2023-06-25,691.89,Groceries,Western Cape,high,False
TXN04166,CUST0347,2023-06-25,1018.01,Sports,KwaZulu-Natal,mid,False
TXN02351,CUST0200,2023-06-25,309.38,Stationery,KwaZulu-Natal,high,False
TXN03951,CUST0327,2023-06-25,359.01,Stationery,Western Cape,high,False
TXN03267,CUST0267,2023-06-25,237.91,Groceries,KwaZulu-Natal,mid,False
TXN01855,CUST0160,2023-06-25,369.44,Health & Beauty,KwaZulu-Natal,mid,False
TXN02907,CUST0241,2023-06-25,1460.59,Tools,Limpopo,high,False
TXN01543,CUST0134,2023-06-25,206.97,Groceries,Gauteng,mid,False
TXN02909,CUST0241,2023-06-26,617.14,Health & Beauty,Limpopo,high,False
TXN02339,CUST0200,2023-06-26,597.36,Health & Beauty,KwaZulu-Natal,high,False
TXN01625,CUST0143,2023-06-26,376.53,Groceries,Western Cape,mid,False
TXN02090,CUST0183,2023-06-26,2680.83,Electronics,Limpopo,mid,False
TXN01381,CUST0116,2023-06-26,279.53,Stationery,Eastern Cape,high,False
TXN00481,CUST0034,2023-06-26,3825.7,Electronics,Limpopo,high,False
TXN03558,CUST0293,2023-06-26,4960.67,Furniture,Eastern Cape,mid,False
TXN01852,CUST0160,2023-06-27,223.86,Health & Beauty,KwaZulu-Natal,mid,False
TXN03392,CUST0277,2023-06-27,282.32,Stationery,KwaZulu-Natal,high,False
TXN02503,CUST0210,2023-06-27,584.52,Clothing,Gauteng,mid,False
TXN03775,CUST0305,2023-06-27,4187.43,Electronics,KwaZulu-Natal,high,False
TXN02600,CUST0217,2023-06-27,232.31,Stationery,Gauteng,high,False
TXN00561,CUST0040,2023-06-28,7697.34,Furniture,Western Cape,high,False
TXN01036,CUST0081,2023-06-28,5237.22,Furniture,Eastern Cape,mid,False
TXN02297,CUST0196,2023-06-28,2736.34,Electronics,Gauteng,mid,False
TXN01797,CUST0157,2023-06-28,611.88,Health & Beauty,KwaZulu-Natal,high,False
TXN00014,CUST0001,2023-06-28,1611.3,Tools,Gauteng,high,False
TXN01615,CUST0143,2023-06-29,747.62,Clothing,Western Cape,mid,False
TXN02094,CUST0183,2023-06-29,193.79,Health & Beauty,Limpopo,mid,False
TXN04392,CUST0366,2023-06-29,5452.51,Furniture,Gauteng,mid,False
TXN01097,CUST0086,2023-06-29,269.26,Clothing,Gauteng,low,False
TXN03702,CUST0302,2023-06-29,333.56,Stationery,Western Cape,high,False
TXN04617,CUST0387,2023-06-29,5266.83,Furniture,Gauteng,mid,False
TXN03234,CUST0265,2023-06-29,1790.62,Sports,Eastern Cape,high,False
TXN03528,CUST0291,2023-06-29,2710.81,Electronics,Gauteng,mid,False
TXN04459,CUST0373,2023-06-29,1488.98,Tools,Gauteng,high,False
TXN03836,CUST0314,2023-06-29,6477.0,Furniture,Limpopo,mid,False
TXN02410,CUST0204,2023-06-29,1200.61,Clothing,Eastern Cape,high,False
TXN01215,CUST0097,2023-06-29,6096.53,Furniture,Western Cape,mid,False
TXN03321,CUST0271,2023-06-29,140.75,Stationery,Eastern Cape,mid,False
TXN01760,CUST0155,2023-06-29,90.31,Clothing,Limpopo,low,False
TXN03583,CUST0295,2023-06-29,366.61,Stationery,Gauteng,high,False
TXN02822,CUST0235,2023-06-29,723.47,Health & Beauty,Gauteng,high,False
TXN02148,CUST0187,2023-06-30,789.22,Groceries,Eastern Cape,high,False
TXN04149,CUST0345,2023-06-30,50.0,Stationery,Gauteng,mid,False
TXN00806,CUST0059,2023-06-30,1749.86,Sports,Gauteng,high,False
TXN00808,CUST0059,2023-06-30,1866.2,Tools,Gauteng,high,False
TXN01998,CUST0174,2023-07-01,381.41,Health & Beauty,Gauteng,mid,False
TXN03405,CUST0277,2023-07-01,1728.25,Tools,KwaZulu-Natal,high,False
TXN01021,CUST0078,2023-07-01,1106.78,Clothing,Gauteng,mid,False
TXN01493,CUST0129,2023-07-01,684.32,Groceries,Gauteng,high,False
TXN01658,CUST0146,2023-07-01,207.59,Groceries,Gauteng,mid,False
TXN04368,CUST0365,2023-07-01,5508.88,Electronics,Limpopo,high,False
TXN03801,CUST0309,2023-07-01,238.52,Health & Beauty,KwaZulu-Natal,mid,False
TXN00999,CUST0077,2023-07-01,379.93,Stationery,KwaZulu-Natal,high,False
TXN00459,CUST0033,2023-07-01,715.44,Tools,Gauteng,mid,False
TXN01576,CUST0139,2023-07-02,4175.09,Furniture,Gauteng,mid,False
TXN03547,CUST0293,2023-07-02,275.32,Stationery,Eastern Cape,mid,False
TXN00092,CUST0008,2023-07-02,737.0,Health & Beauty,Eastern Cape,high,False
TXN02630,CUST0218,2023-07-02,286.52,Groceries,KwaZulu-Natal,mid,False
TXN01770,CUST0156,2023-07-03,805.78,Clothing,Gauteng,mid,False
TXN01113,CUST0087,2023-07-03,2022.22,Tools,KwaZulu-Natal,high,False
TXN02840,CUST0236,2023-07-03,384.64,Health & Beauty,KwaZulu-Natal,mid,False
TXN04477,CUST0374,2023-07-03,287.01,Groceries,KwaZulu-Natal,mid,False
TXN01452,CUST0123,2023-07-03,203.36,Health & Beauty,Gauteng,low,False
TXN04706,CUST0395,2023-07-03,601.58,Groceries,Gauteng,high,False
TXN04322,CUST0361,2023-07-03,369.82,Groceries,Gauteng,mid,False
TXN01123,CUST0088,2023-07-03,3943.68,Furniture,KwaZulu-Natal,mid,False
TXN04293,CUST0357,2023-07-04,860.03,Clothing,Gauteng,mid,False
TXN03459,CUST0284,2023-07-04,1112.92,Sports,Gauteng,mid,False
TXN02940,CUST0242,2023-07-04,825.51,Clothing,Limpopo,mid,False
TXN01077,CUST0084,2023-07-04,1324.94,Tools,Gauteng,mid,False
TXN00958,CUST0072,2023-07-04,650.92,Sports,Gauteng,low,False
TXN00418,CUST0031,2023-07-05,1483.69,Sports,Western Cape,high,False
TXN02203,CUST0190,2023-07-05,3112.77,Electronics,Gauteng,mid,False
TXN04199,CUST0351,2023-07-05,4731.34,Electronics,Western Cape,high,False
TXN03340,CUST0273,2023-07-05,1599.2,Tools,Eastern Cape,high,False
TXN01980,CUST0171,2023-07-05,878.1,Tools,KwaZulu-Natal,mid,False
TXN01927,CUST0165,2023-07-05,951.45,Tools,Gauteng,mid,False
TXN03033,CUST0249,2023-07-05,95.06,Stationery,Limpopo,low,False
TXN01119,CUST0088,2023-07-05,4344.23,Furniture,KwaZulu-Natal,mid,False
TXN01205,CUST0096,2023-07-06,531.45,Clothing,Western Cape,mid,False
TXN02988,CUST0245,2023-07-06,262.44,Stationery,Gauteng,high,False
TXN01234,CUST0098,2023-07-06,6748.32,Furniture,Western Cape,high,False
TXN01325,CUST0110,2023-07-06,99.15,Health & Beauty,Gauteng,low,False
TXN02791,CUST0234,2023-07-06,268.38,Groceries,Western Cape,mid,False
TXN01172,CUST0093,2023-07-06,686.79,Sports,KwaZulu-Natal,mid,False
TXN03009,CUST0247,2023-07-07,435.86,Groceries,Western Cape,mid,False
TXN01907,CUST0163,2023-07-07,1169.32,Clothing,KwaZulu-Natal,high,False
TXN00090,CUST0008,2023-07-07,366.5,Stationery,Eastern Cape,high,False
TXN01809,CUST0157,2023-07-07,1837.13,Tools,KwaZulu-Natal,high,False
TXN00666,CUST0049,2023-07-07,160.21,Stationery,Western Cape,mid,False
TXN01318,CUST0108,2023-07-07,537.7,Clothing,KwaZulu-Natal,low,False
TXN01233,CUST0098,2023-07-08,588.97,Health & Beauty,Western Cape,high,False
TXN01649,CUST0145,2023-07-08,501.47,Health & Beauty,Gauteng,mid,False
TXN03953,CUST0327,2023-07-08,1373.72,Clothing,Western Cape,high,False
TXN04406,CUST0370,2023-07-08,341.38,Clothing,Gauteng,low,False
TXN02525,CUST0211,2023-07-08,306.83,Stationery,Western Cape,high,False
TXN03492,CUST0287,2023-07-08,1268.43,Sports,Western Cape,mid,False
TXN03507,CUST0289,2023-07-08,1132.54,Electronics,Gauteng,low,False
TXN01790,CUST0157,2023-07-08,698.9,Groceries,KwaZulu-Natal,high,False
TXN01052,CUST0082,2023-07-09,267.78,Stationery,KwaZulu-Natal,mid,False
TXN02715,CUST0227,2023-07-09,194.95,Health & Beauty,Limpopo,mid,False
TXN01103,CUST0087,2023-07-09,11166.79,Furniture,KwaZulu-Natal,high,False
TXN04288,CUST0357,2023-07-09,1237.21,Electronics,Gauteng,mid,False
TXN01173,CUST0093,2023-07-09,3480.2,Furniture,KwaZulu-Natal,mid,False
TXN00397,CUST0030,2023-07-09,753.88,Health & Beauty,Gauteng,high,False
TXN01150,CUST0092,2023-07-10,903.8,Clothing,KwaZulu-Natal,mid,False
TXN01423,CUST0120,2023-07-10,491.36,Tools,Western Cape,mid,False
TXN01534,CUST0134,2023-07-10,309.97,Health & Beauty,Gauteng,mid,False
TXN03529,CUST0291,2023-07-10,573.55,Clothing,Gauteng,mid,False
TXN00137,CUST0010,2023-07-10,612.23,Groceries,KwaZulu-Natal,high,False
TXN00826,CUST0060,2023-07-10,5433.45,Electronics,Gauteng,high,False
TXN04643,CUST0390,2023-07-10,158.69,Stationery,Eastern Cape,low,False
TXN02415,CUST0204,2023-07-11,622.71,Health & Beauty,Eastern Cape,high,False
TXN01579,CUST0140,2023-07-11,8889.31,Furniture,Limpopo,high,False
TXN01434,CUST0121,2023-07-11,139.24,Stationery,Eastern Cape,mid,False
TXN01944,CUST0167,2023-07-11,1008.69,Sports,Gauteng,mid,False
TXN04387,CUST0365,2023-07-11,421.96,Stationery,Limpopo,high,False
TXN03809,CUST0310,2023-07-11,3983.41,Furniture,Gauteng,mid,False
TXN00837,CUST0060,2023-07-11,5037.68,Electronics,Gauteng,high,False
TXN01053,CUST0082,2023-07-11,795.97,Tools,KwaZulu-Natal,mid,False
TXN02132,CUST0186,2023-07-11,907.6,Sports,KwaZulu-Natal,mid,False
TXN03336,CUST0273,2023-07-12,658.41,Groceries,Eastern Cape,high,False
TXN00791,CUST0058,2023-07-12,3233.14,Electronics,Gauteng,mid,False
TXN02963,CUST0244,2023-07-12,1886.15,Electronics,Gauteng,mid,False
TXN00946,CUST0071,2023-07-12,4025.13,Electronics,KwaZulu-Natal,high,False
TXN03186,CUST0261,2023-07-12,2892.02,Electronics,Western Cape,mid,False
TXN03777,CUST0305,2023-07-12,1591.05,Clothing,KwaZulu-Natal,high,False
TXN00828,CUST0060,2023-07-13,1645.55,Sports,Gauteng,high,False
TXN02386,CUST0203,2023-07-13,1852.84,Furniture,Gauteng,mid,False
TXN04261,CUST0355,2023-07-13,473.85,Health & Beauty,Gauteng,high,False
TXN02694,CUST0226,2023-07-14,244.76,Health & Beauty,Gauteng,mid,False
TXN01353,CUST0115,2023-07-14,1385.2,Sports,KwaZulu-Natal,high,False
TXN02089,CUST0183,2023-07-14,308.98,Groceries,Limpopo,mid,False
TXN00986,CUST0075,2023-07-14,1655.44,Tools,KwaZulu-Natal,mid,False
TXN02614,CUST0217,2023-07-14,450.47,Stationery,Gauteng,high,False
TXN02165,CUST0188,2023-07-15,740.41,Groceries,Western Cape,high,False
TXN03737,CUST0304,2023-07-15,2009.45,Tools,KwaZulu-Natal,high,False
TXN04171,CUST0348,2023-07-15,2508.92,Electronics,Gauteng,mid,False
TXN04484,CUST0375,2023-07-15,440.36,Sports,Gauteng,low,False
TXN03349,CUST0274,2023-07-15,279.05,Health & Beauty,Eastern Cape,mid,False
TXN00467,CUST0034,2023-07-15,1002.4,Clothing,Limpopo,high,False
TXN04105,CUST0341,2023-07-16,462.7,Groceries,Western Cape,mid,False
TXN04280,CUST0355,2023-07-16,5514.59,Electronics,Gauteng,high,False
TXN01709,CUST0149,2023-07-17,293.92,Groceries,Gauteng,mid,False
TXN04237,CUST0354,2023-07-17,2828.07,Electronics,Gauteng,mid,False
TXN03882,CUST0319,2023-07-17,503.46,Health & Beauty,Gauteng,high,False
TXN03721,CUST0302,2023-07-17,8748.53,Furniture,Western Cape,high,False
TXN04411,CUST0371,2023-07-17,1280.24,Clothing,Gauteng,high,False
TXN02456,CUST0206,2023-07-17,160.23,Stationery,Gauteng,mid,False
TXN01951,CUST0167,2023-07-17,333.23,Health & Beauty,Gauteng,mid,False
TXN00954,CUST0071,2023-07-18,1730.61,Tools,KwaZulu-Natal,high,False
TXN00470,CUST0034,2023-07-18,347.45,Stationery,Limpopo,high,False
TXN01820,CUST0158,2023-07-18,1059.29,Sports,KwaZulu-Natal,high,False
TXN04566,CUST0382,2023-07-18,178.11,Groceries,KwaZulu-Natal,mid,False
TXN02439,CUST0205,2023-07-18,812.19,Groceries,Western Cape,high,False
TXN00384,CUST0029,2023-07-19,2989.23,Electronics,Western Cape,mid,False
TXN00557,CUST0040,2023-07-20,281.38,Stationery,Western Cape,high,False
TXN03727,CUST0303,2023-07-20,1143.52,Tools,Western Cape,mid,False
TXN01710,CUST0149,2023-07-20,1868.46,Electronics,Gauteng,mid,False
TXN03555,CUST0293,2023-07-20,3961.45,Electronics,Eastern Cape,mid,False
TXN01177,CUST0093,2023-07-20,375.59,Health & Beauty,KwaZulu-Natal,mid,False
TXN03939,CUST0325,2023-07-20,242.94,Health & Beauty,Limpopo,mid,False
TXN03647,CUST0299,2023-07-20,222.79,Stationery,KwaZulu-Natal,mid,False
TXN04660,CUST0392,2023-07-20,1697.51,Tools,Western Cape,mid,False
TXN03410,CUST0277,2023-07-20,540.42,Groceries,KwaZulu-Natal,high,False
TXN00290,CUST0023,2023-07-21,6182.19,Electronics,Gauteng,high,False
TXN00009,CUST0001,2023-07-21,10085.21,Furniture,Gauteng,high,False
TXN03787,CUST0307,2023-07-21,562.44,Clothing,Western Cape,mid,False
TXN03590,CUST0295,2023-07-21,341.74,Stationery,Gauteng,high,False
TXN02255,CUST0193,2023-07-21,960.95,Sports,Eastern Cape,mid,False
TXN00821,CUST0059,2023-07-21,1653.07,Sports,Gauteng,high,False
TXN04582,CUST0384,2023-07-21,989.34,Sports,Eastern Cape,mid,False
TXN01987,CUST0173,2023-07-21,827.77,Sports,Western Cape,mid,False
TXN02191,CUST0189,2023-07-21,967.84,Clothing,Western Cape,high,False
TXN03944,CUST0327,2023-07-22,313.25,Stationery,Western Cape,high,False
TXN03706,CUST0302,2023-07-22,1526.86,Sports,Western Cape,high,False
TXN00410,CUST0030,2023-07-22,1594.61,Sports,Gauteng,high,False
TXN04052,CUST0334,2023-07-22,851.53,Clothing,Gauteng,mid,False
TXN00547,CUST0040,2023-07-22,284.88,Stationery,Western Cape,high,False
TXN03046,CUST0251,2023-07-22,1638.27,Sports,Gauteng,high,False
TXN04690,CUST0395,2023-07-22,5393.31,Electronics,Gauteng,high,False
TXN02114,CUST0184,2023-07-23,940.28,Sports,Eastern Cape,mid,False
TXN03792,CUST0309,2023-07-23,350.37,Groceries,KwaZulu-Natal,mid,False
TXN03824,CUST0312,2023-07-23,1010.59,Electronics,Gauteng,mid,False
TXN02147,CUST0187,2023-07-23,382.04,Stationery,Eastern Cape,high,False
TXN01735,CUST0151,2023-07-23,1179.56,Clothing,Eastern Cape,mid,False
TXN03465,CUST0284,2023-07-24,189.97,Stationery,Gauteng,mid,False
TXN02498,CUST0210,2023-07-24,1512.48,Electronics,Gauteng,mid,False
TXN00737,CUST0055,2023-07-24,632.0,Health & Beauty,Western Cape,high,False
TXN04224,CUST0353,2023-07-24,1263.79,Tools,KwaZulu-Natal,mid,False
TXN04559,CUST0382,2023-07-25,754.18,Clothing,KwaZulu-Natal,mid,False
TXN01427,CUST0121,2023-07-25,912.23,Clothing,Eastern Cape,mid,False
TXN00963,CUST0073,2023-07-25,1906.2,Sports,Gauteng,high,False
TXN00817,CUST0059,2023-07-25,5810.71,Electronics,Gauteng,high,False
TXN04262,CUST0355,2023-07-25,816.4,Groceries,Gauteng,high,False
TXN01686,CUST0147,2023-07-25,2212.48,Tools,Western Cape,high,False
TXN03901,CUST0322,2023-07-26,332.53,Tools,KwaZulu-Natal,mid,False
TXN01509,CUST0129,2023-07-26,1846.1,Tools,Gauteng,high,False
TXN00534,CUST0037,2023-07-26,1518.84,Clothing,Gauteng,high,False
TXN03240,CUST0265,2023-07-26,510.13,Health & Beauty,Eastern Cape,high,False
TXN04655,CUST0392,2023-07-26,3590.24,Electronics,Western Cape,mid,False
TXN02786,CUST0234,2023-07-27,1115.24,Clothing,Western Cape,mid,False
TXN01817,CUST0157,2023-07-27,720.12,Health & Beauty,KwaZulu-Natal,high,False
TXN03738,CUST0304,2023-07-27,7209.38,Furniture,KwaZulu-Natal,high,False
TXN04438,CUST0373,2023-07-27,1824.97,Tools,Gauteng,high,False
TXN03041,CUST0250,2023-07-27,148.32,Stationery,Eastern Cape,mid,False
TXN00165,CUST0013,2023-07-27,224.99,Groceries,Eastern Cape,low,False
TXN01153,CUST0092,2023-07-27,573.73,Sports,KwaZulu-Natal,mid,False
TXN02894,CUST0240,2023-07-27,3450.21,Electronics,Gauteng,mid,False
TXN04080,CUST0338,2023-07-27,50.0,Stationery,KwaZulu-Natal,low,False
TXN04402,CUST0369,2023-07-28,361.87,Health & Beauty,Gauteng,mid,False
TXN04389,CUST0366,2023-07-28,230.56,Groceries,Gauteng,mid,False
TXN01628,CUST0143,2023-07-29,192.11,Stationery,Western Cape,mid,False
TXN02127,CUST0186,2023-07-29,671.55,Sports,KwaZulu-Natal,mid,False
TXN01120,CUST0088,2023-07-29,800.48,Sports,KwaZulu-Natal,mid,False
TXN02990,CUST0245,2023-07-29,1499.58,Tools,Gauteng,high,False
TXN01806,CUST0157,2023-07-29,1676.14,Tools,KwaZulu-Natal,high,False
TXN02418,CUST0204,2023-07-29,9585.48,Furniture,Eastern Cape,high,False
TXN00503,CUST0035,2023-07-29,1806.22,Clothing,Limpopo,high,False
TXN03259,CUST0266,2023-07-29,224.27,Stationery,KwaZulu-Natal,mid,False
TXN00594,CUST0041,2023-07-29,682.38,Groceries,Gauteng,high,False
TXN00012,CUST0001,2023-07-29,746.35,Groceries,Gauteng,high,False
TXN02251,CUST0192,2023-07-30,1514.51,Tools,Eastern Cape,mid,False
TXN01127,CUST0088,2023-07-30,309.85,Groceries,KwaZulu-Natal,mid,False
TXN02020,CUST0177,2023-07-30,1764.34,Sports,KwaZulu-Natal,high,False
TXN02718,CUST0227,2023-07-30,1106.5,Clothing,Limpopo,mid,False
TXN00441,CUST0031,2023-07-30,2075.59,Tools,Western Cape,high,False
TXN01292,CUST0104,2023-07-30,447.76,Sports,Western Cape,low,False
TXN04364,CUST0365,2023-07-30,5312.15,Electronics,Limpopo,high,False
TXN01723,CUST0151,2023-07-30,158.03,Stationery,Eastern Cape,mid,False
TXN00429,CUST0031,2023-07-30,325.1,Stationery,Western Cape,high,False
TXN02730,CUST0229,2023-07-31,5106.92,Electronics,Eastern Cape,high,False
TXN02957,CUST0243,2023-07-31,6516.64,Furniture,Eastern Cape,mid,False
TXN01504,CUST0129,2023-07-31,1699.13,Tools,Gauteng,high,False
TXN01601,CUST0142,2023-07-31,6370.406193830706,Sports,Gauteng,mid,True
TXN01969,CUST0170,2023-07-31,4371.06,Furniture,Western Cape,mid,False
TXN01186,CUST0095,2023-07-31,546.52,Tools,KwaZulu-Natal,mid,False
TXN03854,CUST0317,2023-07-31,199.46,Furniture,Western Cape,low,False
TXN04738,CUST0398,2023-08-01,683.9,Sports,Western Cape,mid,False
TXN03262,CUST0267,2023-08-01,205.93,Stationery,KwaZulu-Natal,mid,False
TXN02872,CUST0239,2023-08-01,3156.0,Furniture,KwaZulu-Natal,mid,False
TXN03342,CUST0273,2023-08-01,359.57,Stationery,Eastern Cape,high,False
TXN00566,CUST0040,2023-08-02,4117.79,Electronics,Western Cape,high,False
TXN03264,CUST0267,2023-08-02,266.8,Health & Beauty,KwaZulu-Natal,mid,False
TXN02482,CUST0208,2023-08-02,676.63,Clothing,KwaZulu-Natal,mid,False
TXN00490,CUST0035,2023-08-02,662.21,Health & Beauty,Limpopo,high,False
TXN02013,CUST0177,2023-08-02,986.33,Clothing,KwaZulu-Natal,high,False
TXN03205,CUST0263,2023-08-02,6645.98,Furniture,Gauteng,mid,False
TXN02028,CUST0177,2023-08-02,2187.1,Tools,KwaZulu-Natal,high,False
TXN00179,CUST0015,2023-08-02,362.95,Groceries,Gauteng,mid,False
TXN04022,CUST0331,2023-08-03,273.32,Health & Beauty,Gauteng,mid,False
TXN01447,CUST0122,2023-08-03,711.04,Tools,Eastern Cape,mid,False
TXN00023,CUST0001,2023-08-03,723.88,Groceries,Gauteng,high,False
TXN01660,CUST0146,2023-08-03,4853.78,Furniture,Gauteng,mid,False
TXN01540,CUST0134,2023-08-03,6555.57,Furniture,Gauteng,mid,False
TXN04472,CUST0373,2023-08-04,1990.07,Tools,Gauteng,high,False
TXN01604,CUST0142,2023-08-04,334.91,Health & Beauty,Gauteng,mid,False
TXN00133,CUST0010,2023-08-04,663.36,Groceries,KwaZulu-Natal,high,False
TXN02810,CUST0235,2023-08-04,1826.84,Sports,Gauteng,high,False
TXN04482,CUST0375,2023-08-04,141.44,Health & Beauty,Gauteng,low,False
TXN04173,CUST0348,2023-08-04,171.73,Stationery,Gauteng,mid,False
TXN00748,CUST0056,2023-08-04,957.89,Tools,Limpopo,mid,False
TXN04546,CUST0381,2023-08-04,236.01,Stationery,Gauteng,mid,False
TXN01487,CUST0128,2023-08-04,2237.26,Furniture,Eastern Cape,mid,False
TXN02513,CUST0211,2023-08-04,451.14,Health & Beauty,Western Cape,high,False
TXN04527,CUST0377,2023-08-05,396.43,Health & Beauty,Eastern Cape,mid,False
TXN01819,CUST0158,2023-08-05,625.95,Groceries,KwaZulu-Natal,high,False
TXN03605,CUST0295,2023-08-05,1379.2,Sports,Gauteng,high,False
TXN03177,CUST0260,2023-08-05,3247.85,Electronics,Gauteng,mid,False
TXN04192,CUST0350,2023-08-05,829.96,Clothing,KwaZulu-Natal,mid,False
TXN03769,CUST0305,2023-08-05,9366.22,Furniture,KwaZulu-Natal,high,False
TXN01812,CUST0157,2023-08-06,235.08,Stationery,KwaZulu-Natal,high,False
TXN04665,CUST0393,2023-08-06,558.25,Sports,Gauteng,mid,False
TXN04347,CUST0363,2023-08-06,593.79,Health & Beauty,Western Cape,mid,False
TXN02865,CUST0238,2023-08-06,455.5,Groceries,Gauteng,mid,False
TXN02403,CUST0204,2023-08-06,1485.48,Tools,Eastern Cape,high,False
TXN00866,CUST0061,2023-08-06,1828.02,Tools,Gauteng,high,False
TXN02092,CUST0183,2023-08-06,1879.05,Tools,Limpopo,mid,False
TXN01988,CUST0173,2023-08-06,209.17,Stationery,Western Cape,mid,False
TXN03517,CUST0290,2023-08-07,202.75,Health & Beauty,Western Cape,mid,False
TXN04589,CUST0384,2023-08-07,6242.8,Furniture,Eastern Cape,mid,False
TXN02143,CUST0187,2023-08-07,609.53,Groceries,Eastern Cape,high,False
TXN04286,CUST0357,2023-08-07,618.57,Clothing,Gauteng,mid,False
TXN01525,CUST0132,2023-08-07,1514.98,Electronics,Gauteng,low,False
TXN03239,CUST0265,2023-08-07,1671.7,Tools,Eastern Cape,high,False
TXN03848,CUST0316,2023-08-08,279.2,Sports,KwaZulu-Natal,low,False
TXN04689,CUST0395,2023-08-08,1831.2,Tools,Gauteng,high,False
TXN04056,CUST0335,2023-08-08,463.91,Health & Beauty,Gauteng,mid,False
TXN01832,CUST0158,2023-08-08,1922.47,Sports,KwaZulu-Natal,high,False
TXN01297,CUST0105,2023-08-08,3006.87,Electronics,Eastern Cape,mid,False
TXN00248,CUST0019,2023-08-08,1176.27,Clothing,Western Cape,mid,False
TXN04367,CUST0365,2023-08-08,400.0,Stationery,Limpopo,high,False
TXN03326,CUST0271,2023-08-08,4033.89,Furniture,Eastern Cape,mid,False
TXN00507,CUST0035,2023-08-08,5281.52,Electronics,Limpopo,high,False
TXN02886,CUST0240,2023-08-09,1125.21,Sports,Gauteng,mid,False
TXN01223,CUST0098,2023-08-09,8255.99,Furniture,Western Cape,high,False
TXN03243,CUST0265,2023-08-09,1669.61,Sports,Eastern Cape,high,False
TXN02724,CUST0227,2023-08-09,457.9,Groceries,Limpopo,mid,False
TXN00961,CUST0073,2023-08-09,696.04,Groceries,Gauteng,high,False
TXN02067,CUST0180,2023-08-09,452.26,Groceries,Gauteng,mid,False
TXN03747,CUST0304,2023-08-09,5897.89,Electronics,KwaZulu-Natal,high,False
TXN01408,CUST0117,2023-08-09,410.01,Groceries,Eastern Cape,mid,False
TXN03325,CUST0271,2023-08-09,319.28,Groceries,Eastern Cape,mid,False
TXN04591,CUST0384,2023-08-09,481.14,Health & Beauty,Eastern Cape,mid,False
TXN03036,CUST0250,2023-08-09,384.42,Groceries,Eastern Cape,mid,False
TXN04514,CUST0376,2023-08-09,1843.2,Clothing,Gauteng,high,False
TXN04736,CUST0398,2023-08-09,281.64,Groceries,Western Cape,mid,False
TXN01646,CUST0145,2023-08-09,201.24,Stationery,Gauteng,mid,False
TXN01989,CUST0173,2023-08-10,416.53,Health & Beauty,Western Cape,mid,False
TXN00987,CUST0075,2023-08-10,133.58,Stationery,KwaZulu-Natal,mid,False
TXN00548,CUST0040,2023-08-10,4502.56,Electronics,Western Cape,high,False
TXN01453,CUST0123,2023-08-10,281.07,Groceries,Gauteng,low,False
TXN00757,CUST0057,2023-08-11,2140.38,Tools,Gauteng,high,False
TXN00190,CUST0015,2023-08-11,1212.0,Sports,Gauteng,mid,False
TXN03382,CUST0277,2023-08-12,2403.63,Tools,KwaZulu-Natal,high,False
TXN00421,CUST0031,2023-08-12,1452.43,Sports,Western Cape,high,False
TXN03034,CUST0249,2023-08-12,570.23,Sports,Limpopo,low,False
TXN02979,CUST0245,2023-08-12,462.14,Stationery,Gauteng,high,False
TXN01221,CUST0097,2023-08-12,975.25,Sports,Western Cape,mid,False
TXN03650,CUST0299,2023-08-12,1407.9,Sports,KwaZulu-Natal,mid,False
TXN04552,CUST0381,2023-08-12,94.77,Health & Beauty,Gauteng,mid,False
TXN01343,CUST0112,2023-08-12,5372.34,Furniture,Gauteng,mid,False
TXN02265,CUST0194,2023-08-13,322.32,Groceries,KwaZulu-Natal,mid,False
TXN01192,CUST0095,2023-08-13,1018.0,Clothing,KwaZulu-Natal,mid,False
TXN01786,CUST0157,2023-08-13,1743.73,Sports,KwaZulu-Natal,high,False
TXN04666,CUST0393,2023-08-13,1508.33,Tools,Gauteng,mid,False
TXN01241,CUST0098,2023-08-13,772.74,Groceries,Western Cape,high,False
TXN01058,CUST0082,2023-08-14,3762.49,Electronics,KwaZulu-Natal,mid,False
TXN01663,CUST0147,2023-08-14,5118.69,Electronics,Western Cape,high,False
TXN04693,CUST0395,2023-08-14,4500.27,Electronics,Gauteng,high,False
TXN03648,CUST0299,2023-08-14,1231.94,Clothing,KwaZulu-Natal,mid,False
TXN01532,CUST0134,2023-08-14,1082.65,Tools,Gauteng,mid,False
TXN01653,CUST0146,2023-08-14,162.34,Stationery,Gauteng,mid,False
TXN04722,CUST0395,2023-08-14,5065.32,Electronics,Gauteng,high,False
TXN04058,CUST0335,2023-08-14,5548.66,Furniture,Gauteng,mid,False
TXN04362,CUST0365,2023-08-14,685.21,Health & Beauty,Limpopo,high,False
TXN03097,CUST0253,2023-08-14,486.27,Clothing,Eastern Cape,mid,False
TXN01996,CUST0174,2023-08-14,358.89,Health & Beauty,Gauteng,mid,False
TXN01933,CUST0166,2023-08-14,356.63,Groceries,Eastern Cape,mid,False
TXN00736,CUST0055,2023-08-14,9926.6,Furniture,Western Cape,high,False
TXN00066,CUST0007,2023-08-15,779.96,Tools,Gauteng,mid,False
TXN01705,CUST0148,2023-08-15,4328.02,Electronics,Western Cape,mid,False
TXN01763,CUST0155,2023-08-15,5161.18,Furniture,Limpopo,low,False
TXN00495,CUST0035,2023-08-15,1620.47,Tools,Limpopo,high,False
TXN01065,CUST0083,2023-08-15,478.83,Sports,Gauteng,mid,False
TXN04334,CUST0362,2023-08-15,417.56,Health & Beauty,KwaZulu-Natal,mid,False
TXN02879,CUST0239,2023-08-15,402.96,Health & Beauty,KwaZulu-Natal,mid,False
TXN04744,CUST0398,2023-08-16,835.68,Clothing,Western Cape,mid,False
TXN04529,CUST0377,2023-08-16,3939.27,Electronics,Eastern Cape,mid,False
TXN03856,CUST0318,2023-08-16,618.96,Clothing,Gauteng,low,False
TXN00465,CUST0034,2023-08-16,1620.95,Sports,Limpopo,high,False
TXN02902,CUST0241,2023-08-16,1510.06,Sports,Limpopo,high,False
TXN04018,CUST0331,2023-08-16,1525.37,Electronics,Gauteng,mid,False
TXN01992,CUST0173,2023-08-16,869.87,Sports,Western Cape,mid,False
TXN01216,CUST0097,2023-08-16,440.43,Health & Beauty,Western Cape,mid,False
TXN03377,CUST0277,2023-08-16,1600.35,Sports,KwaZulu-Natal,high,False
TXN03660,CUST0299,2023-08-16,507.31,Clothing,KwaZulu-Natal,mid,False
TXN03173,CUST0259,2023-08-17,219.89,Stationery,Western Cape,mid,False
TXN01068,CUST0083,2023-08-17,940.54,Tools,Gauteng,mid,False
TXN04404,CUST0369,2023-08-17,332.48,Health & Beauty,Gauteng,mid,False
TXN01620,CUST0143,2023-08-17,735.28,Clothing,Western Cape,mid,False
TXN01332,CUST0111,2023-08-17,8361.95,Furniture,Gauteng,mid,False
TXN02391,CUST0203,2023-08-17,1147.14,Tools,Gauteng,mid,False
TXN02529,CUST0211,2023-08-17,715.74,Groceries,Western Cape,high,False
TXN02370,CUST0201,2023-08-17,194.64,Health & Beauty,KwaZulu-Natal,mid,False
TXN02035,CUST0177,2023-08-17,1876.75,Sports,KwaZulu-Natal,high,False
TXN01916,CUST0164,2023-08-17,641.48,Groceries,Western Cape,high,False
TXN04165,CUST0347,2023-08-17,1100.58,Sports,KwaZulu-Natal,mid,False
TXN04027,CUST0333,2023-08-18,1009.45,Sports,Gauteng,mid,False
TXN03542,CUST0292,2023-08-18,2956.57,Electronics,Gauteng,mid,False
TXN04604,CUST0385,2023-08-18,684.71,Sports,KwaZulu-Natal,mid,False
TXN03271,CUST0267,2023-08-18,6062.84,Furniture,KwaZulu-Natal,mid,False
TXN04750,CUST0399,2023-08-18,688.92,Sports,KwaZulu-Natal,mid,False
TXN03298,CUST0269,2023-08-18,421.63,Groceries,Gauteng,mid,False
TXN03774,CUST0305,2023-08-18,1519.35,Clothing,KwaZulu-Natal,high,False
TXN04418,CUST0371,2023-08-19,1781.88,Tools,Gauteng,high,False
TXN04714,CUST0395,2023-08-19,1553.01,Tools,Gauteng,high,False
TXN02584,CUST0217,2023-08-19,1713.51,Sports,Gauteng,high,False
TXN01751,CUST0154,2023-08-19,706.49,Sports,Western Cape,mid,False
TXN03574,CUST0294,2023-08-19,293.85,Health & Beauty,Gauteng,mid,False
TXN00218,CUST0017,2023-08-19,1659.38,Electronics,Gauteng,mid,False
TXN04632,CUST0389,2023-08-19,1616.01,Electronics,KwaZulu-Natal,mid,False
TXN01690,CUST0147,2023-08-19,325.2,Stationery,Western Cape,high,False
TXN03073,CUST0251,2023-08-19,9107.39,Furniture,Gauteng,high,False
TXN02972,CUST0245,2023-08-19,1490.27,Sports,Gauteng,high,False
TXN01617,CUST0143,2023-08-20,1428.67,Tools,Western Cape,mid,False
TXN03037,CUST0250,2023-08-20,1091.06,Tools,Eastern Cape,mid,False
TXN03566,CUST0294,2023-08-20,220.06,Health & Beauty,Gauteng,mid,False
TXN02676,CUST0224,2023-08-20,4155.5,Electronics,Gauteng,mid,False
TXN01367,CUST0115,2023-08-20,1616.52,Sports,KwaZulu-Natal,high,False
TXN00378,CUST0029,2023-08-20,203.32,Stationery,Western Cape,mid,False
TXN00142,CUST0011,2023-08-21,3665.81,Electronics,Gauteng,mid,False
TXN00407,CUST0030,2023-08-21,715.69,Health & Beauty,Gauteng,high,False
TXN00674,CUST0050,2023-08-21,1918.36,Tools,Gauteng,high,False
TXN03373,CUST0276,2023-08-21,696.57,Sports,Western Cape,low,False
TXN03000,CUST0245,2023-08-21,926.92,Clothing,Gauteng,high,False
TXN02058,CUST0179,2023-08-22,3267.58,Electronics,Limpopo,mid,False
TXN03937,CUST0325,2023-08-22,1244.33,Clothing,Limpopo,mid,False
TXN04584,CUST0384,2023-08-22,2740.04,Electronics,Eastern Cape,mid,False
TXN02407,CUST0204,2023-08-22,737.5,Groceries,Eastern Cape,high,False
TXN04279,CUST0355,2023-08-22,695.25,Health & Beauty,Gauteng,high,False
TXN01037,CUST0081,2023-08-22,3206.92,Electronics,Eastern Cape,mid,False
TXN02008,CUST0175,2023-08-23,160.9,Health & Beauty,KwaZulu-Natal,low,False
TXN01007,CUST0077,2023-08-23,1850.51,Clothing,KwaZulu-Natal,high,False
TXN02869,CUST0239,2023-08-23,2454.47,Electronics,KwaZulu-Natal,mid,False
TXN00697,CUST0052,2023-08-23,164.85,Stationery,KwaZulu-Natal,mid,False
TXN02512,CUST0210,2023-08-23,7488.4,Furniture,Gauteng,mid,False
TXN02095,CUST0183,2023-08-23,283.65,Health & Beauty,Limpopo,mid,False
TXN02124,CUST0186,2023-08-24,479.08,Groceries,KwaZulu-Natal,mid,False
TXN02263,CUST0193,2023-08-24,2639.43,Electronics,Eastern Cape,mid,False
TXN01387,CUST0116,2023-08-24,580.85,Health & Beauty,Eastern Cape,high,False
TXN02933,CUST0241,2023-08-24,1471.48,Sports,Limpopo,high,False
TXN03174,CUST0259,2023-08-24,907.37,Clothing,Western Cape,mid,False
TXN03720,CUST0302,2023-08-24,1430.97,Sports,Western Cape,high,False
TXN00171,CUST0014,2023-08-24,3424.51,Furniture,Gauteng,mid,False
TXN03840,CUST0315,2023-08-24,912.96,Clothing,Eastern Cape,mid,False
TXN02317,CUST0198,2023-08-24,226.72,Health & Beauty,Eastern Cape,mid,False
TXN00704,CUST0052,2023-08-24,1999.43,Electronics,KwaZulu-Natal,mid,False
TXN01142,CUST0091,2023-08-25,200.2,Stationery,Gauteng,mid,False
TXN01174,CUST0093,2023-08-25,728.4,Clothing,KwaZulu-Natal,mid,False
TXN01772,CUST0156,2023-08-25,348.52,Health & Beauty,Gauteng,mid,False
TXN03347,CUST0273,2023-08-25,632.08,Health & Beauty,Eastern Cape,high,False
TXN01456,CUST0124,2023-08-25,285.94,Sports,Gauteng,low,False
TXN00050,CUST0005,2023-08-25,1607.87,Electronics,Gauteng,mid,False
TXN02115,CUST0184,2023-08-26,971.39,Tools,Eastern Cape,mid,False
TXN01578,CUST0140,2023-08-26,1948.19,Tools,Limpopo,high,False
TXN01593,CUST0140,2023-08-26,1344.9,Clothing,Limpopo,high,False
TXN00502,CUST0035,2023-08-26,1717.5,Sports,Limpopo,high,False
TXN01870,CUST0162,2023-08-26,781.42,Tools,KwaZulu-Natal,mid,False
TXN01699,CUST0148,2023-08-26,359.72,Health & Beauty,Western Cape,mid,False
TXN02425,CUST0205,2023-08-26,1055.26,Sports,Western Cape,high,False
TXN04160,CUST0347,2023-08-27,639.62,Clothing,KwaZulu-Natal,mid,False
TXN03305,CUST0269,2023-08-27,214.26,Stationery,Gauteng,mid,False
TXN00941,CUST0071,2023-08-27,349.32,Stationery,KwaZulu-Natal,high,False
TXN02463,CUST0206,2023-08-27,2473.49,Electronics,Gauteng,mid,False
TXN02106,CUST0184,2023-08-28,1138.58,Clothing,Eastern Cape,mid,False
TXN03602,CUST0295,2023-08-28,1516.27,Clothing,Gauteng,high,False
TXN03758,CUST0305,2023-08-28,5592.91,Electronics,KwaZulu-Natal,high,False
TXN04233,CUST0354,2023-08-28,1088.4,Sports,Gauteng,mid,False
TXN00585,CUST0041,2023-08-28,4970.35,Electronics,Gauteng,high,False
TXN02433,CUST0205,2023-08-28,605.08,Health & Beauty,Western Cape,high,False
TXN00688,CUST0050,2023-08-29,1661.12,Clothing,Gauteng,high,False
TXN04011,CUST0331,2023-08-29,873.74,Clothing,Gauteng,mid,False
TXN03652,CUST0299,2023-08-29,1134.54,Clothing,KwaZulu-Natal,mid,False
TXN04646,CUST0391,2023-08-29,471.95,Sports,Limpopo,mid,False
TXN01405,CUST0116,2023-08-29,10549.36,Furniture,Eastern Cape,high,False
TXN02687,CUST0225,2023-08-29,2694.63,Electronics,Gauteng,mid,False
TXN03082,CUST0252,2023-08-29,198.2,Stationery,Gauteng,mid,False
TXN00183,CUST0015,2023-08-30,5484.63,Furniture,Gauteng,mid,False
TXN03977,CUST0329,2023-08-30,1146.52,Tools,Western Cape,mid,False
TXN00750,CUST0056,2023-08-30,922.23,Clothing,Limpopo,mid,False
TXN04409,CUST0370,2023-08-30,280.88,Tools,Gauteng,low,False
TXN01140,CUST0091,2023-08-30,851.85,Clothing,Gauteng,mid,False
TXN04701,CUST0395,2023-08-30,1293.5,Clothing,Gauteng,high,False
TXN04304,CUST0358,2023-08-30,638.16,Clothing,Western Cape,mid,False
TXN00292,CUST0023,2023-08-30,464.16,Stationery,Gauteng,high,False
TXN04400,CUST0369,2023-08-30,1132.78,Tools,Gauteng,mid,False
TXN00237,CUST0018,2023-08-30,516.69,Sports,Western Cape,mid,False
TXN02026,CUST0177,2023-08-31,6166.75,Electronics,KwaZulu-Natal,high,False
TXN02989,CUST0245,2023-08-31,1704.54,Sports,Gauteng,high,False
TXN03805,CUST0309,2023-08-31,5928.49,Furniture,KwaZulu-Natal,mid,False
TXN01287,CUST0103,2023-08-31,1209.87,Tools,Gauteng,mid,False
TXN04740,CUST0398,2023-08-31,748.54,Clothing,Western Cape,mid,False
TXN00113,CUST0010,2023-08-31,329.71,Stationery,KwaZulu-Natal,high,False
TXN02443,CUST0205,2023-09-01,598.17,Health & Beauty,Western Cape,high,False
TXN01115,CUST0087,2023-09-01,10899.86,Furniture,KwaZulu-Natal,high,False
TXN03657,CUST0299,2023-09-01,4775.38,Furniture,KwaZulu-Natal,mid,False
TXN02683,CUST0225,2023-09-01,1027.6,Tools,Gauteng,mid,False
TXN04045,CUST0334,2023-09-01,596.08,Sports,Gauteng,mid,False
TXN03445,CUST0283,2023-09-01,522.65,Clothing,Gauteng,mid,False
TXN04692,CUST0395,2023-09-01,838.85,Health & Beauty,Gauteng,high,False
TXN04499,CUST0376,2023-09-02,1360.2,Clothing,Gauteng,high,False
TXN03458,CUST0284,2023-09-02,729.44,Clothing,Gauteng,mid,False
TXN00834,CUST0060,2023-09-02,601.25,Groceries,Gauteng,high,False
TXN01271,CUST0102,2023-09-02,416.48,Health & Beauty,KwaZulu-Natal,mid,False
TXN00100,CUST0008,2023-09-02,11961.55,Furniture,Eastern Cape,high,False
TXN04679,CUST0394,2023-09-02,871.72,Sports,KwaZulu-Natal,mid,False
TXN03051,CUST0251,2023-09-02,4396.82,Electronics,Gauteng,high,False
TXN01683,CUST0147,2023-09-03,314.23,Stationery,Western Cape,high,False
TXN04240,CUST0354,2023-09-03,191.78,Stationery,Gauteng,mid,False
TXN01606,CUST0142,2023-09-03,154.41,Stationery,Gauteng,mid,False
TXN02340,CUST0200,2023-09-03,3594.15,Electronics,KwaZulu-Natal,high,False
TXN03941,CUST0325,2023-09-03,863.85,Clothing,Limpopo,mid,False
TXN02928,CUST0241,2023-09-03,368.31,Stationery,Limpopo,high,False
TXN04228,CUST0353,2023-09-03,211.35,Stationery,KwaZulu-Natal,mid,False
TXN04618,CUST0387,2023-09-03,1456.61,Tools,Gauteng,mid,False
TXN03248,CUST0266,2023-09-03,1084.58,Sports,KwaZulu-Natal,mid,False
TXN04130,CUST0342,2023-09-03,191.4,Health & Beauty,Western Cape,mid,False
TXN00366,CUST0026,2023-09-03,332.46,Tools,KwaZulu-Natal,mid,False
TXN00213,CUST0017,2023-09-03,227.48,Stationery,Gauteng,mid,False
TXN04037,CUST0333,2023-09-03,1086.33,Sports,Gauteng,mid,False
TXN01076,CUST0084,2023-09-04,1347.34,Sports,Gauteng,mid,False
TXN01554,CUST0137,2023-09-04,50.0,Groceries,Western Cape,low,False
TXN04007,CUST0331,2023-09-04,1131.02,Clothing,Gauteng,mid,False
TXN03159,CUST0257,2023-09-04,1340.34,Clothing,Limpopo,mid,False
TXN01673,CUST0147,2023-09-04,1850.53,Tools,Western Cape,high,False
TXN00770,CUST0057,2023-09-04,1629.05,Sports,Gauteng,high,False
TXN01056,CUST0082,2023-09-04,358.66,Health & Beauty,KwaZulu-Natal,mid,False
TXN03757,CUST0305,2023-09-05,1721.99,Tools,KwaZulu-Natal,high,False
TXN02542,CUST0214,2023-09-05,353.96,Stationery,Gauteng,high,False
TXN01163,CUST0093,2023-09-06,924.01,Tools,KwaZulu-Natal,mid,False
TXN02344,CUST0200,2023-09-06,2158.47,Tools,KwaZulu-Natal,high,False
TXN03744,CUST0304,2023-09-06,5837.83,Electronics,KwaZulu-Natal,high,False
TXN03751,CUST0304,2023-09-06,890.66,Health & Beauty,KwaZulu-Natal,high,False
TXN02126,CUST0186,2023-09-06,560.74,Tools,KwaZulu-Natal,mid,False
TXN04505,CUST0376,2023-09-06,6084.35,Electronics,Gauteng,high,False
TXN04431,CUST0371,2023-09-06,871.34,Groceries,Gauteng,high,False
TXN03265,CUST0267,2023-09-06,1039.52,Tools,KwaZulu-Natal,mid,False
TXN02733,CUST0229,2023-09-06,773.45,Health & Beauty,Eastern Cape,high,False
TXN02670,CUST0223,2023-09-07,254.78,Stationery,Gauteng,mid,False
TXN02052,CUST0179,2023-09-07,5816.53,Furniture,Limpopo,mid,False
TXN03004,CUST0246,2023-09-07,664.65,Sports,Limpopo,low,False
TXN00098,CUST0008,2023-09-08,647.91,Health & Beauty,Eastern Cape,high,False
TXN00127,CUST0010,2023-09-08,361.49,Stationery,KwaZulu-Natal,high,False
TXN01668,CUST0147,2023-09-08,753.84,Groceries,Western Cape,high,False
TXN01743,CUST0152,2023-09-09,227.03,Groceries,Gauteng,low,False
TXN00907,CUST0067,2023-09-09,341.3,Groceries,Gauteng,mid,False
TXN00354,CUST0026,2023-09-10,387.44,Health & Beauty,KwaZulu-Natal,mid,False
TXN04239,CUST0354,2023-09-10,361.9,Health & Beauty,Gauteng,mid,False
TXN01380,CUST0116,2023-09-10,2011.74,Tools,Eastern Cape,high,False
TXN01210,CUST0097,2023-09-10,3416.04,Electronics,Western Cape,mid,False
TXN02213,CUST0191,2023-09-10,6827.28,Electronics,Gauteng,high,False
TXN01894,CUST0163,2023-09-10,2051.07,Tools,KwaZulu-Natal,high,False
TXN03964,CUST0327,2023-09-10,1796.72,Tools,Western Cape,high,False
TXN02205,CUST0191,2023-09-10,2688.31,Tools,Gauteng,high,False
TXN02315,CUST0198,2023-09-10,435.96,Groceries,Eastern Cape,mid,False
TXN02785,CUST0234,2023-09-10,2378.14,Electronics,Western Cape,mid,False
TXN01574,CUST0139,2023-09-11,620.48,Sports,Gauteng,mid,False
TXN04664,CUST0393,2023-09-11,607.41,Sports,Gauteng,mid,False
TXN03054,CUST0251,2023-09-11,4384.54,Electronics,Gauteng,high,False
TXN02604,CUST0217,2023-09-11,844.85,Health & Beauty,Gauteng,high,False
TXN03327,CUST0271,2023-09-11,782.77,Clothing,Eastern Cape,mid,False
TXN04257,CUST0355,2023-09-11,1689.02,Sports,Gauteng,high,False
TXN02116,CUST0185,2023-09-11,260.52,Stationery,Gauteng,mid,False
TXN01638,CUST0144,2023-09-11,5809.22,Furniture,Gauteng,mid,False
TXN01910,CUST0164,2023-09-12,323.94,Stationery,Western Cape,high,False
TXN02713,CUST0227,2023-09-12,1132.2,Sports,Limpopo,mid,False
TXN01664,CUST0147,2023-09-12,494.08,Stationery,Western Cape,high,False
TXN00777,CUST0057,2023-09-12,724.53,Groceries,Gauteng,high,False
TXN02638,CUST0219,2023-09-12,2426.7,Furniture,KwaZulu-Natal,low,False
TXN03708,CUST0302,2023-09-12,538.51,Health & Beauty,Western Cape,high,False
TXN01080,CUST0084,2023-09-12,209.69,Stationery,Gauteng,mid,False
TXN00551,CUST0040,2023-09-12,767.47,Health & Beauty,Western Cape,high,False
TXN01195,CUST0095,2023-09-13,250.63,Health & Beauty,KwaZulu-Natal,mid,False
TXN02672,CUST0223,2023-09-13,383.79,Groceries,Gauteng,mid,False
TXN00793,CUST0058,2023-09-13,195.99,Groceries,Gauteng,mid,False
TXN02462,CUST0206,2023-09-14,2815.1,Electronics,Gauteng,mid,False
TXN02514,CUST0211,2023-09-14,312.16,Stationery,Western Cape,high,False
TXN02432,CUST0205,2023-09-14,335.46,Stationery,Western Cape,high,False
TXN03409,CUST0277,2023-09-14,5738.18,Electronics,KwaZulu-Natal,high,False
TXN02469,CUST0207,2023-09-14,1114.9,Sports,Gauteng,mid,False
TXN02072,CUST0180,2023-09-14,547.07,Groceries,Gauteng,mid,False
TXN02378,CUST0202,2023-09-14,966.23,Clothing,Gauteng,mid,False
TXN04153,CUST0345,2023-09-14,923.19,Sports,Gauteng,mid,False
TXN00662,CUST0049,2023-09-14,6214.65,Furniture,Western Cape,mid,False
TXN03522,CUST0290,2023-09-15,915.92,Clothing,Western Cape,mid,False
TXN03079,CUST0252,2023-09-15,402.59,Health & Beauty,Gauteng,mid,False
TXN01808,CUST0157,2023-09-15,1440.52,Clothing,KwaZulu-Natal,high,False
TXN03924,CUST0323,2023-09-15,1501.37,Clothing,KwaZulu-Natal,high,False
TXN02782,CUST0234,2023-09-15,850.88,Tools,Western Cape,mid,False
TXN00141,CUST0010,2023-09-15,1658.04,Tools,KwaZulu-Natal,high,False
TXN03922,CUST0323,2023-09-16,1656.64,Clothing,KwaZulu-Natal,high,False
TXN01768,CUST0156,2023-09-16,1022.02,Sports,Gauteng,mid,False
TXN02961,CUST0244,2023-09-16,1270.43,Tools,Gauteng,mid,False
TXN03213,CUST0264,2023-09-16,1051.81,Clothing,Western Cape,mid,False
TXN02720,CUST0227,2023-09-16,362.59,Groceries,Limpopo,mid,False
TXN03952,CUST0327,2023-09-16,5375.41,Electronics,Western Cape,high,False
TXN01994,CUST0174,2023-09-16,4161.06,Furniture,Gauteng,mid,False
TXN02926,CUST0241,2023-09-16,10223.68,Furniture,Limpopo,high,False
TXN04194,CUST0350,2023-09-17,909.81,Sports,KwaZulu-Natal,mid,False
TXN04150,CUST0345,2023-09-17,131.35,Stationery,Gauteng,mid,False
TXN03070,CUST0251,2023-09-17,1464.15,Sports,Gauteng,high,False
TXN01305,CUST0105,2023-09-17,420.33,Groceries,Eastern Cape,mid,False
TXN02863,CUST0238,2023-09-17,785.51,Sports,Gauteng,mid,False
TXN00768,CUST0057,2023-09-17,9978.0,Furniture,Gauteng,high,False
TXN02951,CUST0243,2023-09-17,146.45,Stationery,Eastern Cape,mid,False
TXN04612,CUST0387,2023-09-17,503.41,Groceries,Gauteng,mid,False
TXN01320,CUST0108,2023-09-17,2246.67,Electronics,KwaZulu-Natal,low,False
TXN01022,CUST0078,2023-09-17,3323.97,Electronics,Gauteng,mid,False
TXN02603,CUST0217,2023-09-17,344.46,Stationery,Gauteng,high,False
TXN03837,CUST0314,2023-09-17,813.86,Tools,Limpopo,mid,False
TXN00456,CUST0033,2023-09-17,1030.8,Tools,Gauteng,mid,False
TXN03424,CUST0278,2023-09-18,373.3,Health & Beauty,KwaZulu-Natal,mid,False
TXN03821,CUST0312,2023-09-18,765.37,Sports,Gauteng,mid,False
TXN01419,CUST0120,2023-09-18,5767.79,Furniture,Western Cape,mid,False
TXN02438,CUST0205,2023-09-18,696.51,Health & Beauty,Western Cape,high,False
TXN01814,CUST0157,2023-09-18,1840.32,Tools,KwaZulu-Natal,high,False
TXN00623,CUST0043,2023-09-19,394.74,Groceries,Gauteng,mid,False
TXN04541,CUST0380,2023-09-19,225.18,Stationery,Gauteng,mid,False
TXN02607,CUST0217,2023-09-19,5234.5,Electronics,Gauteng,high,False
TXN03346,CUST0273,2023-09-19,2093.52,Sports,Eastern Cape,high,False
TXN00278,CUST0023,2023-09-20,774.67,Health & Beauty,Gauteng,high,False
TXN04029,CUST0333,2023-09-20,4116.39,Electronics,Gauteng,mid,False
TXN03815,CUST0310,2023-09-20,1424.71,Tools,Gauteng,mid,False
TXN03125,CUST0256,2023-09-20,1180.4,Sports,Western Cape,high,False
TXN00998,CUST0077,2023-09-21,747.1,Groceries,KwaZulu-Natal,high,False
TXN02726,CUST0228,2023-09-21,143.58,Stationery,Gauteng,low,False
TXN01823,CUST0158,2023-09-21,1798.78,Clothing,KwaZulu-Natal,high,False
TXN00029,CUST0003,2023-09-21,205.26,Stationery,KwaZulu-Natal,mid,False
TXN04174,CUST0348,2023-09-21,322.42,Health & Beauty,Gauteng,mid,False
TXN02568,CUST0214,2023-09-21,4691.81,Electronics,Gauteng,high,False
TXN01038,CUST0081,2023-09-21,368.1,Health & Beauty,Eastern Cape,mid,False
TXN03130,CUST0256,2023-09-21,395.18,Stationery,Western Cape,high,False
TXN04636,CUST0389,2023-09-22,439.65,Sports,KwaZulu-Natal,mid,False
TXN02764,CUST0230,2023-09-22,904.64,Clothing,KwaZulu-Natal,mid,False
TXN03814,CUST0310,2023-09-22,383.06,Health & Beauty,Gauteng,mid,False
TXN04721,CUST0395,2023-09-22,1315.91,Sports,Gauteng,high,False
TXN01101,CUST0087,2023-09-22,1683.68,Sports,KwaZulu-Natal,high,False
TXN01482,CUST0128,2023-09-22,356.09,Groceries,Eastern Cape,mid,False
TXN04476,CUST0374,2023-09-22,6445.57,Furniture,KwaZulu-Natal,mid,False
TXN01610,CUST0142,2023-09-23,1307.35,Sports,Gauteng,mid,False
TXN02814,CUST0235,2023-09-23,1542.33,Sports,Gauteng,high,False
TXN03670,CUST0300,2023-09-23,945.85,Tools,Gauteng,mid,False
TXN00341,CUST0025,2023-09-23,4894.25,Electronics,Western Cape,high,False
TXN01357,CUST0115,2023-09-23,596.79,Groceries,KwaZulu-Natal,high,False
TXN01697,CUST0148,2023-09-23,465.24,Health & Beauty,Western Cape,mid,False
TXN02144,CUST0187,2023-09-24,2078.79,Tools,Eastern Cape,high,False
TXN03498,CUST0288,2023-09-24,376.51,Health & Beauty,Western Cape,mid,False
TXN04398,CUST0368,2023-09-24,598.53,Sports,Eastern Cape,low,False
TXN01955,CUST0168,2023-09-24,324.89,Stationery,Gauteng,mid,False
TXN01589,CUST0140,2023-09-24,1993.9,Tools,Limpopo,high,False
TXN03960,CUST0327,2023-09-24,1897.16,Tools,Western Cape,high,False
TXN01041,CUST0081,2023-09-25,3623.93,Electronics,Eastern Cape,mid,False
TXN00498,CUST0035,2023-09-25,1397.66,Clothing,Limpopo,high,False
TXN00599,CUST0041,2023-09-25,630.42,Groceries,Gauteng,high,False
TXN02804,CUST0235,2023-09-25,4543.11,Electronics,Gauteng,high,False
TXN04272,CUST0355,2023-09-25,10651.42,Furniture,Gauteng,high,False
TXN02590,CUST0217,2023-09-25,4664.92,Electronics,Gauteng,high,False
TXN00584,CUST0041,2023-09-25,385.81,Stationery,Gauteng,high,False
TXN00553,CUST0040,2023-09-25,807.7,Groceries,Western Cape,high,False
TXN03144,CUST0256,2023-09-25,724.7,Health & Beauty,Western Cape,high,False
TXN01303,CUST0105,2023-09-26,2628.03,Electronics,Eastern Cape,mid,False
TXN00944,CUST0071,2023-09-26,379.98,Stationery,KwaZulu-Natal,high,False
TXN04624,CUST0388,2023-09-26,4902.18,Furniture,Gauteng,mid,False
TXN01158,CUST0092,2023-09-26,3389.07,Electronics,KwaZulu-Natal,mid,False
TXN02408,CUST0204,2023-09-26,1655.9,Clothing,Eastern Cape,high,False
TXN01750,CUST0153,2023-09-26,881.31,Sports,Gauteng,mid,False
TXN01117,CUST0087,2023-09-26,10600.19,Furniture,KwaZulu-Natal,high,False
TXN02725,CUST0228,2023-09-26,133.16,Health & Beauty,Gauteng,low,False
TXN02104,CUST0184,2023-09-27,530.71,Groceries,Eastern Cape,mid,False
TXN03029,CUST0248,2023-09-27,7100.62,Furniture,Limpopo,mid,False
TXN00462,CUST0034,2023-09-27,1576.13,Sports,Limpopo,high,False
TXN01874,CUST0163,2023-09-27,370.86,Health & Beauty,KwaZulu-Natal,high,False
TXN01334,CUST0111,2023-09-28,721.85,Clothing,Gauteng,mid,False
TXN01815,CUST0157,2023-09-28,763.26,Groceries,KwaZulu-Natal,high,False
TXN01825,CUST0158,2023-09-28,2013.2,Tools,KwaZulu-Natal,high,False
TXN03610,CUST0295,2023-09-28,1593.21,Sports,Gauteng,high,False
TXN03894,CUST0322,2023-09-28,148.62,Stationery,KwaZulu-Natal,mid,False
TXN02214,CUST0191,2023-09-28,625.17,Groceries,Gauteng,high,False
TXN03337,CUST0273,2023-09-28,1591.01,Clothing,Eastern Cape,high,False
TXN00801,CUST0059,2023-09-28,444.76,Groceries,Gauteng,high,False
TXN01848,CUST0160,2023-09-28,3580.41,Electronics,KwaZulu-Natal,mid,False
TXN00888,CUST0064,2023-09-28,6707.77,Furniture,Gauteng,mid,False
TXN03739,CUST0304,2023-09-28,744.12,Health & Beauty,KwaZulu-Natal,high,False
TXN00164,CUST0013,2023-09-28,3755.3,Furniture,Eastern Cape,low,False
TXN02435,CUST0205,2023-09-28,1839.32,Sports,Western Cape,high,False
TXN04615,CUST0387,2023-09-28,1253.41,Tools,Gauteng,mid,False
TXN02674,CUST0223,2023-09-28,3949.25,Furniture,Gauteng,mid,False
TXN02350,CUST0200,2023-09-29,1184.76,Tools,KwaZulu-Natal,high,False
TXN04306,CUST0358,2023-09-29,1196.86,Sports,Western Cape,mid,False
TXN00820,CUST0059,2023-09-29,537.59,Groceries,Gauteng,high,False
TXN01091,CUST0085,2023-09-29,99.99,Health & Beauty,Gauteng,mid,False
TXN00527,CUST0037,2023-09-29,1707.37,Clothing,Gauteng,high,False
TXN02001,CUST0174,2023-09-30,812.44,Tools,Gauteng,mid,False
TXN01557,CUST0138,2023-09-30,6514.64,Furniture,KwaZulu-Natal,mid,False
TXN03420,CUST0278,2023-09-30,3109.79,Electronics,KwaZulu-Natal,mid,False
TXN02426,CUST0205,2023-09-30,8515.19,Furniture,Western Cape,high,False
TXN00400,CUST0030,2023-09-30,1709.81,Sports,Gauteng,high,False
TXN04016,CUST0331,2023-09-30,676.99,Clothing,Gauteng,mid,False
TXN01086,CUST0085,2023-09-30,1066.11,Sports,Gauteng,mid,False
TXN01476,CUST0128,2023-09-30,1111.07,Sports,Eastern Cape,mid,False
TXN00170,CUST0014,2023-09-30,1031.31,Tools,Gauteng,mid,False
TXN00766,CUST0057,2023-10-01,637.45,Groceries,Gauteng,high,False
TXN03131,CUST0256,2023-10-01,1986.0,Clothing,Western Cape,high,False
TXN03525,CUST0291,2023-10-01,4958.79,Furniture,Gauteng,mid,False
TXN00787,CUST0057,2023-10-01,418.24,Stationery,Gauteng,high,False
TXN02779,CUST0233,2023-10-01,315.5,Health & Beauty,Western Cape,mid,False
TXN03823,CUST0312,2023-10-02,749.46,Sports,Gauteng,mid,False
TXN03400,CUST0277,2023-10-02,1792.96,Clothing,KwaZulu-Natal,high,False
TXN04696,CUST0395,2023-10-02,12865.4,Furniture,Gauteng,high,False
TXN01912,CUST0164,2023-10-02,351.27,Stationery,Western Cape,high,False
TXN04169,CUST0347,2023-10-02,278.86,Health & Beauty,KwaZulu-Natal,mid,False
TXN02328,CUST0199,2023-10-02,1510.79,Sports,Eastern Cape,mid,False
TXN04685,CUST0394,2023-10-02,373.19,Health & Beauty,KwaZulu-Natal,mid,False
TXN02296,CUST0196,2023-10-02,158.45,Stationery,Gauteng,mid,False
TXN02973,CUST0245,2023-10-02,1776.8,Tools,Gauteng,high,False
TXN03381,CUST0277,2023-10-03,8246.14,Furniture,KwaZulu-Natal,high,False
TXN02103,CUST0184,2023-10-03,629.82,Clothing,Eastern Cape,mid,False
TXN03278,CUST0268,2023-10-03,1329.5,Clothing,KwaZulu-Natal,mid,False
TXN03512,CUST0290,2023-10-03,1156.77,Sports,Western Cape,mid,False
TXN02293,CUST0196,2023-10-03,4160.48,Furniture,Gauteng,mid,False
TXN00236,CUST0018,2023-10-03,261.02,Stationery,Western Cape,mid,False
TXN01044,CUST0081,2023-10-03,828.46,Clothing,Eastern Cape,mid,False
TXN04376,CUST0365,2023-10-04,370.88,Stationery,Limpopo,high,False
TXN04485,CUST0376,2023-10-04,1755.12,Sports,Gauteng,high,False
TXN02946,CUST0242,2023-10-04,332.33,Health & Beauty,Limpopo,mid,False
TXN03203,CUST0263,2023-10-04,7902.08,Furniture,Gauteng,mid,False
TXN03897,CUST0322,2023-10-04,8123.28,Furniture,KwaZulu-Natal,mid,False
TXN02273,CUST0194,2023-10-04,2126.95,Electronics,KwaZulu-Natal,mid,False
TXN03224,CUST0265,2023-10-04,1913.01,Sports,Eastern Cape,high,False
TXN03151,CUST0257,2023-10-04,1423.22,Tools,Limpopo,mid,False
TXN01019,CUST0078,2023-10-04,8935.75,Furniture,Gauteng,mid,False
TXN03539,CUST0292,2023-10-04,1253.93,Sports,Gauteng,mid,False
TXN00521,CUST0037,2023-10-04,10142.34,Furniture,Gauteng,high,False
TXN04625,CUST0388,2023-10-04,4161.46,Electronics,Gauteng,mid,False
TXN00489,CUST0035,2023-10-04,13257.04,Furniture,Limpopo,high,False
TXN03550,CUST0293,2023-10-04,923.35,Clothing,Eastern Cape,mid,False
TXN01229,CUST0098,2023-10-05,1594.82,Clothing,Western Cape,high,False
TXN02578,CUST0215,2023-10-05,1511.83,Electronics,KwaZulu-Natal,low,False
TXN02078,CUST0181,2023-10-05,593.16,Groceries,Gauteng,mid,False
TXN00628,CUST0043,2023-10-05,3934.9,Furniture,Gauteng,mid,False
TXN00321,CUST0025,2023-10-06,12216.71,Furniture,Western Cape,high,False
TXN04068,CUST0335,2023-10-06,50.0,Groceries,Gauteng,mid,False
TXN01736,CUST0151,2023-10-06,1061.89,Sports,Eastern Cape,mid,False
TXN04196,CUST0351,2023-10-06,9508.95,Furniture,Western Cape,high,False
TXN03285,CUST0268,2023-10-06,988.44,Tools,KwaZulu-Natal,mid,False
TXN04659,CUST0392,2023-10-07,3915.46,Electronics,Western Cape,mid,False
TXN03364,CUST0274,2023-10-07,1099.59,Sports,Eastern Cape,mid,False
TXN02978,CUST0245,2023-10-07,479.45,Stationery,Gauteng,high,False
TXN02884,CUST0240,2023-10-07,358.03,Groceries,Gauteng,mid,False
TXN00802,CUST0059,2023-10-07,814.69,Groceries,Gauteng,high,False
TXN02043,CUST0177,2023-10-07,1542.75,Sports,KwaZulu-Natal,high,False
TXN00539,CUST0038,2023-10-08,577.6,Sports,Gauteng,low,False
TXN02650,CUST0221,2023-10-08,6023.4,Furniture,KwaZulu-Natal,mid,False
TXN02314,CUST0198,2023-10-08,532.85,Health & Beauty,Eastern Cape,mid,False
TXN00417,CUST0031,2023-10-08,1512.13,Sports,Western Cape,high,False
TXN01804,CUST0157,2023-10-08,821.58,Groceries,KwaZulu-Natal,high,False
TXN02076,CUST0181,2023-10-08,332.87,Groceries,Gauteng,mid,False
TXN02374,CUST0202,2023-10-08,386.92,Groceries,Gauteng,mid,False
TXN02883,CUST0240,2023-10-08,6386.4,Furniture,Gauteng,mid,False
TXN04078,CUST0337,2023-10-08,7864.84,Furniture,Eastern Cape,mid,False
TXN03450,CUST0283,2023-10-08,6368.24,Furniture,Gauteng,mid,False
TXN03587,CUST0295,2023-10-08,649.48,Groceries,Gauteng,high,False
TXN01920,CUST0164,2023-10-09,419.23,Stationery,Western Cape,high,False
TXN03230,CUST0265,2023-10-09,1694.04,Clothing,Eastern Cape,high,False
TXN01573,CUST0139,2023-10-09,260.02,Stationery,Gauteng,mid,False
TXN03078,CUST0252,2023-10-09,963.52,Clothing,Gauteng,mid,False
TXN02800,CUST0235,2023-10-09,2083.53,Sports,Gauteng,high,False
TXN01637,CUST0144,2023-10-09,675.81,Clothing,Gauteng,mid,False
TXN00412,CUST0030,2023-10-10,1468.09,Clothing,Gauteng,high,False
TXN04302,CUST0358,2023-10-10,796.68,Sports,Western Cape,mid,False
TXN00855,CUST0061,2023-10-10,8754.58,Furniture,Gauteng,high,False
TXN01128,CUST0088,2023-10-10,915.17,Sports,KwaZulu-Natal,mid,False
TXN00568,CUST0040,2023-10-10,1683.98,Sports,Western Cape,high,False
TXN02034,CUST0177,2023-10-10,1554.62,Clothing,KwaZulu-Natal,high,False
TXN02381,CUST0203,2023-10-10,790.96,Clothing,Gauteng,mid,False
TXN01835,CUST0158,2023-10-10,1687.9,Clothing,KwaZulu-Natal,high,False
TXN04002,CUST0330,2023-10-10,590.64,Groceries,Gauteng,mid,False
TXN01488,CUST0129,2023-10-11,1644.43,Clothing,Gauteng,high,False
TXN00379,CUST0029,2023-10-11,185.67,Groceries,Western Cape,mid,False
TXN01450,CUST0122,2023-10-11,329.71,Groceries,Eastern Cape,mid,False
TXN04015,CUST0331,2023-10-12,5106.41,Furniture,Gauteng,mid,False
TXN00017,CUST0001,2023-10-12,632.04,Health & Beauty,Gauteng,high,False
TXN03168,CUST0259,2023-10-12,562.24,Groceries,Western Cape,mid,False
TXN00925,CUST0071,2023-10-12,624.36,Health & Beauty,KwaZulu-Natal,high,False
TXN04530,CUST0377,2023-10-12,1285.41,Sports,Eastern Cape,mid,False
TXN00025,CUST0001,2023-10-12,6021.8,Electronics,Gauteng,high,False
TXN04070,CUST0336,2023-10-12,153.5,Health & Beauty,Gauteng,low,False
TXN01092,CUST0085,2023-10-13,351.53,Health & Beauty,Gauteng,mid,False
TXN03006,CUST0247,2023-10-13,6462.29,Furniture,Western Cape,mid,False
TXN00323,CUST0025,2023-10-13,384.48,Stationery,Western Cape,high,False
TXN04167,CUST0347,2023-10-13,7748.59,Furniture,KwaZulu-Natal,mid,False
TXN00059,CUST0006,2023-10-14,328.19,Tools,Gauteng,low,False
TXN00353,CUST0025,2023-10-14,654.02,Groceries,Western Cape,high,False
TXN03819,CUST0312,2023-10-14,1138.73,Clothing,Gauteng,mid,False
TXN01175,CUST0093,2023-10-14,442.5,Groceries,KwaZulu-Natal,mid,False
TXN00246,CUST0019,2023-10-14,1176.04,Sports,Western Cape,mid,False
TXN03629,CUST0297,2023-10-14,590.79,Clothing,KwaZulu-Natal,mid,False
TXN04680,CUST0394,2023-10-14,774.06,Clothing,KwaZulu-Natal,mid,False
TXN02212,CUST0191,2023-10-14,646.44,Health & Beauty,Gauteng,high,False
TXN03194,CUST0262,2023-10-15,151.55,Groceries,Limpopo,low,False
TXN03449,CUST0283,2023-10-15,936.11,Tools,Gauteng,mid,False
TXN04222,CUST0353,2023-10-15,437.41,Groceries,KwaZulu-Natal,mid,False
TXN00399,CUST0030,2023-10-15,1592.74,Sports,Gauteng,high,False
TXN03527,CUST0291,2023-10-15,6693.98,Furniture,Gauteng,mid,False
TXN04370,CUST0365,2023-10-15,1646.44,Clothing,Limpopo,high,False
TXN02643,CUST0221,2023-10-15,928.59,Tools,KwaZulu-Natal,mid,False
TXN02406,CUST0204,2023-10-15,2210.08,Tools,Eastern Cape,high,False
TXN01226,CUST0098,2023-10-15,11476.8,Furniture,Western Cape,high,False
TXN02004,CUST0174,2023-10-15,6439.8,Furniture,Gauteng,mid,False
TXN02609,CUST0217,2023-10-15,397.35,Stationery,Gauteng,high,False
TXN00037,CUST0003,2023-10-15,595.35,Sports,KwaZulu-Natal,mid,False
TXN03914,CUST0323,2023-10-16,13309.63,Furniture,KwaZulu-Natal,high,False
TXN03322,CUST0271,2023-10-16,365.97,Groceries,Eastern Cape,mid,False
TXN00526,CUST0037,2023-10-16,11928.35,Furniture,Gauteng,high,False
TXN00929,CUST0071,2023-10-16,2001.72,Tools,KwaZulu-Natal,high,False
TXN00342,CUST0025,2023-10-16,14774.36,Furniture,Western Cape,high,False
TXN00132,CUST0010,2023-10-16,2115.46,Tools,KwaZulu-Natal,high,False
TXN03291,CUST0269,2023-10-16,420.05,Health & Beauty,Gauteng,mid,False
TXN00479,CUST0034,2023-10-16,6857.65,Electronics,Limpopo,high,False
TXN00069,CUST0007,2023-10-16,770.18,Clothing,Gauteng,mid,False
TXN00937,CUST0071,2023-10-16,2183.82,Tools,KwaZulu-Natal,high,False
TXN01781,CUST0157,2023-10-16,1910.68,Tools,KwaZulu-Natal,high,False
TXN01619,CUST0143,2023-10-16,198.63,Stationery,Western Cape,mid,False
TXN00672,CUST0049,2023-10-17,459.45,Health & Beauty,Western Cape,mid,False
TXN03898,CUST0322,2023-10-17,5702.17,Furniture,KwaZulu-Natal,mid,False
TXN03779,CUST0305,2023-10-17,357.5,Stationery,KwaZulu-Natal,high,False
TXN04745,CUST0398,2023-10-18,634.69,Tools,Western Cape,mid,False
TXN01273,CUST0103,2023-10-18,175.26,Stationery,Gauteng,mid,False
TXN04551,CUST0381,2023-10-19,443.92,Health & Beauty,Gauteng,mid,False
TXN01322,CUST0109,2023-10-19,390.72,Clothing,Gauteng,low,False
TXN04328,CUST0362,2023-10-19,930.58,Clothing,KwaZulu-Natal,mid,False
TXN02765,CUST0230,2023-10-19,4255.12,Electronics,KwaZulu-Natal,mid,False
TXN02352,CUST0200,2023-10-19,1576.38,Clothing,KwaZulu-Natal,high,False
TXN04443,CUST0373,2023-10-20,481.58,Stationery,Gauteng,high,False
TXN04550,CUST0381,2023-10-20,427.64,Groceries,Gauteng,mid,False
TXN03084,CUST0252,2023-10-20,3386.11,Electronics,Gauteng,mid,False
TXN02284,CUST0196,2023-10-20,3024.74,Electronics,Gauteng,mid,False
TXN02719,CUST0227,2023-10-20,419.91,Groceries,Limpopo,mid,False
TXN01940,CUST0166,2023-10-20,170.82,Stationery,Eastern Cape,mid,False
TXN00700,CUST0052,2023-10-20,805.32,Clothing,KwaZulu-Natal,mid,False
TXN02981,CUST0245,2023-10-20,1857.04,Sports,Gauteng,high,False
TXN03723,CUST0303,2023-10-20,790.19,Clothing,Western Cape,mid,False
TXN02046,CUST0179,2023-10-20,676.23,Clothing,Limpopo,mid,False
TXN02476,CUST0207,2023-10-20,1014.9,Tools,Gauteng,mid,False
TXN00288,CUST0023,2023-10-20,9957.29,Furniture,Gauteng,high,False
TXN01114,CUST0087,2023-10-20,637.11,Groceries,KwaZulu-Natal,high,False
TXN01135,CUST0091,2023-10-21,120.11,Stationery,Gauteng,mid,False
TXN00603,CUST0041,2023-10-21,12481.52,Furniture,Gauteng,high,False
TXN03830,CUST0313,2023-10-21,947.77,Sports,Gauteng,mid,False
TXN00755,CUST0057,2023-10-21,2029.39,Tools,Gauteng,high,False
TXN03637,CUST0298,2023-10-21,611.85,Sports,Gauteng,mid,False
TXN04675,CUST0393,2023-10-21,877.43,Clothing,Gauteng,mid,False
TXN03233,CUST0265,2023-10-21,1581.64,Sports,Eastern Cape,high,False
TXN02531,CUST0211,2023-10-21,1578.76,Sports,Western Cape,high,False
TXN03371,CUST0275,2023-10-22,861.37,Clothing,Western Cape,mid,False
TXN00457,CUST0033,2023-10-22,913.73,Clothing,Gauteng,mid,False
TXN03968,CUST0327,2023-10-22,746.95,Health & Beauty,Western Cape,high,False
TXN04209,CUST0351,2023-10-22,875.1,Groceries,Western Cape,high,False
TXN00874,CUST0061,2023-10-22,835.37,Groceries,Gauteng,high,False
TXN03551,CUST0293,2023-10-22,321.28,Health & Beauty,Eastern Cape,mid,False
TXN00943,CUST0071,2023-10-22,1797.92,Sports,KwaZulu-Natal,high,False
TXN03447,CUST0283,2023-10-23,456.15,Groceries,Gauteng,mid,False
TXN03762,CUST0305,2023-10-23,883.52,Health & Beauty,KwaZulu-Natal,high,False
TXN01397,CUST0116,2023-10-23,1754.88,Sports,Eastern Cape,high,False
TXN03526,CUST0291,2023-10-23,468.85,Health & Beauty,Gauteng,mid,False
TXN00894,CUST0065,2023-10-23,147.99,Groceries,Gauteng,low,False
TXN00065,CUST0007,2023-10-23,581.84,Groceries,Gauteng,mid,False
TXN00003,CUST0001,2023-10-23,5975.82,Electronics,Gauteng,high,False
TXN01027,CUST0079,2023-10-23,739.64,Tools,Gauteng,low,False
TXN01757,CUST0154,2023-10-23,225.84,Stationery,Western Cape,mid,False
TXN03476,CUST0286,2023-10-24,7264.88,Furniture,Gauteng,mid,False
TXN02168,CUST0188,2023-10-24,1966.95,Tools,Western Cape,high,False
TXN04026,CUST0332,2023-10-24,3003.18,Furniture,KwaZulu-Natal,low,False
TXN02389,CUST0203,2023-10-24,361.84,Groceries,Gauteng,mid,False
TXN01500,CUST0129,2023-10-25,883.65,Groceries,Gauteng,high,False
TXN01206,CUST0096,2023-10-25,4912.48,Furniture,Western Cape,mid,False
TXN03685,CUST0301,2023-10-25,473.66,Groceries,Gauteng,mid,False
TXN04012,CUST0331,2023-10-25,146.18,Stationery,Gauteng,mid,False
TXN02818,CUST0235,2023-10-25,342.59,Stationery,Gauteng,high,False
TXN03404,CUST0277,2023-10-25,2006.25,Sports,KwaZulu-Natal,high,False
TXN04395,CUST0366,2023-10-26,1195.74,Clothing,Gauteng,mid,False
TXN04481,CUST0375,2023-10-26,2521.41,Furniture,Gauteng,low,False
TXN02247,CUST0192,2023-10-26,320.96,Health & Beauty,Eastern Cape,mid,False
TXN01291,CUST0104,2023-10-26,65.45,Stationery,Western Cape,low,False
TXN00264,CUST0023,2023-10-27,8317.1,Furniture,Gauteng,high,False
TXN02892,CUST0240,2023-10-27,429.16,Health & Beauty,Gauteng,mid,False
TXN01897,CUST0163,2023-10-27,734.33,Groceries,KwaZulu-Natal,high,False
TXN02367,CUST0201,2023-10-27,1363.5,Tools,KwaZulu-Natal,mid,False
TXN03592,CUST0295,2023-10-27,1560.33,Clothing,Gauteng,high,False
TXN04295,CUST0358,2023-10-28,2698.7,Electronics,Western Cape,mid,False
TXN03933,CUST0323,2023-10-28,9269.1,Furniture,KwaZulu-Natal,high,False
TXN03295,CUST0269,2023-10-28,7240.89,Furniture,Gauteng,mid,False
TXN02652,CUST0221,2023-10-29,718.56,Tools,KwaZulu-Natal,mid,False
TXN03509,CUST0290,2023-10-29,941.73,Sports,Western Cape,mid,False
TXN04327,CUST0362,2023-10-29,1591.83,Tools,KwaZulu-Natal,mid,False
TXN00409,CUST0030,2023-10-29,1488.28,Sports,Gauteng,high,False
TXN03995,CUST0330,2023-10-29,1100.26,Tools,Gauteng,mid,False
TXN01237,CUST0098,2023-10-29,735.79,Health & Beauty,Western Cape,high,False
TXN00423,CUST0031,2023-10-29,864.93,Health & Beauty,Western Cape,high,False
TXN02080,CUST0181,2023-10-29,1107.25,Tools,Gauteng,mid,False
TXN01136,CUST0091,2023-10-29,3305.09,Electronics,Gauteng,mid,False
TXN03818,CUST0312,2023-10-30,1481.58,Tools,Gauteng,mid,False
TXN03655,CUST0299,2023-10-30,3858.36,Electronics,KwaZulu-Natal,mid,False
TXN00703,CUST0052,2023-10-30,866.75,Sports,KwaZulu-Natal,mid,False
TXN03241,CUST0265,2023-10-30,1811.38,Sports,Eastern Cape,high,False
TXN02644,CUST0221,2023-10-30,374.97,Health & Beauty,KwaZulu-Natal,mid,False
TXN04337,CUST0362,2023-10-30,1083.58,Clothing,KwaZulu-Natal,mid,False
TXN04513,CUST0376,2023-10-30,1833.46,Tools,Gauteng,high,False
TXN01393,CUST0116,2023-10-30,1751.92,Sports,Eastern Cape,high,False
TXN04066,CUST0335,2023-10-30,595.79,Tools,Gauteng,mid,False
TXN02335,CUST0200,2023-10-30,1636.97,Sports,KwaZulu-Natal,high,False
TXN03282,CUST0268,2023-10-31,3783.54,Furniture,KwaZulu-Natal,mid,False
TXN02887,CUST0240,2023-10-31,262.13,Health & Beauty,Gauteng,mid,False
TXN03464,CUST0284,2023-10-31,939.81,Sports,Gauteng,mid,False
TXN03324,CUST0271,2023-10-31,613.74,Groceries,Eastern Cape,mid,False
TXN01004,CUST0077,2023-10-31,430.53,Stationery,KwaZulu-Natal,high,False
TXN02057,CUST0179,2023-10-31,321.5,Groceries,Limpopo,mid,False
TXN04213,CUST0351,2023-10-31,2254.15,Tools,Western Cape,high,False
TXN02836,CUST0236,2023-10-31,4499.7,Electronics,KwaZulu-Natal,mid,False
TXN00646,CUST0046,2023-10-31,1344.74,Furniture,KwaZulu-Natal,low,False
TXN01326,CUST0110,2023-10-31,624.95,Tools,Gauteng,low,False
TXN00945,CUST0071,2023-11-01,949.01,Groceries,KwaZulu-Natal,high,False
TXN02045,CUST0178,2023-11-01,447.98,Clothing,Gauteng,low,False
TXN00475,CUST0034,2023-11-01,977.24,Groceries,Limpopo,high,False
TXN00629,CUST0044,2023-11-01,345.07,Stationery,Eastern Cape,mid,False
TXN03601,CUST0295,2023-11-01,2182.93,Clothing,Gauteng,high,False
TXN01440,CUST0122,2023-11-01,4045.39,Electronics,Eastern Cape,mid,False
TXN03967,CUST0327,2023-11-01,1002.92,Groceries,Western Cape,high,False
TXN01976,CUST0171,2023-11-01,901.56,Clothing,KwaZulu-Natal,mid,False
TXN02628,CUST0218,2023-11-02,7191.52,Furniture,KwaZulu-Natal,mid,False
TXN01317,CUST0108,2023-11-02,576.95,Tools,KwaZulu-Natal,low,False
TXN01359,CUST0115,2023-11-02,14188.24,Furniture,KwaZulu-Natal,high,False
TXN00815,CUST0059,2023-11-02,2803.38,Tools,Gauteng,high,False
TXN00152,CUST0011,2023-11-02,1410.15,Tools,Gauteng,mid,False
TXN02997,CUST0245,2023-11-02,15673.86,Furniture,Gauteng,high,False
TXN04746,CUST0398,2023-11-02,1172.74,Sports,Western Cape,mid,False
TXN02373,CUST0201,2023-11-02,1438.22,Tools,KwaZulu-Natal,mid,False
TXN03516,CUST0290,2023-11-02,1273.67,Sports,Western Cape,mid,False
TXN02452,CUST0206,2023-11-02,1414.51,Tools,Gauteng,mid,False
TXN04063,CUST0335,2023-11-03,3915.72,Electronics,Gauteng,mid,False
TXN04316,CUST0361,2023-11-03,8543.22,Furniture,Gauteng,mid,False
TXN03185,CUST0261,2023-11-03,1159.56,Sports,Western Cape,mid,False
TXN03510,CUST0290,2023-11-03,7155.13,Furniture,Western Cape,mid,False
TXN03810,CUST0310,2023-11-03,7813.55,Furniture,Gauteng,mid,False
TXN00201,CUST0016,2023-11-03,9754.94,Furniture,Gauteng,mid,False
TXN00732,CUST0055,2023-11-03,7304.88,Electronics,Western Cape,high,False
TXN03906,CUST0323,2023-11-03,2101.97,Sports,KwaZulu-Natal,high,False
TXN02567,CUST0214,2023-11-03,2281.07,Clothing,Gauteng,high,False
TXN02927,CUST0241,2023-11-03,920.47,Health & Beauty,Limpopo,high,False
TXN02655,CUST0222,2023-11-04,3608.81,Electronics,Western Cape,mid,False
TXN02241,CUST0192,2023-11-04,484.57,Groceries,Eastern Cape,mid,False
TXN00371,CUST0027,2023-11-04,1181.02,Sports,Gauteng,mid,False
TXN04754,CUST0400,2023-11-04,1072.76,Electronics,KwaZulu-Natal,low,False
TXN04708,CUST0395,2023-11-05,1815.98,Clothing,Gauteng,high,False
TXN03270,CUST0267,2023-11-05,428.1,Health & Beauty,KwaZulu-Natal,mid,False
TXN00008,CUST0001,2023-11-05,8423.64,Electronics,Gauteng,high,False
TXN02824,CUST0235,2023-11-05,1083.7,Groceries,Gauteng,high,False
TXN01040,CUST0081,2023-11-05,428.96,Health & Beauty,Eastern Cape,mid,False
TXN03032,CUST0249,2023-11-05,50.0,Groceries,Limpopo,low,False
TXN01662,CUST0146,2023-11-05,1344.78,Clothing,Gauteng,mid,False
TXN02420,CUST0204,2023-11-05,1868.02,Sports,Eastern Cape,high,False
TXN03514,CUST0290,2023-11-06,947.53,Clothing,Western Cape,mid,False
TXN03607,CUST0295,2023-11-06,832.93,Health & Beauty,Gauteng,high,False
TXN01070,CUST0083,2023-11-06,7305.54,Furniture,Gauteng,mid,False
TXN01384,CUST0116,2023-11-06,1789.35,Tools,Eastern Cape,high,False
TXN02312,CUST0198,2023-11-06,466.8,Health & Beauty,Eastern Cape,mid,False
TXN01629,CUST0144,2023-11-06,1310.27,Sports,Gauteng,mid,False
TXN03460,CUST0284,2023-11-06,6754.61,Furniture,Gauteng,mid,False
TXN03679,CUST0301,2023-11-06,497.23,Groceries,Gauteng,mid,False
TXN02992,CUST0245,2023-11-07,1588.4,Clothing,Gauteng,high,False
TXN01143,CUST0091,2023-11-07,342.11,Stationery,Gauteng,mid,False
TXN04732,CUST0397,2023-11-07,254.26,Health & Beauty,Eastern Cape,low,False
TXN01219,CUST0097,2023-11-07,9694.21,Furniture,Western Cape,mid,False
TXN02229,CUST0191,2023-11-07,499.72,Stationery,Gauteng,high,False
TXN03972,CUST0328,2023-11-07,2064.95,Furniture,Western Cape,low,False
TXN00316,CUST0025,2023-11-07,1918.84,Sports,Western Cape,high,False
TXN00767,CUST0057,2023-11-07,2519.75,Tools,Gauteng,high,False
TXN02854,CUST0237,2023-11-07,3345.69,Electronics,Gauteng,mid,False
TXN03668,CUST0300,2023-11-08,1469.86,Sports,Gauteng,mid,False
TXN03784,CUST0307,2023-11-08,231.29,Stationery,Western Cape,mid,False
TXN03719,CUST0302,2023-11-08,3030.63,Tools,Western Cape,high,False
TXN00280,CUST0023,2023-11-08,7610.83,Electronics,Gauteng,high,False
TXN02039,CUST0177,2023-11-09,966.11,Groceries,KwaZulu-Natal,high,False
TXN01391,CUST0116,2023-11-09,1054.11,Health & Beauty,Eastern Cape,high,False
TXN04121,CUST0342,2023-11-09,1066.53,Clothing,Western Cape,mid,False
TXN00849,CUST0061,2023-11-09,461.73,Stationery,Gauteng,high,False
TXN01886,CUST0163,2023-11-09,2318.07,Tools,KwaZulu-Natal,high,False
TXN00472,CUST0034,2023-11-09,444.72,Stationery,Limpopo,high,False
TXN04616,CUST0387,2023-11-09,448.98,Health & Beauty,Gauteng,mid,False
TXN03870,CUST0319,2023-11-09,14382.19,Furniture,Gauteng,high,False
TXN00676,CUST0050,2023-11-09,8162.49,Electronics,Gauteng,high,False
TXN00714,CUST0053,2023-11-09,2869.97,Electronics,Limpopo,mid,False
TXN00426,CUST0031,2023-11-10,2497.85,Tools,Western Cape,high,False
TXN02969,CUST0245,2023-11-10,1071.2,Groceries,Gauteng,high,False
TXN04127,CUST0342,2023-11-10,4874.69,Electronics,Western Cape,mid,False
TXN00473,CUST0034,2023-11-10,514.2,Stationery,Limpopo,high,False
TXN00920,CUST0069,2023-11-10,612.66,Health & Beauty,Gauteng,mid,False
TXN00442,CUST0031,2023-11-10,2708.29,Tools,Western Cape,high,False
TXN01791,CUST0157,2023-11-10,451.17,Stationery,KwaZulu-Natal,high,False
TXN01839,CUST0158,2023-11-10,2768.54,Tools,KwaZulu-Natal,high,False
TXN01744,CUST0153,2023-11-10,460.96,Groceries,Gauteng,mid,False
TXN03625,CUST0297,2023-11-10,1362.2,Tools,KwaZulu-Natal,mid,False
TXN01853,CUST0160,2023-11-11,454.66,Health & Beauty,KwaZulu-Natal,mid,False
TXN00880,CUST0062,2023-11-11,1106.17,Tools,Gauteng,mid,False
TXN03277,CUST0268,2023-11-12,627.54,Groceries,KwaZulu-Natal,mid,False
TXN00333,CUST0025,2023-11-12,473.87,Stationery,Western Cape,high,False
TXN02807,CUST0235,2023-11-12,2025.46,Tools,Gauteng,high,False
TXN01247,CUST0098,2023-11-12,2019.43,Tools,Western Cape,high,False
TXN02206,CUST0191,2023-11-12,2179.83,Tools,Gauteng,high,False
TXN03480,CUST0286,2023-11-13,1517.74,Tools,Gauteng,mid,False
TXN00812,CUST0059,2023-11-13,11566.37,Furniture,Gauteng,high,False
TXN03612,CUST0295,2023-11-13,2090.15,Tools,Gauteng,high,False
TXN02639,CUST0220,2023-11-13,839.29,Tools,Eastern Cape,low,False
TXN00942,CUST0071,2023-11-13,573.9,Stationery,KwaZulu-Natal,high,False
TXN01462,CUST0126,2023-11-13,448.3,Health & Beauty,Western Cape,mid,False
TXN00188,CUST0015,2023-11-13,538.94,Groceries,Gauteng,mid,False
TXN03997,CUST0330,2023-11-13,4190.11,Electronics,Gauteng,mid,False
TXN02277,CUST0194,2023-11-13,886.31,Clothing,KwaZulu-Natal,mid,False
TXN04434,CUST0372,2023-11-13,264.38,Health & Beauty,Gauteng,low,False
TXN01436,CUST0121,2023-11-14,1134.25,Sports,Eastern Cape,mid,False
TXN04578,CUST0383,2023-11-14,498.3,Groceries,KwaZulu-Natal,mid,False
TXN04163,CUST0347,2023-11-14,353.06,Stationery,KwaZulu-Natal,mid,False
TXN01545,CUST0135,2023-11-14,706.07,Sports,Limpopo,low,False
TXN02788,CUST0234,2023-11-14,3923.95,Electronics,Western Cape,mid,False
TXN04737,CUST0398,2023-11-14,7857.05,Furniture,Western Cape,mid,False
TXN03189,CUST0261,2023-11-14,1358.3,Sports,Western Cape,mid,False
TXN02949,CUST0243,2023-11-15,4649.36,Electronics,Eastern Cape,mid,False
TXN03110,CUST0255,2023-11-15,4198.35,Furniture,Gauteng,mid,False
TXN00440,CUST0031,2023-11-15,2493.04,Tools,Western Cape,high,False
TXN03983,CUST0329,2023-11-16,371.66,Health & Beauty,Western Cape,mid,False
TXN00393,CUST0029,2023-11-16,1191.52,Clothing,Western Cape,mid,False
TXN01315,CUST0106,2023-11-16,625.26,Health & Beauty,Gauteng,mid,False
TXN02577,CUST0214,2023-11-16,3108.92,Tools,Gauteng,high,False
TXN04299,CUST0358,2023-11-16,4579.27,Electronics,Western Cape,mid,False
TXN01885,CUST0163,2023-11-16,2692.76,Tools,KwaZulu-Natal,high,False
TXN02149,CUST0187,2023-11-16,938.96,Groceries,Eastern Cape,high,False
TXN00299,CUST0023,2023-11-16,1120.59,Groceries,Gauteng,high,False
TXN03071,CUST0251,2023-11-16,11346.65,Furniture,Gauteng,high,False
TXN04486,CUST0376,2023-11-16,2071.89,Sports,Gauteng,high,False
TXN02355,CUST0200,2023-11-17,831.39,Groceries,KwaZulu-Natal,high,False
TXN00322,CUST0025,2023-11-17,7811.28,Electronics,Western Cape,high,False
TXN00670,CUST0049,2023-11-18,718.71,Clothing,Western Cape,mid,False
TXN03537,CUST0292,2023-11-18,587.35,Health & Beauty,Gauteng,mid,False
TXN04522,CUST0377,2023-11-18,7878.64,Furniture,Eastern Cape,mid,False
TXN01577,CUST0139,2023-11-18,1201.77,Sports,Gauteng,mid,False
TXN02494,CUST0209,2023-11-18,5283.79,Electronics,Gauteng,mid,False
TXN01963,CUST0168,2023-11-19,4905.45,Electronics,Gauteng,mid,False
TXN00653,CUST0048,2023-11-19,338.38,Groceries,Western Cape,low,False
TXN02429,CUST0205,2023-11-19,827.25,Health & Beauty,Western Cape,high,False
TXN00130,CUST0010,2023-11-19,2146.02,Sports,KwaZulu-Natal,high,False
TXN02172,CUST0188,2023-11-20,2122.86,Clothing,Western Cape,high,False
TXN00271,CUST0023,2023-11-20,399.13,Stationery,Gauteng,high,False
TXN02225,CUST0191,2023-11-20,839.69,Health & Beauty,Gauteng,high,False
TXN01754,CUST0154,2023-11-20,4816.88,Electronics,Western Cape,mid,False
TXN00149,CUST0011,2023-11-20,576.49,Groceries,Gauteng,mid,False
TXN00588,CUST0041,2023-11-20,2633.34,Tools,Gauteng,high,False
TXN02756,CUST0230,2023-11-20,8909.79,Furniture,KwaZulu-Natal,mid,False
TXN00252,CUST0019,2023-11-20,1158.88,Clothing,Western Cape,mid,False
TXN01975,CUST0171,2023-11-21,1679.58,Tools,KwaZulu-Natal,mid,False
TXN04231,CUST0353,2023-11-21,276.02,Stationery,KwaZulu-Natal,mid,False
TXN01752,CUST0154,2023-11-21,1026.06,Sports,Western Cape,mid,False
TXN02442,CUST0205,2023-11-21,7354.25,Electronics,Western Cape,high,False
TXN03016,CUST0247,2023-11-21,487.92,Groceries,Western Cape,mid,False
TXN02537,CUST0213,2023-11-21,1841.26,Tools,KwaZulu-Natal,mid,False
TXN04528,CUST0377,2023-11-21,288.45,Stationery,Eastern Cape,mid,False
TXN02459,CUST0206,2023-11-21,1084.12,Clothing,Gauteng,mid,False
TXN01777,CUST0156,2023-11-22,311.12,Stationery,Gauteng,mid,False
TXN00810,CUST0059,2023-11-22,479.53,Stationery,Gauteng,high,False
TXN00711,CUST0053,2023-11-22,7450.53,Furniture,Limpopo,mid,False
TXN02173,CUST0188,2023-11-22,5653.09,Electronics,Western Cape,high,False
TXN02171,CUST0188,2023-11-22,934.28,Groceries,Western Cape,high,False
TXN01985,CUST0173,2023-11-22,591.66,Groceries,Western Cape,mid,False
TXN02837,CUST0236,2023-11-23,6145.7,Furniture,KwaZulu-Natal,mid,False
TXN01354,CUST0115,2023-11-23,779.17,Health & Beauty,KwaZulu-Natal,high,False
TXN00478,CUST0034,2023-11-23,2923.06,Tools,Limpopo,high,False
TXN00796,CUST0058,2023-11-23,1000.75,Clothing,Gauteng,mid,False
TXN01064,CUST0083,2023-11-23,3950.4,Electronics,Gauteng,mid,False
TXN03415,CUST0278,2023-11-23,314.19,Health & Beauty,KwaZulu-Natal,mid,False
TXN02922,CUST0241,2023-11-23,2322.02,Sports,Limpopo,high,False
TXN01169,CUST0093,2023-11-23,518.27,Groceries,KwaZulu-Natal,mid,False
TXN00033,CUST0003,2023-11-24,1598.45,Tools,KwaZulu-Natal,mid,False
TXN02965,CUST0245,2023-11-24,16389.5,Furniture,Gauteng,high,False
TXN04498,CUST0376,2023-11-24,496.98,Stationery,Gauteng,high,False
TXN02958,CUST0243,2023-11-25,6138.83,Furniture,Eastern Cape,mid,False
TXN04663,CUST0392,2023-11-25,498.3,Health & Beauty,Western Cape,mid,False
TXN01639,CUST0144,2023-11-25,1219.58,Sports,Gauteng,mid,False
TXN03495,CUST0288,2023-11-25,1720.15,Tools,Western Cape,mid,False
TXN02200,CUST0190,2023-11-26,741.53,Groceries,Gauteng,mid,False
TXN02428,CUST0205,2023-11-26,7773.27,Electronics,Western Cape,high,False
TXN02308,CUST0197,2023-11-26,401.82,Health & Beauty,KwaZulu-Natal,mid,False
TXN03835,CUST0314,2023-11-26,1329.2,Sports,Limpopo,mid,False
TXN04139,CUST0344,2023-11-26,355.17,Health & Beauty,Western Cape,mid,False
TXN02967,CUST0245,2023-11-26,10931.36,Furniture,Gauteng,high,False
TXN03855,CUST0317,2023-11-27,232.79,Groceries,Western Cape,low,False
TXN00854,CUST0061,2023-11-27,493.95,Stationery,Gauteng,high,False
TXN02962,CUST0244,2023-11-27,252.24,Stationery,Gauteng,mid,False
TXN04456,CUST0373,2023-11-27,473.22,Stationery,Gauteng,high,False
TXN02310,CUST0197,2023-11-27,327.03,Stationery,KwaZulu-Natal,mid,False
TXN00256,CUST0019,2023-11-27,5100.57,Electronics,Western Cape,mid,False
TXN00760,CUST0057,2023-11-27,493.65,Stationery,Gauteng,high,False
TXN02135,CUST0186,2023-11-27,1172.75,Tools,KwaZulu-Natal,mid,False
TXN01449,CUST0122,2023-11-27,892.14,Clothing,Eastern Cape,mid,False
TXN01844,CUST0159,2023-11-27,399.49,Sports,Gauteng,low,False
TXN01260,CUST0101,2023-11-28,1309.14,Tools,Gauteng,mid,False
TXN04412,CUST0371,2023-11-28,12536.9,Furniture,Gauteng,high,False
TXN02341,CUST0200,2023-11-28,834.35,Health & Beauty,KwaZulu-Natal,high,False
TXN04135,CUST0344,2023-11-28,1154.86,Sports,Western Cape,mid,False
TXN02771,CUST0232,2023-11-28,823.73,Tools,Western Cape,low,False
TXN00583,CUST0041,2023-11-28,2200.94,Sports,Gauteng,high,False
TXN03446,CUST0283,2023-11-29,245.71,Stationery,Gauteng,mid,False
TXN00581,CUST0041,2023-11-29,787.7,Health & Beauty,Gauteng,high,False
TXN04051,CUST0334,2023-11-29,567.98,Health & Beauty,Gauteng,mid,False
TXN03608,CUST0295,2023-11-29,856.0,Health & Beauty,Gauteng,high,False
TXN03064,CUST0251,2023-11-29,12709.59,Furniture,Gauteng,high,False
TXN02177,CUST0189,2023-11-29,467.67,Stationery,Western Cape,high,False
TXN03884,CUST0319,2023-11-29,12197.78,Furniture,Gauteng,high,False
TXN02608,CUST0217,2023-11-29,534.19,Stationery,Gauteng,high,False
TXN04435,CUST0372,2023-11-30,231.1,Groceries,Gauteng,low,False
TXN01310,CUST0106,2023-11-30,507.61,Groceries,Gauteng,mid,False
TXN04653,CUST0391,2023-11-30,6596.43,Furniture,Limpopo,mid,False
TXN03862,CUST0319,2023-11-30,2066.88,Clothing,Gauteng,high,False
TXN03019,CUST0247,2023-11-30,6205.69,Furniture,Western Cape,mid,False
TXN01565,CUST0139,2023-11-30,549.11,Groceries,Gauteng,mid,False
TXN00272,CUST0023,2023-11-30,467.5,Stationery,Gauteng,high,False
TXN03385,CUST0277,2023-11-30,480.02,Stationery,KwaZulu-Natal,high,False
TXN01779,CUST0157,2023-12-01,15659.19,Furniture,KwaZulu-Natal,high,False
TXN04440,CUST0373,2023-12-01,16987.94,Furniture,Gauteng,high,False
TXN01881,CUST0163,2023-12-01,546.54,Stationery,KwaZulu-Natal,high,False
TXN04526,CUST0377,2023-12-01,536.51,Health & Beauty,Eastern Cape,mid,False
TXN03872,CUST0319,2023-12-01,2302.0,Clothing,Gauteng,high,False
TXN03470,CUST0286,2023-12-01,1654.91,Sports,Gauteng,mid,False
TXN00960,CUST0073,2023-12-01,11435.17,Furniture,Gauteng,high,False
TXN02060,CUST0179,2023-12-01,1457.93,Sports,Limpopo,mid,False
TXN00147,CUST0011,2023-12-01,1861.87,Tools,Gauteng,mid,False
TXN04031,CUST0333,2023-12-01,381.75,Stationery,Gauteng,mid,False
TXN02633,CUST0218,2023-12-02,637.09,Health & Beauty,KwaZulu-Natal,mid,False
TXN01252,CUST0099,2023-12-02,706.66,Clothing,Gauteng,low,False
TXN02729,CUST0229,2023-12-02,1226.5,Groceries,Eastern Cape,high,False
TXN00844,CUST0060,2023-12-02,2789.89,Tools,Gauteng,high,False
TXN01868,CUST0162,2023-12-02,7901.08,Furniture,KwaZulu-Natal,mid,False
TXN03523,CUST0290,2023-12-02,5842.47,Electronics,Western Cape,mid,False
TXN00268,CUST0023,2023-12-02,1145.87,Health & Beauty,Gauteng,high,False
TXN00953,CUST0071,2023-12-02,6971.35,Electronics,KwaZulu-Natal,high,False
TXN02858,CUST0238,2023-12-02,1091.82,Sports,Gauteng,mid,False
TXN04432,CUST0372,2023-12-02,654.79,Clothing,Gauteng,low,False
TXN02952,CUST0243,2023-12-02,4296.92,Electronics,Eastern Cape,mid,False
TXN00835,CUST0060,2023-12-03,1096.05,Health & Beauty,Gauteng,high,False
TXN02499,CUST0210,2023-12-03,529.44,Health & Beauty,Gauteng,mid,False
TXN03871,CUST0319,2023-12-03,1969.17,Clothing,Gauteng,high,False
TXN00865,CUST0061,2023-12-04,1058.66,Health & Beauty,Gauteng,high,False
TXN00523,CUST0037,2023-12-04,2052.3,Clothing,Gauteng,high,False
TXN00176,CUST0014,2023-12-04,1544.11,Tools,Gauteng,mid,False
TXN02005,CUST0174,2023-12-04,1903.96,Tools,Gauteng,mid,False
TXN01094,CUST0085,2023-12-04,269.21,Stationery,Gauteng,mid,False
TXN00896,CUST0066,2023-12-04,2058.99,Tools,Western Cape,mid,False
TXN02583,CUST0216,2023-12-05,550.47,Tools,Gauteng,low,False
TXN02623,CUST0218,2023-12-05,569.13,Health & Beauty,KwaZulu-Natal,mid,False
TXN03678,CUST0301,2023-12-05,1758.39,Tools,Gauteng,mid,False
TXN01009,CUST0077,2023-12-05,8794.86,Electronics,KwaZulu-Natal,high,False
TXN04393,CUST0366,2023-12-05,503.69,Health & Beauty,Gauteng,mid,False
TXN03899,CUST0322,2023-12-05,4143.93,Electronics,KwaZulu-Natal,mid,False
TXN01474,CUST0128,2023-12-06,309.42,Stationery,Eastern Cape,mid,False
TXN04698,CUST0395,2023-12-06,2351.86,Clothing,Gauteng,high,False
TXN01257,CUST0101,2023-12-06,312.0,Stationery,Gauteng,mid,False
TXN00991,CUST0076,2023-12-06,435.75,Clothing,KwaZulu-Natal,low,False
TXN04030,CUST0333,2023-12-07,561.9,Groceries,Gauteng,mid,False
TXN00240,CUST0019,2023-12-07,3968.08,Electronics,Western Cape,mid,False
TXN00328,CUST0025,2023-12-07,2012.11,Clothing,Western Cape,high,False
TXN04377,CUST0365,2023-12-07,16356.47,Furniture,Limpopo,high,False
TXN02864,CUST0238,2023-12-07,4010.2,Electronics,Gauteng,mid,False
TXN00575,CUST0040,2023-12-07,592.21,Stationery,Western Cape,high,False
TXN04284,CUST0356,2023-12-07,496.78,Clothing,KwaZulu-Natal,low,False
TXN01239,CUST0098,2023-12-07,16465.6,Furniture,Western Cape,high,False
TXN03880,CUST0319,2023-12-07,578.05,Stationery,Gauteng,high,False
TXN02445,CUST0205,2023-12-08,15424.69,Furniture,Western Cape,high,False
TXN04597,CUST0385,2023-12-08,1267.61,Sports,KwaZulu-Natal,mid,False
TXN04359,CUST0365,2023-12-09,2207.21,Clothing,Limpopo,high,False
TXN02349,CUST0200,2023-12-09,511.81,Stationery,KwaZulu-Natal,high,False
TXN04313,CUST0360,2023-12-09,3046.25,Electronics,Western Cape,low,False
TXN03100,CUST0255,2023-12-09,5917.84,Electronics,Gauteng,mid,False
TXN00690,CUST0050,2023-12-09,2319.69,Sports,Gauteng,high,False
TXN01624,CUST0143,2023-12-09,7516.75,Furniture,Western Cape,mid,False
TXN03095,CUST0253,2023-12-09,1605.89,Sports,Eastern Cape,mid,False
TXN03303,CUST0269,2023-12-09,544.89,Health & Beauty,Gauteng,mid,False
TXN00814,CUST0059,2023-12-09,2469.37,Clothing,Gauteng,high,False
TXN04710,CUST0395,2023-12-10,7525.72,Electronics,Gauteng,high,False
TXN01720,CUST0150,2023-12-10,457.34,Groceries,Gauteng,low,False
TXN00108,CUST0008,2023-12-10,15999.61,Furniture,Eastern Cape,high,False
TXN02769,CUST0231,2023-12-10,148.31,Stationery,KwaZulu-Natal,low,False
TXN00245,CUST0019,2023-12-11,1699.68,Tools,Western Cape,mid,False
TXN01067,CUST0083,2023-12-11,1367.2,Sports,Gauteng,mid,False
TXN02100,CUST0183,2023-12-11,1268.62,Sports,Limpopo,mid,False
TXN01413,CUST0117,2023-12-11,399.1,Stationery,Eastern Cape,mid,False
TXN01141,CUST0091,2023-12-11,8522.07,Furniture,Gauteng,mid,False
TXN03736,CUST0304,2023-12-11,1136.16,Groceries,KwaZulu-Natal,high,False
TXN02385,CUST0203,2023-12-12,4003.77,Electronics,Gauteng,mid,False
TXN03508,CUST0289,2023-12-12,237.32,Health & Beauty,Gauteng,low,False
TXN01813,CUST0157,2023-12-12,2876.67,Tools,KwaZulu-Natal,high,False
TXN04571,CUST0383,2023-12-12,8587.01,Furniture,KwaZulu-Natal,mid,False
TXN04588,CUST0384,2023-12-12,574.97,Groceries,Eastern Cape,mid,False
TXN00005,CUST0001,2023-12-12,3085.18,Tools,Gauteng,high,False
TXN03754,CUST0304,2023-12-12,2098.28,Clothing,KwaZulu-Natal,high,False
TXN02812,CUST0235,2023-12-12,2717.72,Tools,Gauteng,high,False
TXN03207,CUST0264,2023-12-13,1797.72,Sports,Western Cape,mid,False
TXN01395,CUST0116,2023-12-13,3295.66,Tools,Eastern Cape,high,False
TXN00564,CUST0040,2023-12-13,937.57,Health & Beauty,Western Cape,high,False
TXN03418,CUST0278,2023-12-14,1159.78,Clothing,KwaZulu-Natal,mid,False
TXN01761,CUST0155,2023-12-14,297.67,Groceries,Limpopo,low,False
TXN01307,CUST0105,2023-12-14,2044.39,Tools,Eastern Cape,mid,False
TXN01311,CUST0106,2023-12-14,5046.47,Electronics,Gauteng,mid,False
TXN04650,CUST0391,2023-12-14,1503.53,Tools,Limpopo,mid,False
TXN02905,CUST0241,2023-12-14,9090.08,Electronics,Limpopo,high,False
TXN00968,CUST0073,2023-12-14,1055.03,Health & Beauty,Gauteng,high,False
TXN00094,CUST0008,2023-12-15,2439.34,Tools,Eastern Cape,high,False
TXN02799,CUST0235,2023-12-15,1294.97,Groceries,Gauteng,high,False
TXN04253,CUST0355,2023-12-15,14667.02,Furniture,Gauteng,high,False
TXN03948,CUST0327,2023-12-15,1032.54,Health & Beauty,Western Cape,high,False
TXN02267,CUST0194,2023-12-15,1201.22,Clothing,KwaZulu-Natal,mid,False
TXN02068,CUST0180,2023-12-15,4635.5,Electronics,Gauteng,mid,False
TXN03218,CUST0265,2023-12-15,16920.71,Furniture,Eastern Cape,high,False
TXN01182,CUST0094,2023-12-16,1857.03,Tools,Western Cape,mid,False
TXN04442,CUST0373,2023-12-16,2129.61,Clothing,Gauteng,high,False
TXN04428,CUST0371,2023-12-16,1168.43,Health & Beauty,Gauteng,high,False
TXN03793,CUST0309,2023-12-16,1610.06,Sports,KwaZulu-Natal,mid,False
TXN03661,CUST0299,2023-12-16,343.59,Stationery,KwaZulu-Natal,mid,False
TXN03093,CUST0253,2023-12-17,339.19,Stationery,Eastern Cape,mid,False
TXN01130,CUST0089,2023-12-17,613.26,Clothing,Eastern Cape,low,False
TXN00398,CUST0030,2023-12-17,2992.33,Sports,Gauteng,high,False
TXN01795,CUST0157,2023-12-17,1039.22,Groceries,KwaZulu-Natal,high,False
TXN03155,CUST0257,2023-12-17,608.9,Groceries,Limpopo,mid,False
TXN03653,CUST0299,2023-12-17,1405.11,Clothing,KwaZulu-Natal,mid,False
TXN03190,CUST0261,2023-12-17,742.88,Health & Beauty,Western Cape,mid,False
TXN04232,CUST0354,2023-12-17,7179.47,Furniture,Gauteng,mid,False
TXN01613,CUST0143,2023-12-18,7663.16,Furniture,Western Cape,mid,False
TXN01389,CUST0116,2023-12-18,2921.07,Tools,Eastern Cape,high,False
TXN00392,CUST0029,2023-12-18,1256.88,Sports,Western Cape,mid,False
TXN01900,CUST0163,2023-12-18,2442.72,Clothing,KwaZulu-Natal,high,False
TXN00203,CUST0016,2023-12-18,1434.03,Sports,Gauteng,mid,False
TXN00305,CUST0024,2023-12-19,7856.56,Furniture,Gauteng,mid,False
TXN02661,CUST0222,2023-12-19,583.63,Health & Beauty,Western Cape,mid,False
TXN00515,CUST0035,2023-12-19,16500.47,Furniture,Limpopo,high,False
TXN02611,CUST0217,2023-12-19,513.37,Stationery,Gauteng,high,False
TXN02413,CUST0204,2023-12-19,2484.31,Sports,Eastern Cape,high,False
TXN02919,CUST0241,2023-12-19,2373.42,Clothing,Limpopo,high,False
TXN02999,CUST0245,2023-12-19,14034.3,Furniture,Gauteng,high,False
TXN04266,CUST0355,2023-12-19,15723.45,Furniture,Gauteng,high,False
TXN01766,CUST0156,2023-12-19,4959.54,Electronics,Gauteng,mid,False
TXN02760,CUST0230,2023-12-20,423.78,Groceries,KwaZulu-Natal,mid,False
TXN03593,CUST0295,2023-12-20,13975.9,Furniture,Gauteng,high,False
TXN00686,CUST0050,2023-12-20,1023.33,Health & Beauty,Gauteng,high,False
TXN03483,CUST0287,2023-12-20,470.97,Groceries,Western Cape,mid,False
TXN02276,CUST0194,2023-12-20,603.73,Health & Beauty,KwaZulu-Natal,mid,False
TXN04521,CUST0377,2023-12-21,2236.626957468852,Health & Beauty,Eastern Cape,mid,True
TXN01054,CUST0082,2023-12-21,10161.6,Furniture,KwaZulu-Natal,mid,False
TXN03412,CUST0278,2023-12-21,11544.323601036975,Sports,KwaZulu-Natal,mid,True
TXN04168,CUST0347,2023-12-22,1580.09,Tools,KwaZulu-Natal,mid,False
TXN03052,CUST0251,2023-12-22,2698.49,Tools,Gauteng,high,False
TXN00199,CUST0016,2023-12-22,342.45,Stationery,Gauteng,mid,False
TXN00713,CUST0053,2023-12-22,268.88,Stationery,Limpopo,mid,False
TXN03839,CUST0314,2023-12-23,255.51,Stationery,Limpopo,mid,False
TXN04354,CUST0364,2023-12-23,457.16,Sports,Western Cape,low,False
TXN01331,CUST0111,2023-12-23,1588.82,Tools,Gauteng,mid,False
TXN01863,CUST0161,2023-12-23,112.63,Stationery,Gauteng,low,False
TXN01746,CUST0153,2023-12-23,1396.2,Clothing,Gauteng,mid,False
TXN00600,CUST0041,2023-12-23,561.6,Stationery,Gauteng,high,False
TXN02146,CUST0187,2023-12-23,8801.32,Electronics,Eastern Cape,high,False
TXN03275,CUST0267,2023-12-24,9596.99603337835,Tools,KwaZulu-Natal,mid,True
TXN01787,CUST0157,2023-12-24,1458.73,Groceries,KwaZulu-Natal,high,False
TXN03146,CUST0256,2023-12-24,2652.42,Sports,Western Cape,high,False
TXN01045,CUST0081,2023-12-24,1020.72,Sports,Eastern Cape,mid,False
TXN01312,CUST0106,2023-12-24,1268.54,Clothing,Gauteng,mid,False
TXN01818,CUST0158,2023-12-24,2965.07,Tools,KwaZulu-Natal,high,False
TXN00051,CUST0005,2023-12-25,4936.69,Electronics,Gauteng,mid,False
TXN00102,CUST0008,2023-12-25,17767.41,Furniture,Eastern Cape,high,False
TXN02436,CUST0205,2023-12-25,2102.3,Clothing,Western Cape,high,False
TXN01046,CUST0081,2023-12-26,581.4,Groceries,Eastern Cape,mid,False
TXN03838,CUST0314,2023-12-26,289.01,Stationery,Limpopo,mid,False
TXN00143,CUST0011,2023-12-26,548.99,Health & Beauty,Gauteng,mid,False
TXN02093,CUST0183,2023-12-26,4662.14,Electronics,Limpopo,mid,False
TXN04000,CUST0330,2023-12-26,8975.43,Furniture,Gauteng,mid,False
TXN01126,CUST0088,2023-12-26,1429.1,Clothing,KwaZulu-Natal,mid,False
TXN01250,CUST0098,2023-12-27,2608.03,Tools,Western Cape,high,False
TXN04608,CUST0385,2023-12-27,641.85,Health & Beauty,KwaZulu-Natal,mid,False
TXN00225,CUST0018,2023-12-27,6551.8,Electronics,Western Cape,mid,False
TXN00565,CUST0040,2023-12-27,8141.12,Electronics,Western Cape,high,False
TXN03502,CUST0288,2023-12-27,339.55,Stationery,Western Cape,mid,False
TXN01950,CUST0167,2023-12-28,760.55,Groceries,Gauteng,mid,False
TXN02723,CUST0227,2023-12-28,266.79,Stationery,Limpopo,mid,False
TXN03572,CUST0294,2023-12-28,1212.32,Sports,Gauteng,mid,False
TXN03339,CUST0273,2023-12-28,2192.77,Clothing,Eastern Cape,high,False
TXN04649,CUST0391,2023-12-28,548.65,Groceries,Limpopo,mid,False
TXN00576,CUST0040,2023-12-29,3720.99,Tools,Western Cape,high,False
TXN02254,CUST0193,2023-12-29,4793.08,Electronics,Eastern Cape,mid,False
TXN00905,CUST0067,2023-12-29,566.38,Groceries,Gauteng,mid,False
TXN03540,CUST0292,2023-12-29,700.8,Health & Beauty,Gauteng,mid,False
TXN01498,CUST0129,2023-12-29,615.09,Stationery,Gauteng,high,False
TXN04290,CUST0357,2023-12-29,320.33,Stationery,Gauteng,mid,False
TXN02107,CUST0184,2023-12-29,1846.83,Tools,Eastern Cape,mid,False
TXN00607,CUST0041,2023-12-30,2097.59,Clothing,Gauteng,high,False
TXN01592,CUST0140,2023-12-30,1042.14,Health & Beauty,Limpopo,high,False
TXN01285,CUST0103,2023-12-30,6412.33,Furniture,Gauteng,mid,False
TXN00093,CUST0008,2023-12-30,1065.19,Health & Beauty,Eastern Cape,high,False
TXN04162,CUST0347,2023-12-30,583.7,Health & Beauty,KwaZulu-Natal,mid,False
TXN00266,CUST0023,2023-12-30,1168.14,Groceries,Gauteng,high,False
TXN01001,CUST0077,2023-12-31,1027.25,Groceries,KwaZulu-Natal,high,False
TXN02368,CUST0201,2023-12-31,6757.01,Furniture,KwaZulu-Natal,mid,False
TXN02444,CUST0205,2023-12-31,2214.98,Clothing,Western Cape,high,False
TXN04099,CUST0340,2023-12-31,1305.14,Tools,Gauteng,mid,False
TXN02472,CUST0207,2024-01-01,4667.81,Furniture,Gauteng,mid,False
TXN00388,CUST0029,2024-01-01,4445.36,Furniture,Western Cape,mid,False
TXN03850,CUST0316,2024-01-01,997.64,Electronics,KwaZulu-Natal,low,False
TXN02795,CUST0234,2024-01-01,509.6,Sports,Western Cape,mid,False
TXN01309,CUST0105,2024-01-02,1828.95,Electronics,Eastern Cape,mid,False
TXN00877,CUST0062,2024-01-02,864.86,Clothing,Gauteng,mid,False
TXN04188,CUST0350,2024-01-02,822.15,Sports,KwaZulu-Natal,mid,False
TXN02790,CUST0234,2024-01-02,2120.74,Electronics,Western Cape,mid,False
TXN01371,CUST0115,2024-01-02,1210.29,Clothing,KwaZulu-Natal,high,False
TXN01547,CUST0135,2024-01-03,578.25,Tools,Limpopo,low,False
TXN04341,CUST0362,2024-01-03,376.4,Groceries,KwaZulu-Natal,mid,False
TXN01708,CUST0149,2024-01-03,222.49,Health & Beauty,Gauteng,mid,False
TXN04586,CUST0384,2024-01-03,5893.94,Furniture,Eastern Cape,mid,False
TXN02332,CUST0200,2024-01-03,10922.99,Furniture,KwaZulu-Natal,high,False
TXN03569,CUST0294,2024-01-03,3066.54,Electronics,Gauteng,mid,False
TXN03164,CUST0258,2024-01-03,361.94,Groceries,KwaZulu-Natal,mid,False
TXN02587,CUST0217,2024-01-03,4068.84,Electronics,Gauteng,high,False
TXN00892,CUST0064,2024-01-04,165.03,Stationery,Gauteng,mid,False
TXN02088,CUST0183,2024-01-04,1690.16,Electronics,Limpopo,mid,False
TXN01680,CUST0147,2024-01-04,1383.08,Tools,Western Cape,high,False
TXN01358,CUST0115,2024-01-04,5952.22,Electronics,KwaZulu-Natal,high,False
TXN04452,CUST0373,2024-01-04,577.88,Health & Beauty,Gauteng,high,False
TXN01296,CUST0105,2024-01-04,649.96,Clothing,Eastern Cape,mid,False
TXN03162,CUST0258,2024-01-04,367.76,Health & Beauty,KwaZulu-Natal,mid,False
TXN00985,CUST0075,2024-01-04,1071.28,Sports,KwaZulu-Natal,mid,False
TXN04081,CUST0339,2024-01-04,327.84,Health & Beauty,Western Cape,mid,False
TXN02280,CUST0194,2024-01-04,549.82,Clothing,KwaZulu-Natal,mid,False
TXN00659,CUST0049,2024-01-05,971.2,Sports,Western Cape,mid,False
TXN04305,CUST0358,2024-01-05,2670.55,Electronics,Western Cape,mid,False
TXN03147,CUST0256,2024-01-05,462.68,Groceries,Western Cape,high,False
TXN03913,CUST0323,2024-01-05,1936.23,Electronics,KwaZulu-Natal,high,False
TXN00886,CUST0063,2024-01-05,304.41,Groceries,Eastern Cape,low,False
TXN02682,CUST0224,2024-01-05,1127.52,Sports,Gauteng,mid,False
TXN03171,CUST0259,2024-01-05,120.15,Stationery,Western Cape,mid,False
TXN01372,CUST0115,2024-01-05,676.32,Health & Beauty,KwaZulu-Natal,high,False
TXN04430,CUST0371,2024-01-06,1218.93,Tools,Gauteng,high,False
TXN00212,CUST0017,2024-01-06,799.78,Clothing,Gauteng,mid,False
TXN02881,CUST0239,2024-01-06,231.08,Health & Beauty,KwaZulu-Natal,mid,False
TXN03868,CUST0319,2024-01-06,378.94,Health & Beauty,Gauteng,high,False
TXN03143,CUST0256,2024-01-06,1352.91,Sports,Western Cape,high,False
TXN02108,CUST0184,2024-01-06,553.81,Groceries,Eastern Cape,mid,False
TXN01110,CUST0087,2024-01-06,495.12,Groceries,KwaZulu-Natal,high,False
TXN03076,CUST0252,2024-01-06,572.85,Sports,Gauteng,mid,False
TXN02924,CUST0241,2024-01-07,243.3,Stationery,Limpopo,high,False
TXN03711,CUST0302,2024-01-07,734.12,Groceries,Western Cape,high,False
TXN00088,CUST0008,2024-01-07,557.22,Health & Beauty,Eastern Cape,high,False
TXN01937,CUST0166,2024-01-07,2351.86,Furniture,Eastern Cape,mid,False
TXN01269,CUST0102,2024-01-07,357.33,Health & Beauty,KwaZulu-Natal,mid,False
TXN03108,CUST0255,2024-01-08,2178.82,Electronics,Gauteng,mid,False
TXN01581,CUST0140,2024-01-08,569.77,Groceries,Limpopo,high,False
TXN03050,CUST0251,2024-01-08,1488.3,Sports,Gauteng,high,False
TXN00273,CUST0023,2024-01-08,8274.31,Furniture,Gauteng,high,False
TXN01783,CUST0157,2024-01-08,180.69,Stationery,KwaZulu-Natal,high,False
TXN03438,CUST0282,2024-01-08,2826.06,Electronics,Gauteng,mid,False
TXN00731,CUST0055,2024-01-08,9006.93,Furniture,Western Cape,high,False
TXN03486,CUST0287,2024-01-09,665.03,Sports,Western Cape,mid,False
TXN03283,CUST0268,2024-01-09,566.18,Tools,KwaZulu-Natal,mid,False
TXN04087,CUST0339,2024-01-09,623.97,Tools,Western Cape,mid,False
TXN04093,CUST0340,2024-01-09,1198.0,Tools,Gauteng,mid,False
TXN04697,CUST0395,2024-01-09,1623.81,Tools,Gauteng,high,False
TXN03354,CUST0274,2024-01-10,217.2,Groceries,Eastern Cape,mid,False
TXN02888,CUST0240,2024-01-10,96.22,Stationery,Gauteng,mid,False
TXN00850,CUST0061,2024-01-10,494.93,Groceries,Gauteng,high,False
TXN03366,CUST0275,2024-01-10,591.0,Sports,Western Cape,mid,False
TXN02393,CUST0204,2024-01-10,975.9,Clothing,Eastern Cape,high,False
TXN01789,CUST0157,2024-01-10,7744.64,Furniture,KwaZulu-Natal,high,False
TXN00491,CUST0035,2024-01-11,1145.59,Sports,Limpopo,high,False
TXN03069,CUST0251,2024-01-11,1395.51,Tools,Gauteng,high,False
TXN02793,CUST0234,2024-01-11,362.5,Groceries,Western Cape,mid,False
TXN03665,CUST0300,2024-01-11,399.62,Sports,Gauteng,mid,False
TXN01299,CUST0105,2024-01-11,224.28,Health & Beauty,Eastern Cape,mid,False
TXN04622,CUST0387,2024-01-11,727.96,Clothing,Gauteng,mid,False
TXN03348,CUST0273,2024-01-11,296.76,Groceries,Eastern Cape,high,False
TXN04466,CUST0373,2024-01-11,7304.45,Furniture,Gauteng,high,False
TXN04211,CUST0351,2024-01-11,1723.57,Tools,Western Cape,high,False
TXN04340,CUST0362,2024-01-11,385.44,Health & Beauty,KwaZulu-Natal,mid,False
TXN01211,CUST0097,2024-01-11,4015.54,Furniture,Western Cape,mid,False
TXN00283,CUST0023,2024-01-11,296.94,Stationery,Gauteng,high,False
TXN04420,CUST0371,2024-01-11,1333.65,Tools,Gauteng,high,False
TXN01051,CUST0082,2024-01-11,354.45,Health & Beauty,KwaZulu-Natal,mid,False
TXN00848,CUST0061,2024-01-11,1703.65,Tools,Gauteng,high,False
TXN03388,CUST0277,2024-01-11,394.45,Groceries,KwaZulu-Natal,high,False
TXN02118,CUST0185,2024-01-11,755.81,Sports,Gauteng,mid,False
TXN02222,CUST0191,2024-01-11,5484.84,Electronics,Gauteng,high,False
TXN02659,CUST0222,2024-01-12,132.77,Health & Beauty,Western Cape,mid,False
TXN04144,CUST0344,2024-01-12,204.44,Health & Beauty,Western Cape,mid,False
TXN00890,CUST0064,2024-01-12,3409.16,Electronics,Gauteng,mid,False
TXN01696,CUST0148,2024-01-13,5533.93,Furniture,Western Cape,mid,False
TXN04352,CUST0364,2024-01-13,516.91,Sports,Western Cape,low,False
TXN03563,CUST0294,2024-01-13,450.59,Groceries,Gauteng,mid,False
TXN04073,CUST0337,2024-01-13,1300.23,Tools,Eastern Cape,mid,False
TXN01608,CUST0142,2024-01-13,728.12,Tools,Gauteng,mid,False
TXN04189,CUST0350,2024-01-13,2715.57,Furniture,KwaZulu-Natal,mid,False
TXN00168,CUST0014,2024-01-13,441.96,Groceries,Gauteng,mid,False
TXN02789,CUST0234,2024-01-13,927.15,Tools,Western Cape,mid,False
TXN03397,CUST0277,2024-01-13,6791.98,Furniture,KwaZulu-Natal,high,False
TXN00287,CUST0023,2024-01-13,3152.11,Electronics,Gauteng,high,False
TXN00396,CUST0030,2024-01-13,608.82,Health & Beauty,Gauteng,high,False
TXN00496,CUST0035,2024-01-14,648.98,Clothing,Limpopo,high,False
TXN00630,CUST0044,2024-01-14,297.39,Health & Beauty,Eastern Cape,mid,False
TXN02133,CUST0186,2024-01-14,4301.32,Furniture,KwaZulu-Natal,mid,False
TXN02145,CUST0187,2024-01-14,4467.39,Electronics,Eastern Cape,high,False
TXN03630,CUST0297,2024-01-14,832.99,Tools,KwaZulu-Natal,mid,False
TXN00359,CUST0026,2024-01-15,4887.42,Furniture,KwaZulu-Natal,mid,False
TXN03724,CUST0303,2024-01-15,186.98,Health & Beauty,Western Cape,mid,False
TXN01676,CUST0147,2024-01-15,1102.5,Clothing,Western Cape,high,False
TXN01575,CUST0139,2024-01-15,712.71,Clothing,Gauteng,mid,False
TXN04581,CUST0384,2024-01-15,267.27,Groceries,Eastern Cape,mid,False
TXN03202,CUST0263,2024-01-15,343.82,Groceries,Gauteng,mid,False
TXN00311,CUST0024,2024-01-16,872.88,Clothing,Gauteng,mid,False
TXN02889,CUST0240,2024-01-16,833.54,Clothing,Gauteng,mid,False
TXN02573,CUST0214,2024-01-16,8967.54,Furniture,Gauteng,high,False
TXN00253,CUST0019,2024-01-16,1119.1,Tools,Western Cape,mid,False
TXN04694,CUST0395,2024-01-16,3725.08,Electronics,Gauteng,high,False
TXN02678,CUST0224,2024-01-16,517.7,Sports,Gauteng,mid,False
TXN04599,CUST0385,2024-01-16,1054.73,Tools,KwaZulu-Natal,mid,False
TXN02252,CUST0193,2024-01-16,1155.13,Electronics,Eastern Cape,mid,False
TXN01168,CUST0093,2024-01-16,2070.14,Electronics,KwaZulu-Natal,mid,False
TXN04023,CUST0332,2024-01-16,138.44,Stationery,KwaZulu-Natal,low,False
TXN03063,CUST0251,2024-01-16,306.49,Stationery,Gauteng,high,False
TXN02400,CUST0204,2024-01-16,5768.58,Furniture,Eastern Cape,high,False
TXN00395,CUST0030,2024-01-17,8447.25,Furniture,Gauteng,high,False
TXN02857,CUST0237,2024-01-17,617.38,Sports,Gauteng,mid,False
TXN00577,CUST0040,2024-01-17,3523.88,Electronics,Western Cape,high,False
TXN00208,CUST0016,2024-01-17,5274.31,Furniture,Gauteng,mid,False
TXN00161,CUST0012,2024-01-17,50.0,Furniture,Limpopo,low,False
TXN04614,CUST0387,2024-01-17,1728.47,Electronics,Gauteng,mid,False
TXN02330,CUST0200,2024-01-17,1744.78,Tools,KwaZulu-Natal,high,False
TXN03192,CUST0262,2024-01-17,384.66,Tools,Limpopo,low,False
TXN02227,CUST0191,2024-01-17,4847.0,Electronics,Gauteng,high,False
TXN03890,CUST0322,2024-01-17,2898.9,Furniture,KwaZulu-Natal,mid,False
TXN00935,CUST0071,2024-01-17,7891.66,Furniture,KwaZulu-Natal,high,False
TXN00516,CUST0035,2024-01-17,1515.19,Tools,Limpopo,high,False
TXN02480,CUST0208,2024-01-17,2703.1,Electronics,KwaZulu-Natal,mid,False
TXN03919,CUST0323,2024-01-17,254.13,Stationery,KwaZulu-Natal,high,False
TXN01612,CUST0142,2024-01-17,309.42,Health & Beauty,Gauteng,mid,False
TXN00633,CUST0044,2024-01-18,5096.62,Furniture,Eastern Cape,mid,False
TXN03969,CUST0327,2024-01-18,893.0,Tools,Western Cape,high,False
TXN04310,CUST0359,2024-01-18,3735.86,Furniture,Limpopo,low,False
TXN00193,CUST0015,2024-01-18,335.48,Health & Beauty,Gauteng,mid,False
TXN04096,CUST0340,2024-01-18,6657.76,Furniture,Gauteng,mid,False
TXN02384,CUST0203,2024-01-19,275.09,Health & Beauty,Gauteng,mid,False
TXN00664,CUST0049,2024-01-19,2910.85,Furniture,Western Cape,mid,False
TXN01098,CUST0086,2024-01-19,2543.95,Furniture,Gauteng,low,False
TXN01437,CUST0121,2024-01-19,799.01,Sports,Eastern Cape,mid,False
TXN03118,CUST0256,2024-01-20,260.41,Stationery,Western Cape,high,False
TXN00282,CUST0023,2024-01-20,8671.3,Furniture,Gauteng,high,False
TXN02239,CUST0192,2024-01-20,314.91,Sports,Eastern Cape,mid,False
TXN03943,CUST0327,2024-01-20,8579.46,Furniture,Western Cape,high,False
TXN04576,CUST0383,2024-01-21,4635.29,Electronics,KwaZulu-Natal,mid,False
TXN01254,CUST0101,2024-01-21,455.18,Health & Beauty,Gauteng,mid,False
TXN00981,CUST0074,2024-01-21,505.72,Tools,Eastern Cape,low,False
TXN01895,CUST0163,2024-01-21,1556.18,Tools,KwaZulu-Natal,high,False
TXN00504,CUST0035,2024-01-21,318.59,Health & Beauty,Limpopo,high,False
TXN03472,CUST0286,2024-01-21,897.73,Electronics,Gauteng,mid,False
TXN00042,CUST0004,2024-01-21,261.35,Groceries,Western Cape,low,False
TXN01242,CUST0098,2024-01-21,947.7,Clothing,Western Cape,high,False
TXN00871,CUST0061,2024-01-22,1464.05,Clothing,Gauteng,high,False
TXN00505,CUST0035,2024-01-22,258.22,Stationery,Limpopo,high,False
TXN00948,CUST0071,2024-01-22,574.55,Health & Beauty,KwaZulu-Natal,high,False
TXN01078,CUST0084,2024-01-22,562.12,Sports,Gauteng,mid,False
TXN01585,CUST0140,2024-01-22,1276.53,Clothing,Limpopo,high,False
TXN04008,CUST0331,2024-01-22,233.79,Health & Beauty,Gauteng,mid,False
TXN01587,CUST0140,2024-01-22,280.31,Stationery,Limpopo,high,False
TXN03402,CUST0277,2024-01-22,1479.24,Tools,KwaZulu-Natal,high,False
TXN04450,CUST0373,2024-01-22,359.14,Groceries,Gauteng,high,False
TXN02557,CUST0214,2024-01-22,1366.07,Clothing,Gauteng,high,False
TXN02566,CUST0214,2024-01-22,442.35,Health & Beauty,Gauteng,high,False
TXN00899,CUST0066,2024-01-22,255.66,Clothing,Western Cape,mid,False
TXN04461,CUST0373,2024-01-22,957.03,Sports,Gauteng,high,False
TXN01967,CUST0169,2024-01-22,2090.35,Furniture,Gauteng,low,False
TXN02189,CUST0189,2024-01-22,4663.82,Electronics,Western Cape,high,False
TXN04496,CUST0376,2024-01-23,1702.83,Tools,Gauteng,high,False
TXN01717,CUST0150,2024-01-23,253.66,Tools,Gauteng,low,False
TXN04215,CUST0352,2024-01-23,592.69,Tools,Eastern Cape,low,False
TXN03148,CUST0256,2024-01-24,5076.49,Electronics,Western Cape,high,False
TXN03351,CUST0274,2024-01-24,270.92,Health & Beauty,Eastern Cape,mid,False
TXN00103,CUST0008,2024-01-24,3811.05,Electronics,Eastern Cape,high,False
TXN03279,CUST0268,2024-01-24,566.74,Clothing,KwaZulu-Natal,mid,False
TXN03515,CUST0290,2024-01-24,1821.61,Electronics,Western Cape,mid,False
TXN02375,CUST0202,2024-01-24,2280.63,Electronics,Gauteng,mid,False
TXN00919,CUST0069,2024-01-24,2166.07,Furniture,Gauteng,mid,False
TXN00902,CUST0066,2024-01-25,280.42,Groceries,Western Cape,mid,False
TXN03921,CUST0323,2024-01-25,3559.46,Electronics,KwaZulu-Natal,high,False
TXN00691,CUST0050,2024-01-25,281.87,Stationery,Gauteng,high,False
TXN02416,CUST0204,2024-01-25,9428.8,Furniture,Eastern Cape,high,False
TXN01479,CUST0128,2024-01-25,2301.8,Electronics,Eastern Cape,mid,False
TXN00194,CUST0015,2024-01-25,1032.02,Clothing,Gauteng,mid,False
TXN00727,CUST0055,2024-01-26,944.71,Sports,Western Cape,high,False
TXN03929,CUST0323,2024-01-26,4197.79,Electronics,KwaZulu-Natal,high,False
TXN04716,CUST0395,2024-01-26,6642.55,Furniture,Gauteng,high,False
TXN03217,CUST0265,2024-01-26,365.66,Health & Beauty,Eastern Cape,high,False
TXN00085,CUST0008,2024-01-26,1523.92,Tools,Eastern Cape,high,False
TXN00178,CUST0015,2024-01-27,436.24,Groceries,Gauteng,mid,False
TXN01473,CUST0127,2024-01-27,283.35,Groceries,Eastern Cape,mid,False
TXN04717,CUST0395,2024-01-27,1225.2,Sports,Gauteng,high,False
TXN02112,CUST0184,2024-01-27,3270.26,Electronics,Eastern Cape,mid,False
TXN03058,CUST0251,2024-01-27,568.64,Health & Beauty,Gauteng,high,False
TXN03715,CUST0302,2024-01-28,563.39,Health & Beauty,Western Cape,high,False
TXN03411,CUST0277,2024-01-28,9343.78,Furniture,KwaZulu-Natal,high,False
TXN04339,CUST0362,2024-01-28,174.3,Stationery,KwaZulu-Natal,mid,False
TXN01948,CUST0167,2024-01-28,548.44,Tools,Gauteng,mid,False
TXN04044,CUST0334,2024-01-28,100.84,Stationery,Gauteng,mid,False
TXN00425,CUST0031,2024-01-28,9252.3,Furniture,Western Cape,high,False
TXN04157,CUST0346,2024-01-28,1113.03,Furniture,Western Cape,low,False
TXN02592,CUST0217,2024-01-28,5329.65,Electronics,Gauteng,high,False
TXN01954,CUST0168,2024-01-28,179.95,Stationery,Gauteng,mid,False
TXN02063,CUST0180,2024-01-29,283.09,Groceries,Gauteng,mid,False
TXN01851,CUST0160,2024-01-29,194.18,Groceries,KwaZulu-Natal,mid,False
TXN02977,CUST0245,2024-01-29,705.93,Groceries,Gauteng,high,False
TXN02129,CUST0186,2024-01-29,491.95,Sports,KwaZulu-Natal,mid,False
TXN04296,CUST0358,2024-01-29,4522.89,Furniture,Western Cape,mid,False
TXN00744,CUST0055,2024-01-29,439.93,Groceries,Western Cape,high,False
TXN04281,CUST0355,2024-01-30,925.06,Clothing,Gauteng,high,False
TXN03499,CUST0288,2024-01-30,618.77,Sports,Western Cape,mid,False
TXN03394,CUST0277,2024-01-30,7748.8,Furniture,KwaZulu-Natal,high,False
TXN02983,CUST0245,2024-01-30,5451.82,Furniture,Gauteng,high,False
TXN00370,CUST0027,2024-01-30,328.63,Health & Beauty,Gauteng,mid,False
TXN02453,CUST0206,2024-01-30,302.86,Clothing,Gauteng,mid,False
TXN00125,CUST0010,2024-01-30,442.93,Groceries,KwaZulu-Natal,high,False
TXN03932,CUST0323,2024-01-30,577.76,Health & Beauty,KwaZulu-Natal,high,False
TXN00982,CUST0074,2024-01-30,199.08,Health & Beauty,Eastern Cape,low,False
TXN03198,CUST0263,2024-01-31,278.69,Groceries,Gauteng,mid,False
TXN03642,CUST0298,2024-01-31,624.04,Clothing,Gauteng,mid,False
TXN02945,CUST0242,2024-01-31,164.55,Stationery,Limpopo,mid,False
TXN03454,CUST0284,2024-01-31,1182.77,Tools,Gauteng,mid,False
TXN03231,CUST0265,2024-01-31,1301.49,Tools,Eastern Cape,high,False
TXN02161,CUST0188,2024-01-31,1110.23,Clothing,Western Cape,high,False
TXN02698,CUST0226,2024-01-31,301.37,Health & Beauty,Gauteng,mid,False
TXN01905,CUST0163,2024-02-01,655.35,Groceries,KwaZulu-Natal,high,False
TXN04185,CUST0348,2024-02-01,2362.68,Electronics,Gauteng,mid,False
TXN02653,CUST0221,2024-02-01,92.11,Stationery,KwaZulu-Natal,mid,False
TXN00095,CUST0008,2024-02-01,477.86,Clothing,Eastern Cape,high,False
TXN01595,CUST0140,2024-02-01,1350.23,Clothing,Limpopo,high,False
TXN04425,CUST0371,2024-02-02,9735.36,Furniture,Gauteng,high,False
TXN03885,CUST0319,2024-02-02,1487.5,Tools,Gauteng,high,False
TXN01508,CUST0129,2024-02-02,364.56,Health & Beauty,Gauteng,high,False
TXN02874,CUST0239,2024-02-02,233.7,Health & Beauty,KwaZulu-Natal,mid,False
TXN02866,CUST0239,2024-02-02,737.25,Sports,KwaZulu-Natal,mid,False
TXN01733,CUST0151,2024-02-02,5220.74,Furniture,Eastern Cape,mid,False
TXN03191,CUST0261,2024-02-02,825.19,Sports,Western Cape,mid,False
TXN00718,CUST0053,2024-02-02,337.06,Clothing,Limpopo,mid,False
TXN01165,CUST0093,2024-02-03,393.95,Groceries,KwaZulu-Natal,mid,False
TXN04501,CUST0376,2024-02-03,220.48,Stationery,Gauteng,high,False
TXN02030,CUST0177,2024-02-03,418.25,Health & Beauty,KwaZulu-Natal,high,False
TXN04500,CUST0376,2024-02-03,434.03,Health & Beauty,Gauteng,high,False
TXN00449,CUST0033,2024-02-03,831.54,Tools,Gauteng,mid,False
TXN04651,CUST0391,2024-02-03,803.01,Tools,Limpopo,mid,False
TXN00319,CUST0025,2024-02-04,7070.17,Furniture,Western Cape,high,False
TXN00977,CUST0073,2024-02-04,345.26,Health & Beauty,Gauteng,high,False
TXN03916,CUST0323,2024-02-04,1057.69,Sports,KwaZulu-Natal,high,False
TXN00463,CUST0034,2024-02-04,1665.46,Tools,Limpopo,high,False
TXN02669,CUST0223,2024-02-05,801.6,Tools,Gauteng,mid,False
TXN02996,CUST0245,2024-02-05,1473.32,Tools,Gauteng,high,False
TXN04703,CUST0395,2024-02-05,1237.74,Sports,Gauteng,high,False
TXN03157,CUST0257,2024-02-05,113.01,Stationery,Limpopo,mid,False
TXN00150,CUST0011,2024-02-05,449.7,Clothing,Gauteng,mid,False
TXN04282,CUST0355,2024-02-06,3655.69,Electronics,Gauteng,high,False
TXN00401,CUST0030,2024-02-06,442.46,Health & Beauty,Gauteng,high,False
TXN02365,CUST0201,2024-02-06,299.44,Health & Beauty,KwaZulu-Natal,mid,False
TXN04419,CUST0371,2024-02-06,1155.89,Sports,Gauteng,high,False
TXN00089,CUST0008,2024-02-06,366.54,Groceries,Eastern Cape,high,False
TXN01412,CUST0117,2024-02-06,457.41,Clothing,Eastern Cape,mid,False
TXN01622,CUST0143,2024-02-06,997.31,Tools,Western Cape,mid,False
TXN02257,CUST0193,2024-02-06,199.72,Stationery,Eastern Cape,mid,False
TXN03169,CUST0259,2024-02-06,339.4,Sports,Western Cape,mid,False
TXN03161,CUST0258,2024-02-07,277.0,Groceries,KwaZulu-Natal,mid,False
TXN02387,CUST0203,2024-02-07,805.32,Sports,Gauteng,mid,False
TXN02798,CUST0235,2024-02-07,1305.18,Tools,Gauteng,high,False
TXN00795,CUST0058,2024-02-07,183.71,Stationery,Gauteng,mid,False
TXN04038,CUST0333,2024-02-08,745.94,Tools,Gauteng,mid,False
TXN01993,CUST0174,2024-02-08,2705.8,Electronics,Gauteng,mid,False
TXN01737,CUST0151,2024-02-08,60.19,Stationery,Eastern Cape,mid,False
TXN00864,CUST0061,2024-02-08,231.06,Stationery,Gauteng,high,False
TXN04627,CUST0388,2024-02-08,958.97,Sports,Gauteng,mid,False
TXN03022,CUST0248,2024-02-09,983.05,Electronics,Limpopo,mid,False
TXN04357,CUST0365,2024-02-09,1009.52,Clothing,Limpopo,high,False
TXN04483,CUST0375,2024-02-09,1392.7,Electronics,Gauteng,low,False
TXN00339,CUST0025,2024-02-09,570.41,Groceries,Western Cape,high,False
TXN00433,CUST0031,2024-02-09,716.2,Clothing,Western Cape,high,False
TXN00993,CUST0077,2024-02-09,1245.84,Sports,KwaZulu-Natal,high,False
TXN00562,CUST0040,2024-02-10,7662.84,Furniture,Western Cape,high,False
TXN04641,CUST0389,2024-02-10,884.45,Clothing,KwaZulu-Natal,mid,False
TXN04652,CUST0391,2024-02-11,3846.84,Furniture,Limpopo,mid,False
TXN00830,CUST0060,2024-02-11,1024.63,Clothing,Gauteng,high,False
TXN03136,CUST0256,2024-02-11,970.35,Tools,Western Cape,high,False
TXN03532,CUST0291,2024-02-11,4149.16,Electronics,Gauteng,mid,False
TXN01160,CUST0092,2024-02-11,2356.56,Electronics,KwaZulu-Natal,mid,False
TXN03689,CUST0302,2024-02-11,435.04,Health & Beauty,Western Cape,high,False
TXN03782,CUST0305,2024-02-11,479.77,Groceries,KwaZulu-Natal,high,False
TXN00602,CUST0041,2024-02-12,2728.78,Electronics,Gauteng,high,False
TXN01561,CUST0138,2024-02-12,124.0,Stationery,KwaZulu-Natal,mid,False
TXN03345,CUST0273,2024-02-12,1004.16,Sports,Eastern Cape,high,False
TXN02931,CUST0241,2024-02-12,316.59,Stationery,Limpopo,high,False
TXN00682,CUST0050,2024-02-12,518.27,Health & Beauty,Gauteng,high,False
TXN01734,CUST0151,2024-02-13,4663.33,Furniture,Eastern Cape,mid,False
TXN03604,CUST0295,2024-02-13,241.89,Stationery,Gauteng,high,False
TXN01650,CUST0145,2024-02-13,1172.12,Furniture,Gauteng,mid,False
TXN03797,CUST0309,2024-02-13,1063.98,Tools,KwaZulu-Natal,mid,False
TXN00970,CUST0073,2024-02-13,9293.06,Furniture,Gauteng,high,False
TXN02778,CUST0233,2024-02-13,521.36,Sports,Western Cape,mid,False
TXN01274,CUST0103,2024-02-13,261.25,Health & Beauty,Gauteng,mid,False
TXN03199,CUST0263,2024-02-13,627.87,Clothing,Gauteng,mid,False
TXN02327,CUST0199,2024-02-14,792.71,Tools,Eastern Cape,mid,False
TXN02768,CUST0231,2024-02-14,50.0,Groceries,KwaZulu-Natal,low,False
TXN03500,CUST0288,2024-02-14,237.59,Groceries,Western Cape,mid,False
TXN04267,CUST0355,2024-02-15,962.5,Tools,Gauteng,high,False
TXN00816,CUST0059,2024-02-15,411.06,Groceries,Gauteng,high,False
TXN03455,CUST0284,2024-02-15,5077.64,Furniture,Gauteng,mid,False
TXN03768,CUST0305,2024-02-16,1400.01,Tools,KwaZulu-Natal,high,False
TXN00146,CUST0011,2024-02-16,3601.29,Furniture,Gauteng,mid,False
TXN03912,CUST0323,2024-02-16,788.4,Clothing,KwaZulu-Natal,high,False
TXN03949,CUST0327,2024-02-16,1040.76,Sports,Western Cape,high,False
TXN02831,CUST0236,2024-02-16,2638.1,Furniture,KwaZulu-Natal,mid,False
TXN00590,CUST0041,2024-02-16,1226.31,Sports,Gauteng,high,False
TXN03105,CUST0255,2024-02-16,181.22,Stationery,Gauteng,mid,False
TXN02541,CUST0214,2024-02-16,244.86,Groceries,Gauteng,high,False
TXN00746,CUST0056,2024-02-16,291.96,Groceries,Limpopo,mid,False
TXN01074,CUST0083,2024-02-16,197.69,Groceries,Gauteng,mid,False
TXN02471,CUST0207,2024-02-17,386.18,Clothing,Gauteng,mid,False
TXN01505,CUST0129,2024-02-17,438.24,Groceries,Gauteng,high,False
TXN03996,CUST0330,2024-02-17,4212.0,Furniture,Gauteng,mid,False
TXN00955,CUST0071,2024-02-17,476.1,Groceries,KwaZulu-Natal,high,False
TXN04474,CUST0373,2024-02-17,1102.26,Sports,Gauteng,high,False
TXN03733,CUST0303,2024-02-17,202.4,Health & Beauty,Western Cape,mid,False
TXN00665,CUST0049,2024-02-18,240.25,Health & Beauty,Western Cape,mid,False
TXN03594,CUST0295,2024-02-18,1547.29,Tools,Gauteng,high,False
TXN00967,CUST0073,2024-02-18,547.23,Groceries,Gauteng,high,False
TXN04644,CUST0391,2024-02-19,1524.36,Furniture,Limpopo,mid,False
TXN03187,CUST0261,2024-02-19,2445.02,Electronics,Western Cape,mid,False
TXN02850,CUST0237,2024-02-19,178.16,Groceries,Gauteng,mid,False
TXN02484,CUST0208,2024-02-19,594.56,Sports,KwaZulu-Natal,mid,False
TXN01159,CUST0092,2024-02-19,114.8,Stationery,KwaZulu-Natal,mid,False
TXN02215,CUST0191,2024-02-19,1263.81,Tools,Gauteng,high,False
TXN01188,CUST0095,2024-02-20,863.39,Tools,KwaZulu-Natal,mid,False
TXN01345,CUST0112,2024-02-20,216.32,Stationery,Gauteng,mid,False
TXN02560,CUST0214,2024-02-20,796.0,Sports,Gauteng,high,False
TXN01747,CUST0153,2024-02-20,304.4,Groceries,Gauteng,mid,False
TXN02033,CUST0177,2024-02-20,1149.55,Tools,KwaZulu-Natal,high,False
TXN01106,CUST0087,2024-02-20,945.57,Clothing,KwaZulu-Natal,high,False
TXN02740,CUST0229,2024-02-20,5975.21,Furniture,Eastern Cape,high,False
TXN00383,CUST0029,2024-02-20,6863.41,Furniture,Western Cape,mid,False
TXN02699,CUST0226,2024-02-20,929.21,Tools,Gauteng,mid,False
TXN04106,CUST0341,2024-02-20,529.46,Clothing,Western Cape,mid,False
TXN02974,CUST0245,2024-02-21,1535.44,Tools,Gauteng,high,False
TXN02465,CUST0206,2024-02-21,143.87,Stationery,Gauteng,mid,False
TXN00259,CUST0021,2024-02-21,50.0,Electronics,Western Cape,low,False
TXN02505,CUST0210,2024-02-21,1259.85,Tools,Gauteng,mid,False
TXN02526,CUST0211,2024-02-21,1403.69,Tools,Western Cape,high,False
TXN02524,CUST0211,2024-02-21,6087.51,Furniture,Western Cape,high,False
TXN01099,CUST0086,2024-02-21,2047.71,Electronics,Gauteng,low,False
TXN02536,CUST0213,2024-02-21,3433.72,Electronics,KwaZulu-Natal,mid,False
TXN00013,CUST0001,2024-02-22,356.29,Groceries,Gauteng,high,False
TXN04731,CUST0396,2024-02-22,170.25,Clothing,Limpopo,low,False
TXN01745,CUST0153,2024-02-22,5334.74,Furniture,Gauteng,mid,False
TXN03900,CUST0322,2024-02-23,179.81,Stationery,KwaZulu-Natal,mid,False
TXN00118,CUST0010,2024-02-23,1078.09,Clothing,KwaZulu-Natal,high,False
TXN01722,CUST0151,2024-02-23,423.65,Tools,Eastern Cape,mid,False
TXN02025,CUST0177,2024-02-23,186.89,Stationery,KwaZulu-Natal,high,False
TXN00840,CUST0060,2024-02-23,1145.8,Sports,Gauteng,high,False
TXN04379,CUST0365,2024-02-23,1602.99,Tools,Limpopo,high,False
TXN02303,CUST0197,2024-02-23,2342.44,Electronics,KwaZulu-Natal,mid,False
TXN04268,CUST0355,2024-02-23,1117.67,Clothing,Gauteng,high,False
TXN03861,CUST0319,2024-02-24,1080.52,Sports,Gauteng,high,False
TXN02832,CUST0236,2024-02-24,2702.55,Electronics,KwaZulu-Natal,mid,False
TXN00604,CUST0041,2024-02-24,478.86,Groceries,Gauteng,high,False
TXN01360,CUST0115,2024-02-24,4809.82,Electronics,KwaZulu-Natal,high,False
TXN01687,CUST0147,2024-02-24,6814.73,Furniture,Western Cape,high,False
TXN00906,CUST0067,2024-02-24,943.37,Clothing,Gauteng,mid,False
TXN01759,CUST0154,2024-02-24,799.48,Sports,Western Cape,mid,False
TXN03863,CUST0319,2024-02-24,1446.87,Tools,Gauteng,high,False
TXN04071,CUST0336,2024-02-25,2366.91,Electronics,Gauteng,low,False
TXN00775,CUST0057,2024-02-25,923.71,Clothing,Gauteng,high,False
TXN03926,CUST0323,2024-02-25,397.66,Health & Beauty,KwaZulu-Natal,high,False
TXN00726,CUST0055,2024-02-25,974.17,Tools,Western Cape,high,False
TXN02569,CUST0214,2024-02-25,281.99,Stationery,Gauteng,high,False
TXN01485,CUST0128,2024-02-26,301.29,Groceries,Eastern Cape,mid,False
TXN01337,CUST0112,2024-02-26,128.91,Stationery,Gauteng,mid,False
TXN00375,CUST0027,2024-02-26,638.54,Clothing,Gauteng,mid,False
TXN03479,CUST0286,2024-02-26,6422.0,Furniture,Gauteng,mid,False
TXN01925,CUST0164,2024-02-26,1411.97,Clothing,Western Cape,high,False
TXN04453,CUST0373,2024-02-26,1511.4,Tools,Gauteng,high,False
TXN03633,CUST0297,2024-02-26,4833.64,Furniture,KwaZulu-Natal,mid,False
TXN01073,CUST0083,2024-02-26,506.14,Sports,Gauteng,mid,False
TXN00360,CUST0026,2024-02-26,160.75,Health & Beauty,KwaZulu-Natal,mid,False
TXN03575,CUST0295,2024-02-26,482.51,Health & Beauty,Gauteng,high,False
TXN03712,CUST0302,2024-02-27,9479.27,Furniture,Western Cape,high,False
TXN02716,CUST0227,2024-02-27,4756.78,Furniture,Limpopo,mid,False
TXN00368,CUST0026,2024-02-27,163.37,Stationery,KwaZulu-Natal,mid,False
TXN01180,CUST0094,2024-02-27,4452.87,Furniture,Western Cape,mid,False
TXN04077,CUST0337,2024-02-27,2771.46,Furniture,Eastern Cape,mid,False
TXN04108,CUST0341,2024-02-27,504.17,Sports,Western Cape,mid,False
TXN02166,CUST0188,2024-02-27,255.19,Stationery,Western Cape,high,False
TXN03485,CUST0287,2024-02-27,4803.04,Furniture,Western Cape,mid,False
TXN00480,CUST0034,2024-02-27,718.26,Tools,Limpopo,high,False
TXN03044,CUST0251,2024-02-27,243.87,Stationery,Gauteng,high,False
TXN04098,CUST0340,2024-02-28,201.83,Stationery,Gauteng,mid,False
TXN03003,CUST0246,2024-02-28,50.0,Stationery,Limpopo,low,False
TXN02925,CUST0241,2024-02-28,191.4,Stationery,Limpopo,high,False
TXN00571,CUST0040,2024-02-28,932.6,Tools,Western Cape,high,False
TXN01926,CUST0164,2024-02-29,1070.0,Sports,Western Cape,high,False
TXN04386,CUST0365,2024-02-29,411.95,Health & Beauty,Limpopo,high,False
TXN02211,CUST0191,2024-02-29,1024.16,Clothing,Gauteng,high,False
TXN00376,CUST0028,2024-02-29,1253.68,Electronics,Western Cape,low,False
TXN01704,CUST0148,2024-03-01,254.14,Stationery,Western Cape,mid,False
TXN00471,CUST0034,2024-03-01,891.96,Clothing,Limpopo,high,False
TXN01837,CUST0158,2024-03-01,6477.65,Furniture,KwaZulu-Natal,high,False
TXN03794,CUST0309,2024-03-01,1061.32,Tools,KwaZulu-Natal,mid,False
TXN03330,CUST0273,2024-03-01,6784.11,Furniture,Eastern Cape,high,False
TXN02271,CUST0194,2024-03-01,181.69,Stationery,KwaZulu-Natal,mid,False
TXN04598,CUST0385,2024-03-01,780.61,Sports,KwaZulu-Natal,mid,False
TXN00238,CUST0018,2024-03-02,786.98,Clothing,Western Cape,mid,False
TXN00267,CUST0023,2024-03-02,288.19,Stationery,Gauteng,high,False
TXN03245,CUST0265,2024-03-02,9354.72,Furniture,Eastern Cape,high,False
TXN04226,CUST0353,2024-03-02,550.96,Sports,KwaZulu-Natal,mid,False
TXN00497,CUST0035,2024-03-02,462.27,Groceries,Limpopo,high,False
TXN02775,CUST0233,2024-03-02,473.79,Clothing,Western Cape,mid,False
TXN00773,CUST0057,2024-03-02,600.62,Health & Beauty,Gauteng,high,False
TXN00243,CUST0019,2024-03-02,719.05,Clothing,Western Cape,mid,False
TXN03613,CUST0296,2024-03-03,278.06,Health & Beauty,Western Cape,mid,False
TXN01356,CUST0115,2024-03-03,3538.62,Electronics,KwaZulu-Natal,high,False
TXN04351,CUST0363,2024-03-03,610.74,Clothing,Western Cape,mid,False
TXN00239,CUST0018,2024-03-03,1184.75,Tools,Western Cape,mid,False
TXN02101,CUST0183,2024-03-03,4298.36,Electronics,Limpopo,mid,False
TXN02679,CUST0224,2024-03-03,2118.19,Electronics,Gauteng,mid,False
TXN02390,CUST0203,2024-03-03,761.31,Clothing,Gauteng,mid,False
TXN03714,CUST0302,2024-03-04,4413.27,Electronics,Western Cape,high,False
TXN04756,CUST0400,2024-03-04,1060.99,Furniture,KwaZulu-Natal,low,False
TXN01344,CUST0112,2024-03-04,787.92,Tools,Gauteng,mid,False
TXN00972,CUST0073,2024-03-04,1698.03,Tools,Gauteng,high,False
TXN00605,CUST0041,2024-03-04,653.41,Health & Beauty,Gauteng,high,False
TXN01952,CUST0167,2024-03-04,3805.05,Electronics,Gauteng,mid,False
TXN01406,CUST0117,2024-03-04,551.33,Electronics,Eastern Cape,mid,False
TXN02697,CUST0226,2024-03-04,252.21,Groceries,Gauteng,mid,False
TXN01025,CUST0078,2024-03-05,926.49,Tools,Gauteng,mid,False
TXN03947,CUST0327,2024-03-05,304.8,Stationery,Western Cape,high,False
TXN00621,CUST0043,2024-03-05,839.15,Tools,Gauteng,mid,False
TXN03358,CUST0274,2024-03-06,195.64,Groceries,Eastern Cape,mid,False
TXN03209,CUST0264,2024-03-06,564.48,Tools,Western Cape,mid,False
TXN03384,CUST0277,2024-03-06,1062.04,Clothing,KwaZulu-Natal,high,False
TXN00586,CUST0041,2024-03-06,561.15,Health & Beauty,Gauteng,high,False
TXN04350,CUST0363,2024-03-06,220.32,Groceries,Western Cape,mid,False
TXN02651,CUST0221,2024-03-06,576.62,Sports,KwaZulu-Natal,mid,False
TXN02466,CUST0207,2024-03-06,411.9,Sports,Gauteng,mid,False
TXN02941,CUST0242,2024-03-06,6160.18,Furniture,Limpopo,mid,False
TXN01368,CUST0115,2024-03-07,595.4,Health & Beauty,KwaZulu-Natal,high,False
TXN03680,CUST0301,2024-03-07,5548.28,Furniture,Gauteng,mid,False
TXN01829,CUST0158,2024-03-07,1094.37,Tools,KwaZulu-Natal,high,False
TXN00552,CUST0040,2024-03-07,1615.55,Tools,Western Cape,high,False
TXN01935,CUST0166,2024-03-07,540.64,Sports,Eastern Cape,mid,False
TXN01394,CUST0116,2024-03-07,5930.79,Furniture,Eastern Cape,high,False
TXN04259,CUST0355,2024-03-07,666.1,Groceries,Gauteng,high,False
TXN01724,CUST0151,2024-03-08,204.68,Stationery,Eastern Cape,mid,False
TXN02708,CUST0226,2024-03-08,2773.36,Electronics,Gauteng,mid,False
TXN01133,CUST0091,2024-03-08,5151.13,Furniture,Gauteng,mid,False
TXN03311,CUST0270,2024-03-09,1919.73,Electronics,Gauteng,mid,False
TXN01665,CUST0147,2024-03-09,587.63,Health & Beauty,Western Cape,high,False
TXN04043,CUST0334,2024-03-09,119.86,Stationery,Gauteng,mid,False
TXN00619,CUST0043,2024-03-09,109.48,Stationery,Gauteng,mid,False
TXN01429,CUST0121,2024-03-09,3210.58,Furniture,Eastern Cape,mid,False
TXN02636,CUST0219,2024-03-09,2130.28,Electronics,KwaZulu-Natal,low,False
TXN00740,CUST0055,2024-03-09,437.46,Groceries,Western Cape,high,False
TXN02377,CUST0202,2024-03-09,611.68,Sports,Gauteng,mid,False
TXN03255,CUST0266,2024-03-09,247.07,Health & Beauty,KwaZulu-Natal,mid,False
TXN02474,CUST0207,2024-03-09,358.22,Groceries,Gauteng,mid,False
TXN03048,CUST0251,2024-03-10,7382.74,Furniture,Gauteng,high,False
TXN02402,CUST0204,2024-03-10,1001.25,Clothing,Eastern Cape,high,False
TXN00957,CUST0072,2024-03-10,314.52,Sports,Gauteng,low,False
TXN03918,CUST0323,2024-03-10,234.55,Stationery,KwaZulu-Natal,high,False
TXN00485,CUST0034,2024-03-10,258.16,Stationery,Limpopo,high,False
TXN00405,CUST0030,2024-03-10,1250.57,Tools,Gauteng,high,False
TXN03571,CUST0294,2024-03-10,280.21,Groceries,Gauteng,mid,False
TXN00374,CUST0027,2024-03-11,257.86,Stationery,Gauteng,mid,False
TXN01217,CUST0097,2024-03-11,267.64,Groceries,Western Cape,mid,False
TXN01707,CUST0149,2024-03-11,4268.31,Furniture,Gauteng,mid,False
TXN00675,CUST0050,2024-03-12,215.62,Stationery,Gauteng,high,False
TXN02586,CUST0217,2024-03-12,666.5,Health & Beauty,Gauteng,high,False
TXN03788,CUST0307,2024-03-12,220.25,Stationery,Western Cape,mid,False
TXN01280,CUST0103,2024-03-12,266.51,Health & Beauty,Gauteng,mid,False
TXN04311,CUST0360,2024-03-12,609.83,Clothing,Western Cape,low,False
TXN03546,CUST0293,2024-03-13,1253.47,Sports,Eastern Cape,mid,False
TXN01029,CUST0080,2024-03-13,590.9,Clothing,Gauteng,mid,False
TXN02230,CUST0191,2024-03-13,1735.32,Clothing,Gauteng,high,False
TXN00712,CUST0053,2024-03-13,2288.07,Electronics,Limpopo,mid,False
TXN02645,CUST0221,2024-03-13,145.16,Stationery,KwaZulu-Natal,mid,False
TXN01602,CUST0142,2024-03-13,515.39,Clothing,Gauteng,mid,False
TXN04326,CUST0361,2024-03-13,2138.41,Electronics,Gauteng,mid,False
TXN03675,CUST0301,2024-03-14,313.43,Sports,Gauteng,mid,False
TXN01860,CUST0160,2024-03-14,2338.81,Electronics,KwaZulu-Natal,mid,False
TXN03520,CUST0290,2024-03-14,243.22,Health & Beauty,Western Cape,mid,False
TXN01148,CUST0092,2024-03-14,643.39,Tools,KwaZulu-Natal,mid,False
TXN01484,CUST0128,2024-03-14,203.68,Stationery,Eastern Cape,mid,False
TXN02704,CUST0226,2024-03-14,247.79,Groceries,Gauteng,mid,False
TXN01374,CUST0115,2024-03-14,500.78,Groceries,KwaZulu-Natal,high,False
TXN04217,CUST0352,2024-03-15,50.0,Health & Beauty,Eastern Cape,low,False
TXN00110,CUST0009,2024-03-15,73.57,Health & Beauty,Western Cape,low,False
TXN00617,CUST0043,2024-03-15,3279.64,Furniture,Gauteng,mid,False
TXN04405,CUST0369,2024-03-15,987.3,Clothing,Gauteng,mid,False
TXN02910,CUST0241,2024-03-15,1417.32,Sports,Limpopo,high,False
TXN04607,CUST0385,2024-03-15,2317.51,Electronics,KwaZulu-Natal,mid,False
TXN00611,CUST0041,2024-03-15,6748.73,Furniture,Gauteng,high,False
TXN01982,CUST0171,2024-03-15,187.94,Stationery,KwaZulu-Natal,mid,False
TXN02097,CUST0183,2024-03-15,2892.2,Electronics,Limpopo,mid,False
TXN03544,CUST0293,2024-03-16,1487.71,Tools,Eastern Cape,mid,False
TXN00298,CUST0023,2024-03-16,1212.15,Tools,Gauteng,high,False
TXN01774,CUST0156,2024-03-16,394.38,Clothing,Gauteng,mid,False
TXN01365,CUST0115,2024-03-16,6737.4,Furniture,KwaZulu-Natal,high,False
TXN00466,CUST0034,2024-03-16,276.73,Stationery,Limpopo,high,False
TXN02158,CUST0188,2024-03-16,337.41,Stationery,Western Cape,high,False
TXN01288,CUST0103,2024-03-16,1181.59,Tools,Gauteng,mid,False
TXN03705,CUST0302,2024-03-16,455.58,Health & Beauty,Western Cape,high,False
TXN04677,CUST0394,2024-03-16,1004.1,Sports,KwaZulu-Natal,mid,False
TXN02260,CUST0193,2024-03-16,145.85,Stationery,Eastern Cape,mid,False
TXN01799,CUST0157,2024-03-17,684.95,Groceries,KwaZulu-Natal,high,False
TXN01477,CUST0128,2024-03-17,312.01,Health & Beauty,Eastern Cape,mid,False
TXN00053,CUST0005,2024-03-17,139.66,Stationery,Gauteng,mid,False
TXN03599,CUST0295,2024-03-17,271.61,Stationery,Gauteng,high,False
TXN02448,CUST0205,2024-03-17,5284.64,Electronics,Western Cape,high,False
TXN00976,CUST0073,2024-03-17,3320.15,Electronics,Gauteng,high,False
TXN04197,CUST0351,2024-03-18,4339.0,Electronics,Western Cape,high,False
TXN03236,CUST0265,2024-03-18,364.29,Stationery,Eastern Cape,high,False
TXN00879,CUST0062,2024-03-18,7765.23,Furniture,Gauteng,mid,False
TXN03538,CUST0292,2024-03-18,952.13,Sports,Gauteng,mid,False
TXN00032,CUST0003,2024-03-18,97.44,Health & Beauty,KwaZulu-Natal,mid,False
TXN01934,CUST0166,2024-03-18,857.76,Tools,Eastern Cape,mid,False
TXN02759,CUST0230,2024-03-18,247.03,Health & Beauty,KwaZulu-Natal,mid,False
TXN04006,CUST0330,2024-03-19,344.08,Health & Beauty,Gauteng,mid,False
TXN01364,CUST0115,2024-03-19,556.9,Health & Beauty,KwaZulu-Natal,high,False
TXN01249,CUST0098,2024-03-19,1355.46,Clothing,Western Cape,high,False
TXN02121,CUST0185,2024-03-19,4268.98,Furniture,Gauteng,mid,False
TXN04647,CUST0391,2024-03-19,709.46,Clothing,Limpopo,mid,False
TXN02085,CUST0181,2024-03-19,3011.87,Electronics,Gauteng,mid,False
TXN03585,CUST0295,2024-03-19,289.84,Stationery,Gauteng,high,False
TXN00613,CUST0042,2024-03-19,50.0,Clothing,Western Cape,low,False
TXN01691,CUST0148,2024-03-19,529.11,Sports,Western Cape,mid,False
TXN03149,CUST0257,2024-03-19,732.17,Sports,Limpopo,mid,False
TXN00904,CUST0067,2024-03-20,816.25,Clothing,Gauteng,mid,False
TXN00281,CUST0023,2024-03-20,1193.43,Clothing,Gauteng,high,False
TXN01694,CUST0148,2024-03-20,496.86,Sports,Western Cape,mid,False
TXN00476,CUST0034,2024-03-20,4502.88,Electronics,Limpopo,high,False
TXN03314,CUST0270,2024-03-20,278.21,Groceries,Gauteng,mid,False
TXN03846,CUST0315,2024-03-20,4946.25,Furniture,Eastern Cape,mid,False
TXN02294,CUST0196,2024-03-20,281.06,Tools,Gauteng,mid,False
TXN01898,CUST0163,2024-03-20,1812.69,Tools,KwaZulu-Natal,high,False
TXN01475,CUST0128,2024-03-20,190.65,Stationery,Eastern Cape,mid,False
TXN01147,CUST0091,2024-03-20,67.84,Stationery,Gauteng,mid,False
TXN04092,CUST0340,2024-03-21,3228.55,Furniture,Gauteng,mid,False
TXN00765,CUST0057,2024-03-21,4433.97,Electronics,Gauteng,high,False
TXN00678,CUST0050,2024-03-21,1437.29,Clothing,Gauteng,high,False
TXN03833,CUST0314,2024-03-21,587.29,Clothing,Limpopo,mid,False
TXN02334,CUST0200,2024-03-21,283.71,Stationery,KwaZulu-Natal,high,False
TXN01469,CUST0127,2024-03-21,174.01,Health & Beauty,Eastern Cape,mid,False
TXN02383,CUST0203,2024-03-22,97.22,Stationery,Gauteng,mid,False
TXN01803,CUST0157,2024-03-22,431.17,Groceries,KwaZulu-Natal,high,False
TXN01063,CUST0083,2024-03-22,6447.99,Furniture,Gauteng,mid,False
TXN00350,CUST0025,2024-03-22,1664.65,Tools,Western Cape,high,False
TXN04656,CUST0392,2024-03-22,1264.58,Tools,Western Cape,mid,False
TXN02401,CUST0204,2024-03-22,307.36,Stationery,Eastern Cape,high,False
TXN02830,CUST0235,2024-03-22,460.95,Groceries,Gauteng,high,False
TXN02813,CUST0235,2024-03-23,4486.0,Electronics,Gauteng,high,False
TXN04691,CUST0395,2024-03-23,708.4,Health & Beauty,Gauteng,high,False
TXN02199,CUST0190,2024-03-23,64.15,Groceries,Gauteng,mid,False
TXN01822,CUST0158,2024-03-23,1047.38,Sports,KwaZulu-Natal,high,False
TXN00329,CUST0025,2024-03-24,546.97,Groceries,Western Cape,high,False
TXN00939,CUST0071,2024-03-24,164.02,Stationery,KwaZulu-Natal,high,False
TXN04572,CUST0383,2024-03-24,5436.88,Furniture,KwaZulu-Natal,mid,False
TXN01845,CUST0160,2024-03-24,859.92,Sports,KwaZulu-Natal,mid,False
TXN03958,CUST0327,2024-03-24,468.75,Health & Beauty,Western Cape,high,False
TXN04010,CUST0331,2024-03-24,123.58,Stationery,Gauteng,mid,False
TXN02617,CUST0217,2024-03-24,332.66,Stationery,Gauteng,high,False
TXN03609,CUST0295,2024-03-25,280.09,Stationery,Gauteng,high,False
TXN04145,CUST0344,2024-03-25,1014.09,Clothing,Western Cape,mid,False
TXN00097,CUST0008,2024-03-25,571.54,Health & Beauty,Eastern Cape,high,False
TXN02637,CUST0219,2024-03-25,2333.48,Electronics,KwaZulu-Natal,low,False
TXN00593,CUST0041,2024-03-25,594.45,Groceries,Gauteng,high,False
TXN01352,CUST0114,2024-03-26,83.37,Stationery,Eastern Cape,low,False
TXN04491,CUST0376,2024-03-26,1535.36,Tools,Gauteng,high,False
TXN02532,CUST0211,2024-03-26,4603.04,Electronics,Western Cape,high,False
TXN02528,CUST0211,2024-03-27,334.78,Stationery,Western Cape,high,False
TXN01516,CUST0130,2024-03-27,498.33,Tools,Western Cape,low,False
TXN00699,CUST0052,2024-03-27,516.91,Health & Beauty,KwaZulu-Natal,mid,False
TXN04206,CUST0351,2024-03-27,6048.51,Furniture,Western Cape,high,False
TXN02245,CUST0192,2024-03-27,3171.58,Electronics,Eastern Cape,mid,False
TXN03386,CUST0277,2024-03-27,8199.81,Furniture,KwaZulu-Natal,high,False
TXN01678,CUST0147,2024-03-27,1442.02,Sports,Western Cape,high,False
TXN01264,CUST0101,2024-03-27,130.61,Stationery,Gauteng,mid,False
TXN00861,CUST0061,2024-03-27,5717.81,Electronics,Gauteng,high,False
TXN03306,CUST0269,2024-03-28,2272.31,Electronics,Gauteng,mid,False
TXN04349,CUST0363,2024-03-28,492.93,Sports,Western Cape,mid,False
TXN03573,CUST0294,2024-03-28,5529.53,Furniture,Gauteng,mid,False
TXN04542,CUST0380,2024-03-28,252.1,Health & Beauty,Gauteng,mid,False
TXN00754,CUST0057,2024-03-28,1585.87,Tools,Gauteng,high,False
TXN02956,CUST0243,2024-03-28,2974.58,Electronics,Eastern Cape,mid,False
TXN04388,CUST0365,2024-03-28,600.54,Health & Beauty,Limpopo,high,False
TXN03763,CUST0305,2024-03-29,4415.46,Electronics,KwaZulu-Natal,high,False
TXN03119,CUST0256,2024-03-29,752.27,Groceries,Western Cape,high,False
TXN03966,CUST0327,2024-03-29,1202.84,Tools,Western Cape,high,False
TXN00529,CUST0037,2024-03-29,5302.28,Electronics,Gauteng,high,False
TXN00262,CUST0022,2024-03-29,3952.87,Furniture,Gauteng,low,False
TXN02201,CUST0190,2024-03-29,4385.82,Furniture,Gauteng,mid,False
TXN03178,CUST0260,2024-03-29,350.27,Clothing,Gauteng,mid,False
TXN01261,CUST0101,2024-03-29,2331.39,Furniture,Gauteng,mid,False
TXN00254,CUST0019,2024-03-29,419.13,Clothing,Western Cape,mid,False
TXN00296,CUST0023,2024-03-30,1192.24,Sports,Gauteng,high,False
TXN00705,CUST0052,2024-03-30,2735.93,Electronics,KwaZulu-Natal,mid,False
TXN04154,CUST0346,2024-03-30,473.77,Electronics,Western Cape,low,False
TXN00060,CUST0006,2024-03-30,519.44,Clothing,Gauteng,low,False
TXN01329,CUST0111,2024-03-30,190.89,Stationery,Gauteng,mid,False
TXN00997,CUST0077,2024-03-30,1209.0,Sports,KwaZulu-Natal,high,False
TXN01618,CUST0143,2024-03-30,572.7,Sports,Western Cape,mid,False
TXN00913,CUST0068,2024-03-30,227.91,Groceries,Eastern Cape,low,False
TXN04180,CUST0348,2024-03-30,530.69,Tools,Gauteng,mid,False
TXN04138,CUST0344,2024-03-30,1559.59,Tools,Western Cape,mid,False
TXN01930,CUST0165,2024-03-30,823.8,Sports,Gauteng,mid,False
TXN00145,CUST0011,2024-03-30,932.11,Clothing,Gauteng,mid,False
TXN02044,CUST0177,2024-03-31,8337.73,Furniture,KwaZulu-Natal,high,False
TXN04747,CUST0398,2024-03-31,410.6,Health & Beauty,Western Cape,mid,False
TXN02743,CUST0229,2024-03-31,496.13,Health & Beauty,Eastern Cape,high,False
TXN00324,CUST0025,2024-03-31,509.54,Health & Beauty,Western Cape,high,False
TXN03010,CUST0247,2024-03-31,585.8,Sports,Western Cape,mid,False
TXN02305,CUST0197,2024-03-31,195.91,Groceries,KwaZulu-Natal,mid,False
TXN02632,CUST0218,2024-03-31,2629.98,Electronics,KwaZulu-Natal,mid,False
TXN04265,CUST0355,2024-04-01,2002.43,Tools,Gauteng,high,False
TXN04238,CUST0354,2024-04-01,5977.64,Furniture,Gauteng,mid,False
TXN04725,CUST0395,2024-04-01,709.81,Health & Beauty,Gauteng,high,False
TXN02286,CUST0196,2024-04-02,1090.85,Clothing,Gauteng,mid,False
TXN04020,CUST0331,2024-04-02,321.25,Health & Beauty,Gauteng,mid,False
TXN03408,CUST0277,2024-04-02,1634.91,Tools,KwaZulu-Natal,high,False
TXN01000,CUST0077,2024-04-02,684.23,Groceries,KwaZulu-Natal,high,False
TXN01179,CUST0094,2024-04-02,1449.21,Tools,Western Cape,mid,False
TXN03363,CUST0274,2024-04-02,477.19,Groceries,Eastern Cape,mid,False
TXN04579,CUST0384,2024-04-02,519.31,Clothing,Eastern Cape,mid,False
TXN00030,CUST0003,2024-04-02,325.09,Groceries,KwaZulu-Natal,mid,False
TXN01569,CUST0139,2024-04-03,509.12,Clothing,Gauteng,mid,False
TXN01640,CUST0144,2024-04-03,436.11,Clothing,Gauteng,mid,False
TXN03851,CUST0316,2024-04-03,50.0,Health & Beauty,KwaZulu-Natal,low,False
TXN02065,CUST0180,2024-04-03,871.43,Sports,Gauteng,mid,False
TXN03820,CUST0312,2024-04-03,773.8,Sports,Gauteng,mid,False
TXN01002,CUST0077,2024-04-03,594.29,Groceries,KwaZulu-Natal,high,False
TXN00301,CUST0024,2024-04-03,410.65,Health & Beauty,Gauteng,mid,False
TXN04726,CUST0395,2024-04-03,1413.65,Clothing,Gauteng,high,False
TXN03796,CUST0309,2024-04-03,344.92,Groceries,KwaZulu-Natal,mid,False
TXN00156,CUST0011,2024-04-03,599.89,Clothing,Gauteng,mid,False
TXN03451,CUST0283,2024-04-03,3032.54,Electronics,Gauteng,mid,False
TXN02496,CUST0209,2024-04-03,165.71,Stationery,Gauteng,mid,False
TXN04230,CUST0353,2024-04-04,489.59,Groceries,KwaZulu-Natal,mid,False
TXN03713,CUST0302,2024-04-04,545.67,Health & Beauty,Western Cape,high,False
TXN03193,CUST0262,2024-04-04,410.54,Tools,Limpopo,low,False
TXN00222,CUST0017,2024-04-04,756.73,Sports,Gauteng,mid,False
TXN02019,CUST0177,2024-04-04,711.35,Groceries,KwaZulu-Natal,high,False
TXN00533,CUST0037,2024-04-04,5302.09,Electronics,Gauteng,high,False
TXN00413,CUST0031,2024-04-05,2256.21,Tools,Western Cape,high,False
TXN01887,CUST0163,2024-04-05,11070.53,Furniture,KwaZulu-Natal,high,False
TXN00745,CUST0056,2024-04-05,219.63,Stationery,Limpopo,mid,False
TXN03561,CUST0294,2024-04-05,1199.73,Tools,Gauteng,mid,False
TXN03179,CUST0260,2024-04-06,226.51,Groceries,Gauteng,mid,False
TXN00797,CUST0059,2024-04-06,6503.67,Furniture,Gauteng,high,False
TXN03636,CUST0298,2024-04-06,4122.98,Furniture,Gauteng,mid,False
TXN02049,CUST0179,2024-04-06,144.99,Stationery,Limpopo,mid,False
TXN01997,CUST0174,2024-04-07,153.56,Stationery,Gauteng,mid,False
TXN02011,CUST0176,2024-04-07,50.0,Stationery,Gauteng,low,False
TXN01390,CUST0116,2024-04-07,5139.09,Electronics,Eastern Cape,high,False
TXN03090,CUST0253,2024-04-07,3404.06,Furniture,Eastern Cape,mid,False
TXN01740,CUST0152,2024-04-07,472.1,Tools,Gauteng,low,False
TXN00181,CUST0015,2024-04-07,429.28,Sports,Gauteng,mid,False
TXN03742,CUST0304,2024-04-07,372.4,Stationery,KwaZulu-Natal,high,False
TXN02343,CUST0200,2024-04-07,738.28,Health & Beauty,KwaZulu-Natal,high,False
TXN03094,CUST0253,2024-04-08,483.36,Tools,Eastern Cape,mid,False
TXN04122,CUST0342,2024-04-08,187.43,Clothing,Western Cape,mid,False
TXN01775,CUST0156,2024-04-08,1180.83,Electronics,Gauteng,mid,False
TXN02508,CUST0210,2024-04-08,387.43,Groceries,Gauteng,mid,False
TXN02338,CUST0200,2024-04-08,735.31,Groceries,KwaZulu-Natal,high,False
TXN02809,CUST0235,2024-04-08,1121.48,Sports,Gauteng,high,False
TXN02706,CUST0226,2024-04-08,1038.62,Sports,Gauteng,mid,False
TXN03128,CUST0256,2024-04-08,1508.96,Tools,Western Cape,high,False
TXN03181,CUST0260,2024-04-09,287.55,Groceries,Gauteng,mid,False
TXN00545,CUST0040,2024-04-09,1647.21,Tools,Western Cape,high,False
TXN04151,CUST0345,2024-04-10,6710.39,Furniture,Gauteng,mid,False
TXN00331,CUST0025,2024-04-10,603.54,Health & Beauty,Western Cape,high,False
TXN02877,CUST0239,2024-04-10,150.25,Groceries,KwaZulu-Natal,mid,False
TXN02744,CUST0229,2024-04-10,737.84,Groceries,Eastern Cape,high,False
TXN04113,CUST0341,2024-04-10,220.82,Sports,Western Cape,mid,False
TXN02042,CUST0177,2024-04-10,6792.84,Furniture,KwaZulu-Natal,high,False
TXN02404,CUST0204,2024-04-10,552.89,Health & Beauty,Eastern Cape,high,False
TXN02178,CUST0189,2024-04-10,4736.02,Electronics,Western Cape,high,False
TXN03654,CUST0299,2024-04-10,408.63,Sports,KwaZulu-Natal,mid,False
TXN04141,CUST0344,2024-04-10,1094.83,Sports,Western Cape,mid,False
TXN00340,CUST0025,2024-04-10,1376.52,Tools,Western Cape,high,False
TXN00685,CUST0050,2024-04-10,5902.46,Furniture,Gauteng,high,False
TXN03556,CUST0293,2024-04-10,4474.19,Furniture,Eastern Cape,mid,False
TXN01983,CUST0171,2024-04-10,269.48,Health & Beauty,KwaZulu-Natal,mid,False
TXN01392,CUST0116,2024-04-10,1780.88,Sports,Eastern Cape,high,False
TXN00144,CUST0011,2024-04-11,954.17,Tools,Gauteng,mid,False
TXN02991,CUST0245,2024-04-11,8659.43,Furniture,Gauteng,high,False
TXN04561,CUST0382,2024-04-11,3091.18,Electronics,KwaZulu-Natal,mid,False
TXN02223,CUST0191,2024-04-11,1523.48,Clothing,Gauteng,high,False
TXN01439,CUST0122,2024-04-11,849.71,Tools,Eastern Cape,mid,False
TXN00569,CUST0040,2024-04-11,4933.19,Furniture,Western Cape,high,False
TXN00382,CUST0029,2024-04-11,132.65,Stationery,Western Cape,mid,False
TXN03860,CUST0319,2024-04-11,3907.29,Electronics,Gauteng,high,False
TXN03518,CUST0290,2024-04-12,156.88,Stationery,Western Cape,mid,False
TXN03035,CUST0250,2024-04-12,194.89,Health & Beauty,Eastern Cape,mid,False
TXN00869,CUST0061,2024-04-12,4800.21,Electronics,Gauteng,high,False
TXN00432,CUST0031,2024-04-13,2024.33,Tools,Western Cape,high,False
TXN02362,CUST0200,2024-04-13,1072.16,Sports,KwaZulu-Natal,high,False
TXN00018,CUST0001,2024-04-13,4146.69,Electronics,Gauteng,high,False
TXN03152,CUST0257,2024-04-13,2835.67,Electronics,Limpopo,mid,False
TXN00554,CUST0040,2024-04-13,495.85,Health & Beauty,Western Cape,high,False
TXN02041,CUST0177,2024-04-14,1079.91,Clothing,KwaZulu-Natal,high,False
TXN03375,CUST0276,2024-04-14,113.25,Stationery,Western Cape,low,False
TXN03376,CUST0277,2024-04-14,449.89,Stationery,KwaZulu-Natal,high,False
TXN02920,CUST0241,2024-04-14,316.48,Stationery,Limpopo,high,False
TXN00979,CUST0073,2024-04-14,1598.19,Tools,Gauteng,high,False
TXN01018,CUST0078,2024-04-15,307.13,Groceries,Gauteng,mid,False
TXN02605,CUST0217,2024-04-15,1286.28,Sports,Gauteng,high,False
TXN03577,CUST0295,2024-04-15,231.05,Stationery,Gauteng,high,False
TXN01793,CUST0157,2024-04-15,10188.0,Furniture,KwaZulu-Natal,high,False
TXN00043,CUST0004,2024-04-15,227.65,Health & Beauty,Western Cape,low,False
TXN00684,CUST0050,2024-04-15,1417.7,Sports,Gauteng,high,False
TXN04172,CUST0348,2024-04-15,600.0,Tools,Gauteng,mid,False
TXN02054,CUST0179,2024-04-15,137.22,Health & Beauty,Limpopo,mid,False
TXN03484,CUST0287,2024-04-15,181.02,Groceries,Western Cape,mid,False
TXN02440,CUST0205,2024-04-16,1148.84,Clothing,Western Cape,high,False
TXN01968,CUST0169,2024-04-16,488.01,Sports,Gauteng,low,False
TXN02802,CUST0235,2024-04-16,4489.71,Electronics,Gauteng,high,False
TXN02539,CUST0213,2024-04-16,650.38,Clothing,KwaZulu-Natal,mid,False
TXN02556,CUST0214,2024-04-16,1313.75,Clothing,Gauteng,high,False
TXN02871,CUST0239,2024-04-17,714.89,Sports,KwaZulu-Natal,mid,False
TXN02796,CUST0234,2024-04-17,564.06,Health & Beauty,Western Cape,mid,False
TXN01090,CUST0085,2024-04-17,60.86,Stationery,Gauteng,mid,False
TXN04623,CUST0388,2024-04-17,805.66,Clothing,Gauteng,mid,False
TXN02563,CUST0214,2024-04-17,4830.66,Electronics,Gauteng,high,False
TXN03669,CUST0300,2024-04-17,929.9,Sports,Gauteng,mid,False
TXN01208,CUST0096,2024-04-18,346.09,Groceries,Western Cape,mid,False
TXN03335,CUST0273,2024-04-18,5669.38,Electronics,Eastern Cape,high,False
TXN01088,CUST0085,2024-04-18,248.16,Health & Beauty,Gauteng,mid,False
TXN00671,CUST0049,2024-04-18,114.36,Stationery,Western Cape,mid,False
TXN04378,CUST0365,2024-04-18,1554.56,Tools,Limpopo,high,False
TXN01499,CUST0129,2024-04-18,1509.39,Tools,Gauteng,high,False
TXN03717,CUST0302,2024-04-18,1247.3,Tools,Western Cape,high,False
TXN02986,CUST0245,2024-04-18,849.76,Sports,Gauteng,high,False
TXN02551,CUST0214,2024-04-18,4926.17,Electronics,Gauteng,high,False
TXN04059,CUST0335,2024-04-19,834.09,Clothing,Gauteng,mid,False
TXN04203,CUST0351,2024-04-19,270.8,Stationery,Western Cape,high,False
TXN02903,CUST0241,2024-04-19,6270.34,Furniture,Limpopo,high,False
TXN03247,CUST0266,2024-04-19,4242.87,Furniture,KwaZulu-Natal,mid,False
TXN03600,CUST0295,2024-04-19,8554.81,Furniture,Gauteng,high,False
TXN02855,CUST0237,2024-04-19,693.55,Clothing,Gauteng,mid,False
TXN02048,CUST0179,2024-04-20,275.26,Health & Beauty,Limpopo,mid,False
TXN00020,CUST0001,2024-04-20,455.76,Health & Beauty,Gauteng,high,False
TXN03133,CUST0256,2024-04-20,7578.11,Furniture,Western Cape,high,False
TXN03139,CUST0256,2024-04-20,637.21,Sports,Western Cape,high,False
TXN02481,CUST0208,2024-04-20,202.38,Stationery,KwaZulu-Natal,mid,False
TXN02913,CUST0241,2024-04-21,664.56,Health & Beauty,Limpopo,high,False
TXN04748,CUST0399,2024-04-21,978.8,Clothing,KwaZulu-Natal,mid,False
TXN04535,CUST0380,2024-04-21,832.4,Clothing,Gauteng,mid,False
TXN02714,CUST0227,2024-04-22,396.27,Groceries,Limpopo,mid,False
TXN00077,CUST0007,2024-04-22,417.21,Tools,Gauteng,mid,False
TXN03725,CUST0303,2024-04-22,1458.41,Tools,Western Cape,mid,False
TXN01679,CUST0147,2024-04-22,10908.36,Furniture,Western Cape,high,False
TXN03621,CUST0297,2024-04-22,3556.88,Furniture,KwaZulu-Natal,mid,False
TXN01843,CUST0159,2024-04-22,1728.39,Electronics,Gauteng,low,False
TXN03925,CUST0323,2024-04-23,1398.95,Clothing,KwaZulu-Natal,high,False
TXN01728,CUST0151,2024-04-23,956.67,Tools,Eastern Cape,mid,False
TXN04720,CUST0395,2024-04-23,7533.07,Furniture,Gauteng,high,False
TXN01742,CUST0152,2024-04-23,313.91,Groceries,Gauteng,low,False
TXN02523,CUST0211,2024-04-23,550.92,Groceries,Western Cape,high,False
TXN03025,CUST0248,2024-04-23,258.96,Health & Beauty,Limpopo,mid,False
TXN00614,CUST0042,2024-04-23,299.6,Groceries,Western Cape,low,False
TXN01346,CUST0112,2024-04-24,402.59,Groceries,Gauteng,mid,False
TXN04255,CUST0355,2024-04-24,384.34,Health & Beauty,Gauteng,high,False
TXN02031,CUST0177,2024-04-24,537.13,Health & Beauty,KwaZulu-Natal,high,False
TXN02811,CUST0235,2024-04-24,1562.81,Tools,Gauteng,high,False
TXN02411,CUST0204,2024-04-24,5485.92,Electronics,Eastern Cape,high,False
TXN03927,CUST0323,2024-04-24,3031.45,Electronics,KwaZulu-Natal,high,False
TXN00973,CUST0073,2024-04-24,1396.69,Clothing,Gauteng,high,False
TXN00822,CUST0060,2024-04-24,1133.61,Clothing,Gauteng,high,False
TXN00990,CUST0076,2024-04-24,206.0,Health & Beauty,KwaZulu-Natal,low,False
TXN03891,CUST0322,2024-04-25,244.93,Health & Beauty,KwaZulu-Natal,mid,False
TXN00327,CUST0025,2024-04-25,486.21,Health & Beauty,Western Cape,high,False
TXN02656,CUST0222,2024-04-25,632.76,Sports,Western Cape,mid,False
TXN04223,CUST0353,2024-04-25,145.62,Stationery,KwaZulu-Natal,mid,False
TXN01411,CUST0117,2024-04-25,806.95,Clothing,Eastern Cape,mid,False
TXN02176,CUST0189,2024-04-25,3819.06,Electronics,Western Cape,high,False
TXN01134,CUST0091,2024-04-25,3928.99,Furniture,Gauteng,mid,False
TXN01511,CUST0129,2024-04-26,610.22,Groceries,Gauteng,high,False
TXN00071,CUST0007,2024-04-26,2342.26,Electronics,Gauteng,mid,False
TXN01478,CUST0128,2024-04-26,1356.09,Tools,Eastern Cape,mid,False
TXN02873,CUST0239,2024-04-26,6831.17,Furniture,KwaZulu-Natal,mid,False
TXN02728,CUST0229,2024-04-26,583.24,Groceries,Eastern Cape,high,False
TXN02549,CUST0214,2024-04-26,1230.01,Clothing,Gauteng,high,False
TXN04198,CUST0351,2024-04-26,5185.15,Electronics,Western Cape,high,False
TXN03276,CUST0267,2024-04-26,314.76,Health & Beauty,KwaZulu-Natal,mid,False
TXN00344,CUST0025,2024-04-27,5468.62,Electronics,Western Cape,high,False
TXN03120,CUST0256,2024-04-27,718.9,Health & Beauty,Western Cape,high,False
TXN04277,CUST0355,2024-04-27,226.06,Stationery,Gauteng,high,False
TXN00362,CUST0026,2024-04-27,437.67,Health & Beauty,KwaZulu-Natal,mid,False
TXN01850,CUST0160,2024-04-27,171.46,Stationery,KwaZulu-Natal,mid,False
TXN00386,CUST0029,2024-04-27,915.65,Sports,Western Cape,mid,False
TXN03425,CUST0278,2024-04-27,5848.53,Furniture,KwaZulu-Natal,mid,False
TXN01204,CUST0096,2024-04-27,170.84,Stationery,Western Cape,mid,False
TXN03911,CUST0323,2024-04-27,728.49,Health & Beauty,KwaZulu-Natal,high,False
TXN01382,CUST0116,2024-04-27,1502.99,Sports,Eastern Cape,high,False
TXN03718,CUST0302,2024-04-28,300.6,Stationery,Western Cape,high,False
TXN03227,CUST0265,2024-04-28,4693.94,Electronics,Eastern Cape,high,False
TXN04329,CUST0362,2024-04-28,1045.81,Sports,KwaZulu-Natal,mid,False
TXN04019,CUST0331,2024-04-28,896.69,Tools,Gauteng,mid,False
TXN00148,CUST0011,2024-04-28,840.81,Clothing,Gauteng,mid,False
TXN03940,CUST0325,2024-04-28,140.4,Stationery,Limpopo,mid,False
TXN03182,CUST0260,2024-04-28,237.98,Health & Beauty,Gauteng,mid,False
TXN03530,CUST0291,2024-04-28,1767.8,Electronics,Gauteng,mid,False
TXN02923,CUST0241,2024-04-29,4200.84,Electronics,Limpopo,high,False
TXN02635,CUST0219,2024-04-29,176.85,Sports,KwaZulu-Natal,low,False
TXN00500,CUST0035,2024-04-29,272.83,Stationery,Limpopo,high,False
TXN04634,CUST0389,2024-04-29,3556.47,Furniture,KwaZulu-Natal,mid,False
TXN00624,CUST0043,2024-04-29,446.53,Clothing,Gauteng,mid,False
TXN01805,CUST0157,2024-04-30,8393.72,Furniture,KwaZulu-Natal,high,False
TXN02616,CUST0217,2024-04-30,1275.95,Sports,Gauteng,high,False
TXN02487,CUST0209,2024-04-30,1203.52,Tools,Gauteng,mid,False
TXN01821,CUST0158,2024-04-30,347.76,Stationery,KwaZulu-Natal,high,False
TXN01072,CUST0083,2024-04-30,200.66,Health & Beauty,Gauteng,mid,False
TXN03876,CUST0319,2024-05-01,1364.83,Clothing,Gauteng,high,False
TXN02856,CUST0237,2024-05-01,3741.47,Electronics,Gauteng,mid,False
TXN02622,CUST0218,2024-05-01,6960.48,Furniture,KwaZulu-Natal,mid,False
TXN01563,CUST0139,2024-05-01,4540.32,Furniture,Gauteng,mid,False
TXN04426,CUST0371,2024-05-01,9329.98,Furniture,Gauteng,high,False
TXN02354,CUST0200,2024-05-01,564.66,Health & Beauty,KwaZulu-Natal,high,False
TXN03773,CUST0305,2024-05-02,973.36,Clothing,KwaZulu-Natal,high,False
TXN02939,CUST0242,2024-05-02,3963.45,Electronics,Limpopo,mid,False
TXN03903,CUST0322,2024-05-02,187.12,Groceries,KwaZulu-Natal,mid,False
TXN02612,CUST0217,2024-05-02,569.38,Groceries,Gauteng,high,False
TXN03634,CUST0298,2024-05-02,4008.27,Electronics,Gauteng,mid,False
TXN03103,CUST0255,2024-05-03,6852.44,Furniture,Gauteng,mid,False
TXN00859,CUST0061,2024-05-03,611.69,Groceries,Gauteng,high,False
TXN00978,CUST0073,2024-05-04,437.1,Stationery,Gauteng,high,False
TXN01057,CUST0082,2024-05-04,2018.93,Electronics,KwaZulu-Natal,mid,False
TXN02564,CUST0214,2024-05-04,4550.16,Electronics,Gauteng,high,False
TXN02565,CUST0214,2024-05-04,369.55,Stationery,Gauteng,high,False
TXN01197,CUST0096,2024-05-04,1956.68,Electronics,Western Cape,mid,False
TXN04275,CUST0355,2024-05-04,4657.09,Electronics,Gauteng,high,False
TXN03729,CUST0303,2024-05-04,717.0,Clothing,Western Cape,mid,False
TXN01245,CUST0098,2024-05-04,840.34,Groceries,Western Cape,high,False
TXN02745,CUST0229,2024-05-04,5211.02,Electronics,Eastern Cape,high,False
TXN04344,CUST0363,2024-05-05,910.16,Clothing,Western Cape,mid,False
TXN00391,CUST0029,2024-05-05,808.04,Clothing,Western Cape,mid,False
TXN04492,CUST0376,2024-05-05,386.43,Stationery,Gauteng,high,False
TXN02677,CUST0224,2024-05-05,199.11,Groceries,Gauteng,mid,False
TXN00747,CUST0056,2024-05-05,3326.81,Electronics,Limpopo,mid,False
TXN04207,CUST0351,2024-05-05,10004.76,Furniture,Western Cape,high,False
TXN01807,CUST0157,2024-05-06,297.55,Stationery,KwaZulu-Natal,high,False
TXN02859,CUST0238,2024-05-06,179.12,Stationery,Gauteng,mid,False
TXN01438,CUST0121,2024-05-06,385.11,Health & Beauty,Eastern Cape,mid,False
TXN02739,CUST0229,2024-05-06,297.99,Stationery,Eastern Cape,high,False
TXN04088,CUST0339,2024-05-06,410.05,Health & Beauty,Western Cape,mid,False
TXN00743,CUST0055,2024-05-06,634.11,Health & Beauty,Western Cape,high,False
TXN00759,CUST0057,2024-05-07,577.22,Groceries,Gauteng,high,False
TXN04021,CUST0331,2024-05-07,292.94,Stationery,Gauteng,mid,False
TXN01108,CUST0087,2024-05-07,1253.68,Sports,KwaZulu-Natal,high,False
TXN02486,CUST0209,2024-05-07,247.99,Groceries,Gauteng,mid,False
TXN02507,CUST0210,2024-05-08,489.44,Health & Beauty,Gauteng,mid,False
TXN02746,CUST0229,2024-05-08,640.5,Groceries,Eastern Cape,high,False
TXN01538,CUST0134,2024-05-08,425.63,Groceries,Gauteng,mid,False
TXN01042,CUST0081,2024-05-08,402.71,Groceries,Eastern Cape,mid,False
TXN01118,CUST0088,2024-05-08,574.12,Groceries,KwaZulu-Natal,mid,False
TXN00927,CUST0071,2024-05-09,1531.42,Sports,KwaZulu-Natal,high,False
TXN00772,CUST0057,2024-05-09,1689.9,Tools,Gauteng,high,False
TXN02585,CUST0217,2024-05-09,1858.19,Tools,Gauteng,high,False
TXN00177,CUST0014,2024-05-09,420.07,Health & Beauty,Gauteng,mid,False
TXN02964,CUST0244,2024-05-09,386.58,Clothing,Gauteng,mid,False
TXN02353,CUST0200,2024-05-09,6523.59,Electronics,KwaZulu-Natal,high,False
TXN03387,CUST0277,2024-05-09,5093.02,Electronics,KwaZulu-Natal,high,False
TXN04079,CUST0338,2024-05-09,50.0,Furniture,KwaZulu-Natal,low,False
TXN02002,CUST0174,2024-05-10,832.65,Sports,Gauteng,mid,False
TXN01155,CUST0092,2024-05-10,1004.55,Tools,KwaZulu-Natal,mid,False
TXN01647,CUST0145,2024-05-10,164.41,Stationery,Gauteng,mid,False
TXN01943,CUST0167,2024-05-10,911.95,Tools,Gauteng,mid,False
TXN02535,CUST0213,2024-05-11,6830.01,Furniture,KwaZulu-Natal,mid,False
TXN03627,CUST0297,2024-05-11,678.02,Clothing,KwaZulu-Natal,mid,False
TXN04065,CUST0335,2024-05-11,386.68,Groceries,Gauteng,mid,False
TXN00229,CUST0018,2024-05-11,922.13,Sports,Western Cape,mid,False
TXN03615,CUST0296,2024-05-11,161.58,Stationery,Western Cape,mid,False
TXN00632,CUST0044,2024-05-11,152.21,Stationery,Eastern Cape,mid,False
TXN02709,CUST0226,2024-05-11,917.67,Sports,Gauteng,mid,False
TXN03115,CUST0256,2024-05-11,5016.72,Electronics,Western Cape,high,False
TXN01973,CUST0170,2024-05-12,358.22,Health & Beauty,Western Cape,mid,False
TXN03413,CUST0278,2024-05-12,2002.49,Electronics,KwaZulu-Natal,mid,False
TXN03429,CUST0279,2024-05-12,271.29,Groceries,KwaZulu-Natal,low,False
TXN01539,CUST0134,2024-05-12,678.31,Clothing,Gauteng,mid,False
TXN00087,CUST0008,2024-05-12,661.13,Groceries,Eastern Cape,high,False
TXN02461,CUST0206,2024-05-12,2356.73,Electronics,Gauteng,mid,False
TXN01308,CUST0105,2024-05-12,5465.9,Furniture,Eastern Cape,mid,False
TXN01857,CUST0160,2024-05-12,192.72,Stationery,KwaZulu-Natal,mid,False
TXN01401,CUST0116,2024-05-12,3596.74,Electronics,Eastern Cape,high,False
TXN01003,CUST0077,2024-05-13,1244.09,Tools,KwaZulu-Natal,high,False
TXN03704,CUST0302,2024-05-13,1179.89,Clothing,Western Cape,high,False
TXN01109,CUST0087,2024-05-13,1674.54,Tools,KwaZulu-Natal,high,False
TXN00649,CUST0047,2024-05-13,487.98,Clothing,Gauteng,low,False
TXN00634,CUST0044,2024-05-13,2409.03,Electronics,Eastern Cape,mid,False
TXN00783,CUST0057,2024-05-13,3993.51,Electronics,Gauteng,high,False
TXN04335,CUST0362,2024-05-14,4028.23,Furniture,KwaZulu-Natal,mid,False
TXN02553,CUST0214,2024-05-14,1504.98,Clothing,Gauteng,high,False
TXN03907,CUST0323,2024-05-14,1892.71,Tools,KwaZulu-Natal,high,False
TXN02183,CUST0189,2024-05-14,224.47,Stationery,Western Cape,high,False
TXN02073,CUST0180,2024-05-14,1920.01,Electronics,Gauteng,mid,False
TXN04342,CUST0362,2024-05-14,727.25,Tools,KwaZulu-Natal,mid,False
TXN00852,CUST0061,2024-05-14,1528.99,Sports,Gauteng,high,False
TXN03662,CUST0299,2024-05-14,416.79,Groceries,KwaZulu-Natal,mid,False
TXN00045,CUST0005,2024-05-14,632.2,Clothing,Gauteng,mid,False
TXN00173,CUST0014,2024-05-15,108.5,Stationery,Gauteng,mid,False
TXN01521,CUST0131,2024-05-15,327.11,Clothing,Western Cape,low,False
TXN02722,CUST0227,2024-05-15,3352.6,Electronics,Limpopo,mid,False
TXN02522,CUST0211,2024-05-15,1494.64,Clothing,Western Cape,high,False
TXN00724,CUST0055,2024-05-16,333.67,Stationery,Western Cape,high,False
TXN03225,CUST0265,2024-05-16,5013.65,Electronics,Eastern Cape,high,False
TXN00217,CUST0017,2024-05-16,7438.6,Furniture,Gauteng,mid,False
TXN02752,CUST0229,2024-05-16,4871.63,Electronics,Eastern Cape,high,False
TXN03098,CUST0253,2024-05-16,5554.29,Furniture,Eastern Cape,mid,False
TXN04202,CUST0351,2024-05-16,1251.76,Clothing,Western Cape,high,False
TXN03316,CUST0270,2024-05-16,1202.85,Tools,Gauteng,mid,False
TXN02953,CUST0243,2024-05-16,692.64,Tools,Eastern Cape,mid,False
TXN03018,CUST0247,2024-05-16,3175.86,Electronics,Western Cape,mid,False
TXN01811,CUST0157,2024-05-16,314.22,Stationery,KwaZulu-Natal,high,False
TXN02738,CUST0229,2024-05-16,1214.23,Clothing,Eastern Cape,high,False
TXN03338,CUST0273,2024-05-16,1463.59,Tools,Eastern Cape,high,False
TXN01471,CUST0127,2024-05-16,335.85,Health & Beauty,Eastern Cape,mid,False
TXN01340,CUST0112,2024-05-17,3402.92,Electronics,Gauteng,mid,False
TXN00819,CUST0059,2024-05-18,2143.83,Tools,Gauteng,high,False
TXN00898,CUST0066,2024-05-18,952.93,Tools,Western Cape,mid,False
TXN01189,CUST0095,2024-05-18,673.24,Tools,KwaZulu-Natal,mid,False
TXN00734,CUST0055,2024-05-18,1778.69,Sports,Western Cape,high,False
TXN00560,CUST0040,2024-05-19,401.67,Stationery,Western Cape,high,False
TXN00952,CUST0071,2024-05-19,1778.71,Tools,KwaZulu-Natal,high,False
TXN03380,CUST0277,2024-05-19,1744.53,Tools,KwaZulu-Natal,high,False
TXN00800,CUST0059,2024-05-19,711.89,Groceries,Gauteng,high,False
TXN03444,CUST0283,2024-05-19,2645.42,Electronics,Gauteng,mid,False
TXN01497,CUST0129,2024-05-20,4876.62,Electronics,Gauteng,high,False
TXN03686,CUST0301,2024-05-20,597.43,Sports,Gauteng,mid,False
TXN03806,CUST0310,2024-05-20,1325.42,Electronics,Gauteng,mid,False
TXN04147,CUST0344,2024-05-20,210.83,Stationery,Western Cape,mid,False
TXN04060,CUST0335,2024-05-20,190.42,Stationery,Gauteng,mid,False
TXN00114,CUST0010,2024-05-20,654.35,Groceries,KwaZulu-Natal,high,False
TXN01314,CUST0106,2024-05-20,1578.04,Tools,Gauteng,mid,False
TXN01947,CUST0167,2024-05-20,1053.66,Tools,Gauteng,mid,False
TXN01974,CUST0170,2024-05-21,643.16,Sports,Western Cape,mid,False
TXN04201,CUST0351,2024-05-21,4834.13,Electronics,Western Cape,high,False
TXN00887,CUST0064,2024-05-21,177.9,Stationery,Gauteng,mid,False
TXN00070,CUST0007,2024-05-21,191.21,Stationery,Gauteng,mid,False
TXN01313,CUST0106,2024-05-21,257.37,Health & Beauty,Gauteng,mid,False
TXN03970,CUST0327,2024-05-21,5880.92,Electronics,Western Cape,high,False
TXN01275,CUST0103,2024-05-22,334.94,Groceries,Gauteng,mid,False
TXN01424,CUST0120,2024-05-22,584.58,Sports,Western Cape,mid,False
TXN02324,CUST0199,2024-05-22,4703.04,Furniture,Eastern Cape,mid,False
TXN02006,CUST0174,2024-05-22,259.28,Groceries,Gauteng,mid,False
TXN04140,CUST0344,2024-05-22,6866.09,Furniture,Western Cape,mid,False
TXN03061,CUST0251,2024-05-22,1957.0,Tools,Gauteng,high,False
TXN04254,CUST0355,2024-05-22,1326.37,Clothing,Gauteng,high,False
TXN03417,CUST0278,2024-05-22,361.12,Groceries,KwaZulu-Natal,mid,False
TXN04373,CUST0365,2024-05-22,9376.78,Furniture,Limpopo,high,False
TXN01407,CUST0117,2024-05-22,1225.46,Tools,Eastern Cape,mid,False
TXN00326,CUST0025,2024-05-23,1902.56,Tools,Western Cape,high,False
TXN01711,CUST0149,2024-05-23,785.96,Clothing,Gauteng,mid,False
TXN01749,CUST0153,2024-05-23,2902.24,Furniture,Gauteng,mid,False
TXN03096,CUST0253,2024-05-23,6161.56,Furniture,Eastern Cape,mid,False
TXN02412,CUST0204,2024-05-24,376.02,Stationery,Eastern Cape,high,False
TXN04670,CUST0393,2024-05-24,214.93,Groceries,Gauteng,mid,False
TXN00365,CUST0026,2024-05-24,279.63,Health & Beauty,KwaZulu-Natal,mid,False
TXN00233,CUST0018,2024-05-25,177.93,Stationery,Western Cape,mid,False
TXN01730,CUST0151,2024-05-25,2579.68,Electronics,Eastern Cape,mid,False
TXN01020,CUST0078,2024-05-25,2818.96,Electronics,Gauteng,mid,False
TXN03304,CUST0269,2024-05-25,3981.4,Furniture,Gauteng,mid,False
TXN03710,CUST0302,2024-05-25,1606.85,Tools,Western Cape,high,False
TXN02561,CUST0214,2024-05-26,301.08,Stationery,Gauteng,high,False
TXN00210,CUST0017,2024-05-26,6622.29,Furniture,Gauteng,mid,False
TXN02151,CUST0187,2024-05-26,4848.29,Electronics,Eastern Cape,high,False
TXN03878,CUST0319,2024-05-26,1367.46,Clothing,Gauteng,high,False
TXN03887,CUST0320,2024-05-26,50.0,Health & Beauty,Gauteng,low,False
TXN01541,CUST0134,2024-05-26,440.12,Health & Beauty,Gauteng,mid,False
TXN02027,CUST0177,2024-05-26,5104.49,Electronics,KwaZulu-Natal,high,False
TXN00226,CUST0018,2024-05-27,1808.06,Electronics,Western Cape,mid,False
TXN01667,CUST0147,2024-05-27,526.74,Health & Beauty,Western Cape,high,False
TXN04479,CUST0374,2024-05-27,268.23,Stationery,KwaZulu-Natal,mid,False
TXN04247,CUST0355,2024-05-27,1595.98,Tools,Gauteng,high,False
TXN02278,CUST0194,2024-05-27,100.55,Stationery,KwaZulu-Natal,mid,False
TXN00041,CUST0004,2024-05-28,989.82,Electronics,Western Cape,low,False
TXN00983,CUST0075,2024-05-28,993.63,Clothing,KwaZulu-Natal,mid,False
TXN00872,CUST0061,2024-05-28,9360.1,Furniture,Gauteng,high,False
TXN02734,CUST0229,2024-05-28,1340.59,Sports,Eastern Cape,high,False
TXN03156,CUST0257,2024-05-28,778.54,Sports,Limpopo,mid,False
TXN03985,CUST0329,2024-05-28,6349.55,Furniture,Western Cape,mid,False
TXN04511,CUST0376,2024-05-29,1535.94,Sports,Gauteng,high,False
TXN04270,CUST0355,2024-05-29,1500.92,Clothing,Gauteng,high,False
TXN01191,CUST0095,2024-05-29,4135.58,Electronics,KwaZulu-Natal,mid,False
TXN02654,CUST0222,2024-05-29,537.5,Groceries,Western Cape,mid,False
TXN00813,CUST0059,2024-05-29,1793.93,Sports,Gauteng,high,False
TXN01594,CUST0140,2024-05-30,1196.63,Clothing,Limpopo,high,False
TXN00738,CUST0055,2024-05-30,1252.32,Clothing,Western Cape,high,False
TXN01977,CUST0171,2024-05-30,533.64,Clothing,KwaZulu-Natal,mid,False
TXN04468,CUST0373,2024-05-30,7661.38,Furniture,Gauteng,high,False
TXN04333,CUST0362,2024-05-30,209.74,Health & Beauty,KwaZulu-Natal,mid,False
TXN04101,CUST0340,2024-05-30,254.24,Groceries,Gauteng,mid,False
TXN02757,CUST0230,2024-05-30,1141.65,Tools,KwaZulu-Natal,mid,False
TXN04574,CUST0383,2024-05-30,889.2,Sports,KwaZulu-Natal,mid,False
TXN01319,CUST0108,2024-05-30,2608.52,Electronics,KwaZulu-Natal,low,False
TXN01701,CUST0148,2024-05-31,358.99,Sports,Western Cape,mid,False
TXN02582,CUST0215,2024-05-31,406.79,Groceries,KwaZulu-Natal,low,False
TXN00483,CUST0034,2024-05-31,1107.49,Clothing,Limpopo,high,False
TXN03663,CUST0300,2024-05-31,4476.68,Furniture,Gauteng,mid,False
TXN01769,CUST0156,2024-05-31,948.0,Clothing,Gauteng,mid,False
TXN00115,CUST0010,2024-05-31,267.06,Stationery,KwaZulu-Natal,high,False
TXN00308,CUST0024,2024-05-31,5152.52,Furniture,Gauteng,mid,False
TXN02646,CUST0221,2024-05-31,912.26,Clothing,KwaZulu-Natal,mid,False
TXN04161,CUST0347,2024-05-31,6746.94,Furniture,KwaZulu-Natal,mid,False
TXN04688,CUST0394,2024-05-31,180.67,Stationery,KwaZulu-Natal,mid,False
TXN02783,CUST0234,2024-05-31,1375.63,Tools,Western Cape,mid,False
TXN04702,CUST0395,2024-06-01,1175.68,Clothing,Gauteng,high,False
TXN01446,CUST0122,2024-06-01,1017.13,Sports,Eastern Cape,mid,False
TXN03310,CUST0270,2024-06-02,318.47,Tools,Gauteng,mid,False
TXN00729,CUST0055,2024-06-02,10259.78,Furniture,Western Cape,high,False
TXN01034,CUST0080,2024-06-02,997.3,Sports,Gauteng,mid,False
TXN04465,CUST0373,2024-06-02,1817.38,Sports,Gauteng,high,False
TXN01457,CUST0124,2024-06-02,235.11,Groceries,Gauteng,low,False
TXN03976,CUST0329,2024-06-02,666.11,Tools,Western Cape,mid,False
TXN04473,CUST0373,2024-06-03,1812.67,Tools,Gauteng,high,False
TXN03988,CUST0329,2024-06-03,311.26,Health & Beauty,Western Cape,mid,False
TXN03012,CUST0247,2024-06-03,168.58,Stationery,Western Cape,mid,False
TXN00215,CUST0017,2024-06-03,5399.51,Furniture,Gauteng,mid,False
TXN00758,CUST0057,2024-06-03,9137.67,Furniture,Gauteng,high,False
TXN04454,CUST0373,2024-06-03,1930.79,Sports,Gauteng,high,False
TXN01350,CUST0114,2024-06-03,356.53,Health & Beauty,Eastern Cape,low,False
TXN03333,CUST0273,2024-06-03,5169.68,Electronics,Eastern Cape,high,False
TXN01889,CUST0163,2024-06-03,9774.79,Furniture,KwaZulu-Natal,high,False
TXN02291,CUST0196,2024-06-03,1009.59,Clothing,Gauteng,mid,False
TXN02188,CUST0189,2024-06-03,1540.78,Sports,Western Cape,high,False
TXN00639,CUST0045,2024-06-03,3124.84,Furniture,Gauteng,low,False
TXN02282,CUST0195,2024-06-03,50.0,Stationery,Gauteng,low,False
TXN00116,CUST0010,2024-06-04,702.61,Groceries,KwaZulu-Natal,high,False
TXN02562,CUST0214,2024-06-04,5828.73,Electronics,Gauteng,high,False
TXN03755,CUST0304,2024-06-05,4778.82,Electronics,KwaZulu-Natal,high,False
TXN01600,CUST0142,2024-06-05,156.59,Stationery,Gauteng,mid,False
TXN03827,CUST0313,2024-06-05,153.67,Stationery,Gauteng,mid,False
TXN02610,CUST0217,2024-06-05,612.83,Health & Beauty,Gauteng,high,False
TXN04733,CUST0398,2024-06-05,3797.53,Electronics,Western Cape,mid,False
TXN01659,CUST0146,2024-06-05,4737.78,Furniture,Gauteng,mid,False
TXN03841,CUST0315,2024-06-05,344.52,Health & Beauty,Eastern Cape,mid,False
TXN03803,CUST0309,2024-06-06,1086.04,Clothing,KwaZulu-Natal,mid,False
TXN01201,CUST0096,2024-06-06,158.88,Stationery,Western Cape,mid,False
TXN03215,CUST0264,2024-06-06,635.25,Sports,Western Cape,mid,False
TXN00698,CUST0052,2024-06-06,2055.8,Electronics,KwaZulu-Natal,mid,False
TXN04170,CUST0347,2024-06-06,1188.24,Clothing,KwaZulu-Natal,mid,False
TXN00297,CUST0023,2024-06-06,1456.53,Clothing,Gauteng,high,False
TXN01295,CUST0105,2024-06-06,452.0,Tools,Eastern Cape,mid,False
TXN00197,CUST0016,2024-06-07,302.85,Stationery,Gauteng,mid,False
TXN00645,CUST0046,2024-06-07,433.23,Tools,KwaZulu-Natal,low,False
TXN01991,CUST0173,2024-06-07,410.24,Groceries,Western Cape,mid,False
TXN04532,CUST0379,2024-06-07,4595.38,Furniture,Eastern Cape,low,False
TXN01918,CUST0164,2024-06-07,1493.45,Sports,Western Cape,high,False
TXN03541,CUST0292,2024-06-08,1267.54,Tools,Gauteng,mid,False
TXN00845,CUST0060,2024-06-08,1511.36,Sports,Gauteng,high,False
TXN02843,CUST0237,2024-06-08,5656.7,Furniture,Gauteng,mid,False
TXN03568,CUST0294,2024-06-08,671.43,Clothing,Gauteng,mid,False
TXN01816,CUST0157,2024-06-08,1283.28,Sports,KwaZulu-Natal,high,False
TXN01627,CUST0143,2024-06-08,1092.41,Sports,Western Cape,mid,False
TXN02301,CUST0197,2024-06-08,2964.45,Electronics,KwaZulu-Natal,mid,False
TXN01156,CUST0092,2024-06-09,402.37,Health & Beauty,KwaZulu-Natal,mid,False
TXN04460,CUST0373,2024-06-09,1252.57,Sports,Gauteng,high,False
TXN01591,CUST0140,2024-06-09,613.06,Health & Beauty,Limpopo,high,False
TXN03395,CUST0277,2024-06-09,415.68,Stationery,KwaZulu-Natal,high,False
TXN03767,CUST0305,2024-06-09,1490.94,Sports,KwaZulu-Natal,high,False
TXN03641,CUST0298,2024-06-09,1011.84,Clothing,Gauteng,mid,False
TXN00863,CUST0061,2024-06-09,725.83,Health & Beauty,Gauteng,high,False
TXN00436,CUST0031,2024-06-09,911.21,Groceries,Western Cape,high,False
TXN03206,CUST0264,2024-06-09,2707.55,Electronics,Western Cape,mid,False
TXN01537,CUST0134,2024-06-10,800.97,Tools,Gauteng,mid,False
TXN03895,CUST0322,2024-06-10,508.6,Clothing,KwaZulu-Natal,mid,False
TXN03014,CUST0247,2024-06-10,1106.18,Clothing,Western Cape,mid,False
TXN02290,CUST0196,2024-06-10,170.56,Stationery,Gauteng,mid,False
TXN04523,CUST0377,2024-06-10,1169.59,Sports,Eastern Cape,mid,False
TXN02911,CUST0241,2024-06-10,5254.43,Electronics,Limpopo,high,False
TXN03562,CUST0294,2024-06-10,674.23,Clothing,Gauteng,mid,False
TXN02935,CUST0241,2024-06-10,319.18,Stationery,Limpopo,high,False
TXN01512,CUST0129,2024-06-11,7002.36,Furniture,Gauteng,high,False
TXN02774,CUST0233,2024-06-11,925.01,Tools,Western Cape,mid,False
TXN01385,CUST0116,2024-06-11,7473.79,Furniture,Eastern Cape,high,False
TXN01278,CUST0103,2024-06-11,337.7,Groceries,Gauteng,mid,False
TXN00707,CUST0052,2024-06-11,2423.53,Electronics,KwaZulu-Natal,mid,False
TXN03842,CUST0315,2024-06-11,581.63,Clothing,Eastern Cape,mid,False
TXN04001,CUST0330,2024-06-11,4885.27,Furniture,Gauteng,mid,False
TXN04114,CUST0341,2024-06-11,363.41,Clothing,Western Cape,mid,False
TXN01481,CUST0128,2024-06-11,209.04,Groceries,Eastern Cape,mid,False
TXN02642,CUST0221,2024-06-12,992.7,Clothing,KwaZulu-Natal,mid,False
TXN01550,CUST0136,2024-06-12,70.83,Electronics,Gauteng,low,False
TXN04545,CUST0380,2024-06-12,222.68,Stationery,Gauteng,mid,False
TXN01263,CUST0101,2024-06-13,692.71,Tools,Gauteng,mid,False
TXN03889,CUST0321,2024-06-13,108.75,Stationery,Western Cape,low,False
TXN01362,CUST0115,2024-06-13,1719.03,Tools,KwaZulu-Natal,high,False
TXN03390,CUST0277,2024-06-13,1991.46,Tools,KwaZulu-Natal,high,False
TXN02662,CUST0222,2024-06-13,3417.22,Electronics,Western Cape,mid,False
TXN01630,CUST0144,2024-06-13,2542.79,Electronics,Gauteng,mid,False
TXN03857,CUST0318,2024-06-13,50.0,Stationery,Gauteng,low,False
TXN03343,CUST0273,2024-06-13,1191.5,Clothing,Eastern Cape,high,False
TXN03328,CUST0272,2024-06-14,113.96,Health & Beauty,Eastern Cape,low,False
TXN03676,CUST0301,2024-06-14,504.64,Clothing,Gauteng,mid,False
TXN03127,CUST0256,2024-06-14,4910.34,Electronics,Western Cape,high,False
TXN02994,CUST0245,2024-06-14,7002.14,Furniture,Gauteng,high,False
TXN03789,CUST0307,2024-06-14,132.5,Stationery,Western Cape,mid,False
TXN01404,CUST0116,2024-06-14,1324.5,Clothing,Eastern Cape,high,False
TXN03059,CUST0251,2024-06-14,763.04,Health & Beauty,Gauteng,high,False
TXN03811,CUST0310,2024-06-15,833.04,Clothing,Gauteng,mid,False
TXN03102,CUST0255,2024-06-15,3967.24,Electronics,Gauteng,mid,False
TXN04075,CUST0337,2024-06-15,1227.1,Tools,Eastern Cape,mid,False
TXN01279,CUST0103,2024-06-15,395.26,Tools,Gauteng,mid,False
TXN04301,CUST0358,2024-06-16,361.48,Health & Beauty,Western Cape,mid,False
TXN04064,CUST0335,2024-06-16,1929.26,Electronics,Gauteng,mid,False
TXN04132,CUST0343,2024-06-16,50.0,Stationery,Gauteng,low,False
TXN01396,CUST0116,2024-06-16,1126.28,Clothing,Eastern Cape,high,False
TXN02515,CUST0211,2024-06-16,6164.24,Furniture,Western Cape,high,False
TXN04605,CUST0385,2024-06-16,3999.15,Furniture,KwaZulu-Natal,mid,False
TXN04568,CUST0383,2024-06-16,287.39,Groceries,KwaZulu-Natal,mid,False
TXN00531,CUST0037,2024-06-16,589.77,Groceries,Gauteng,high,False
TXN01865,CUST0162,2024-06-17,973.28,Clothing,KwaZulu-Natal,mid,False
TXN01921,CUST0164,2024-06-17,618.11,Health & Beauty,Western Cape,high,False
TXN04611,CUST0386,2024-06-17,59.95,Stationery,Eastern Cape,low,False
TXN04181,CUST0348,2024-06-17,379.28,Health & Beauty,Gauteng,mid,False
TXN04687,CUST0394,2024-06-17,2669.36,Electronics,KwaZulu-Natal,mid,False
TXN04503,CUST0376,2024-06-17,567.55,Groceries,Gauteng,high,False
TXN03570,CUST0294,2024-06-18,439.85,Groceries,Gauteng,mid,False
TXN02382,CUST0203,2024-06-18,3302.03,Furniture,Gauteng,mid,False
TXN02159,CUST0188,2024-06-18,607.21,Groceries,Western Cape,high,False
TXN00438,CUST0031,2024-06-19,1726.79,Clothing,Western Cape,high,False
TXN00720,CUST0054,2024-06-19,130.44,Stationery,Eastern Cape,low,False
TXN00804,CUST0059,2024-06-19,1199.12,Sports,Gauteng,high,False
TXN00431,CUST0031,2024-06-19,1215.82,Tools,Western Cape,high,False
TXN03045,CUST0251,2024-06-19,1477.25,Tools,Gauteng,high,False
TXN04276,CUST0355,2024-06-19,1331.14,Clothing,Gauteng,high,False
TXN00514,CUST0035,2024-06-20,615.8,Groceries,Limpopo,high,False
TXN01961,CUST0168,2024-06-20,568.79,Clothing,Gauteng,mid,False
TXN02820,CUST0235,2024-06-20,1460.6,Clothing,Gauteng,high,False
TXN02154,CUST0187,2024-06-20,492.37,Health & Beauty,Eastern Cape,high,False
TXN01400,CUST0116,2024-06-20,1834.21,Clothing,Eastern Cape,high,False
TXN02371,CUST0201,2024-06-20,5170.13,Furniture,KwaZulu-Natal,mid,False
TXN03812,CUST0310,2024-06-20,6468.99,Furniture,Gauteng,mid,False
TXN00011,CUST0001,2024-06-20,1251.65,Clothing,Gauteng,high,False
TXN00082,CUST0008,2024-06-20,1398.08,Clothing,Eastern Cape,high,False
TXN00346,CUST0025,2024-06-20,563.64,Health & Beauty,Western Cape,high,False
TXN01562,CUST0138,2024-06-20,1067.3,Clothing,KwaZulu-Natal,mid,False
TXN01124,CUST0088,2024-06-20,203.27,Health & Beauty,KwaZulu-Natal,mid,False
TXN01542,CUST0134,2024-06-20,191.02,Stationery,Gauteng,mid,False
TXN00124,CUST0010,2024-06-20,311.45,Stationery,KwaZulu-Natal,high,False
TXN01555,CUST0137,2024-06-21,484.87,Electronics,Western Cape,low,False
TXN03692,CUST0302,2024-06-21,4604.87,Electronics,Western Cape,high,False
TXN04338,CUST0362,2024-06-21,1128.53,Clothing,KwaZulu-Natal,mid,False
TXN00157,CUST0011,2024-06-21,414.8,Clothing,Gauteng,mid,False
TXN01928,CUST0165,2024-06-21,443.06,Health & Beauty,Gauteng,mid,False
TXN02696,CUST0226,2024-06-21,375.64,Health & Beauty,Gauteng,mid,False
TXN01854,CUST0160,2024-06-21,3023.52,Electronics,KwaZulu-Natal,mid,False
TXN04699,CUST0395,2024-06-22,5211.11,Electronics,Gauteng,high,False
TXN04448,CUST0373,2024-06-22,1791.98,Tools,Gauteng,high,False
TXN00309,CUST0024,2024-06-22,1052.38,Sports,Gauteng,mid,False
TXN00160,CUST0012,2024-06-22,316.11,Groceries,Limpopo,low,False
TXN03237,CUST0265,2024-06-22,9317.9,Furniture,Eastern Cape,high,False
TXN00390,CUST0029,2024-06-23,478.57,Groceries,Western Cape,mid,False
TXN01846,CUST0160,2024-06-23,4092.01,Furniture,KwaZulu-Natal,mid,False
TXN03457,CUST0284,2024-06-23,1907.23,Electronics,Gauteng,mid,False
TXN03859,CUST0319,2024-06-23,1233.82,Clothing,Gauteng,high,False
TXN00992,CUST0076,2024-06-23,744.5,Sports,KwaZulu-Natal,low,False
TXN04046,CUST0334,2024-06-23,1322.24,Tools,Gauteng,mid,False
TXN03963,CUST0327,2024-06-23,1146.34,Sports,Western Cape,high,False
TXN02588,CUST0217,2024-06-24,1745.67,Sports,Gauteng,high,False
TXN01946,CUST0167,2024-06-24,412.32,Groceries,Gauteng,mid,False
TXN00949,CUST0071,2024-06-24,359.42,Stationery,KwaZulu-Natal,high,False
TXN00123,CUST0010,2024-06-24,4840.78,Electronics,KwaZulu-Natal,high,False
TXN03959,CUST0327,2024-06-24,593.06,Groceries,Western Cape,high,False
TXN01978,CUST0171,2024-06-24,310.81,Health & Beauty,KwaZulu-Natal,mid,False
TXN04062,CUST0335,2024-06-25,131.24,Stationery,Gauteng,mid,False
TXN00320,CUST0025,2024-06-25,341.44,Stationery,Western Cape,high,False
TXN04637,CUST0389,2024-06-25,897.26,Sports,KwaZulu-Natal,mid,False
TXN02606,CUST0217,2024-06-25,5560.11,Electronics,Gauteng,high,False
TXN01911,CUST0164,2024-06-25,1599.36,Sports,Western Cape,high,False
TXN04709,CUST0395,2024-06-25,4640.82,Electronics,Gauteng,high,False
TXN03423,CUST0278,2024-06-25,6022.86,Furniture,KwaZulu-Natal,mid,False
TXN02615,CUST0217,2024-06-25,508.08,Health & Beauty,Gauteng,high,False
TXN00460,CUST0033,2024-06-26,5367.6,Furniture,Gauteng,mid,False
TXN01506,CUST0129,2024-06-26,1597.2,Tools,Gauteng,high,False
TXN02163,CUST0188,2024-06-26,1339.84,Clothing,Western Cape,high,False
TXN03804,CUST0309,2024-06-26,6425.74,Furniture,KwaZulu-Natal,mid,False
TXN04049,CUST0334,2024-06-27,2972.13,Electronics,Gauteng,mid,False
TXN03716,CUST0302,2024-06-27,1276.1,Clothing,Western Cape,high,False
TXN04193,CUST0350,2024-06-27,187.84,Stationery,KwaZulu-Natal,mid,False
TXN02971,CUST0245,2024-06-29,1616.06,Sports,Gauteng,high,False
TXN02082,CUST0181,2024-06-29,808.13,Sports,Gauteng,mid,False
TXN04490,CUST0376,2024-06-29,646.21,Groceries,Gauteng,high,False
TXN01528,CUST0133,2024-06-29,1750.05,Electronics,Gauteng,low,False
TXN02164,CUST0188,2024-06-29,443.59,Health & Beauty,Western Cape,high,False
TXN01590,CUST0140,2024-06-30,665.03,Health & Beauty,Limpopo,high,False
TXN00663,CUST0049,2024-06-30,675.21,Clothing,Western Cape,mid,False
TXN03554,CUST0293,2024-06-30,1642.85,Electronics,Eastern Cape,mid,False
TXN03844,CUST0315,2024-06-30,388.82,Health & Beauty,Eastern Cape,mid,False
TXN02689,CUST0225,2024-06-30,2778.02,Furniture,Gauteng,mid,False
TXN00657,CUST0049,2024-06-30,1151.15,Sports,Western Cape,mid,False
TXN02893,CUST0240,2024-06-30,291.25,Health & Beauty,Gauteng,mid,False
TXN00315,CUST0025,2024-07-01,368.48,Stationery,Western Cape,high,False
TXN02207,CUST0191,2024-07-01,1504.55,Clothing,Gauteng,high,False
TXN03292,CUST0269,2024-07-01,2415.36,Electronics,Gauteng,mid,False
TXN02250,CUST0192,2024-07-02,271.05,Health & Beauty,Eastern Cape,mid,False
TXN02937,CUST0241,2024-07-02,1773.43,Tools,Limpopo,high,False
TXN02488,CUST0209,2024-07-02,1180.84,Tools,Gauteng,mid,False
TXN02397,CUST0204,2024-07-02,645.49,Health & Beauty,Eastern Cape,high,False
TXN04134,CUST0344,2024-07-02,543.29,Sports,Western Cape,mid,False
TXN00660,CUST0049,2024-07-02,113.42,Stationery,Western Cape,mid,False
TXN02891,CUST0240,2024-07-02,77.43,Stationery,Gauteng,mid,False
TXN03790,CUST0308,2024-07-02,2118.24,Electronics,Gauteng,low,False
TXN01224,CUST0098,2024-07-03,1575.08,Tools,Western Cape,high,False
TXN03219,CUST0265,2024-07-03,316.29,Stationery,Eastern Cape,high,False
TXN01792,CUST0157,2024-07-03,307.82,Stationery,KwaZulu-Natal,high,False
TXN02712,CUST0227,2024-07-03,310.77,Groceries,Limpopo,mid,False
TXN04686,CUST0394,2024-07-03,475.82,Tools,KwaZulu-Natal,mid,False
TXN01472,CUST0127,2024-07-03,1278.16,Tools,Eastern Cape,mid,False
TXN03651,CUST0299,2024-07-03,3047.06,Furniture,KwaZulu-Natal,mid,False
TXN01402,CUST0116,2024-07-03,1773.12,Tools,Eastern Cape,high,False
TXN00818,CUST0059,2024-07-04,1479.26,Sports,Gauteng,high,False
TXN01971,CUST0170,2024-07-04,3347.75,Electronics,Western Cape,mid,False
TXN01071,CUST0083,2024-07-04,1205.77,Sports,Gauteng,mid,False
TXN01293,CUST0104,2024-07-04,312.95,Groceries,Western Cape,low,False
TXN02209,CUST0191,2024-07-04,515.28,Health & Beauty,Gauteng,high,False
TXN03616,CUST0296,2024-07-05,249.02,Groceries,Western Cape,mid,False
TXN01149,CUST0092,2024-07-05,114.64,Stationery,KwaZulu-Natal,mid,False
TXN00214,CUST0017,2024-07-05,123.18,Stationery,Gauteng,mid,False
TXN00578,CUST0040,2024-07-06,5028.53,Electronics,Western Cape,high,False
TXN04415,CUST0371,2024-07-06,445.54,Groceries,Gauteng,high,False
TXN04325,CUST0361,2024-07-06,4303.91,Furniture,Gauteng,mid,False
TXN03467,CUST0285,2024-07-06,375.32,Sports,Western Cape,low,False
TXN00702,CUST0052,2024-07-06,441.13,Groceries,KwaZulu-Natal,mid,False
TXN00798,CUST0059,2024-07-06,1589.74,Sports,Gauteng,high,False
TXN00191,CUST0015,2024-07-06,1033.85,Clothing,Gauteng,mid,False
TXN02596,CUST0217,2024-07-06,1406.06,Clothing,Gauteng,high,False
TXN00216,CUST0017,2024-07-06,909.84,Tools,Gauteng,mid,False
TXN03749,CUST0304,2024-07-06,10038.77,Furniture,KwaZulu-Natal,high,False
TXN01536,CUST0134,2024-07-06,1252.55,Sports,Gauteng,mid,False
TXN04517,CUST0377,2024-07-06,212.67,Stationery,Eastern Cape,mid,False
TXN04525,CUST0377,2024-07-07,1049.31,Tools,Eastern Cape,mid,False
TXN04391,CUST0366,2024-07-07,150.28,Stationery,Gauteng,mid,False
TXN00300,CUST0023,2024-07-07,2035.81,Tools,Gauteng,high,False
TXN01549,CUST0136,2024-07-07,619.06,Sports,Gauteng,low,False
TXN00631,CUST0044,2024-07-07,597.6,Clothing,Eastern Cape,mid,False
TXN02237,CUST0192,2024-07-07,948.95,Tools,Eastern Cape,mid,False
TXN04707,CUST0395,2024-07-07,10617.14,Furniture,Gauteng,high,False
TXN04743,CUST0398,2024-07-07,3298.68,Electronics,Western Cape,mid,False
TXN03222,CUST0265,2024-07-07,654.37,Health & Beauty,Eastern Cape,high,False
TXN01251,CUST0098,2024-07-07,717.52,Health & Beauty,Western Cape,high,False
TXN01713,CUST0149,2024-07-07,771.57,Clothing,Gauteng,mid,False
TXN02475,CUST0207,2024-07-08,889.14,Electronics,Gauteng,mid,False
TXN03760,CUST0305,2024-07-08,1417.86,Sports,KwaZulu-Natal,high,False
TXN00847,CUST0060,2024-07-08,1500.26,Clothing,Gauteng,high,False
TXN04263,CUST0355,2024-07-08,8851.65,Furniture,Gauteng,high,False
TXN01607,CUST0142,2024-07-09,1154.14,Tools,Gauteng,mid,False
TXN01571,CUST0139,2024-07-09,2068.96,Electronics,Gauteng,mid,False
TXN04630,CUST0388,2024-07-09,766.96,Clothing,Gauteng,mid,False
TXN01164,CUST0093,2024-07-09,394.22,Health & Beauty,KwaZulu-Natal,mid,False
TXN02038,CUST0177,2024-07-09,8487.88,Furniture,KwaZulu-Natal,high,False
TXN03319,CUST0271,2024-07-09,4549.31,Furniture,Eastern Cape,mid,False
TXN00138,CUST0010,2024-07-10,1479.12,Clothing,KwaZulu-Natal,high,False
TXN01891,CUST0163,2024-07-10,5242.89,Electronics,KwaZulu-Natal,high,False
TXN04082,CUST0339,2024-07-10,4039.12,Furniture,Western Cape,mid,False
TXN01084,CUST0084,2024-07-10,392.15,Health & Beauty,Gauteng,mid,False
TXN01776,CUST0156,2024-07-10,428.61,Groceries,Gauteng,mid,False
TXN01377,CUST0115,2024-07-10,12741.18,Furniture,KwaZulu-Natal,high,False
TXN03468,CUST0286,2024-07-10,779.01,Sports,Gauteng,mid,False
TXN03362,CUST0274,2024-07-10,440.31,Health & Beauty,Eastern Cape,mid,False
TXN02904,CUST0241,2024-07-10,4710.96,Electronics,Limpopo,high,False
TXN03422,CUST0278,2024-07-10,2889.89,Electronics,KwaZulu-Natal,mid,False
TXN00536,CUST0037,2024-07-11,1468.87,Tools,Gauteng,high,False
TXN00926,CUST0071,2024-07-11,10171.43,Furniture,KwaZulu-Natal,high,False
TXN02348,CUST0200,2024-07-11,5233.53,Electronics,KwaZulu-Natal,high,False
TXN00169,CUST0014,2024-07-11,244.08,Health & Beauty,Gauteng,mid,False
TXN00717,CUST0053,2024-07-11,108.92,Stationery,Limpopo,mid,False
TXN00644,CUST0046,2024-07-11,299.27,Clothing,KwaZulu-Natal,low,False
TXN01386,CUST0116,2024-07-11,1925.93,Sports,Eastern Cape,high,False
TXN01552,CUST0137,2024-07-12,195.79,Groceries,Western Cape,low,False
TXN00860,CUST0061,2024-07-12,635.72,Health & Beauty,Gauteng,high,False
TXN03732,CUST0303,2024-07-12,966.03,Tools,Western Cape,mid,False
TXN02849,CUST0237,2024-07-12,161.88,Stationery,Gauteng,mid,False
TXN03640,CUST0298,2024-07-12,377.26,Groceries,Gauteng,mid,False
TXN03176,CUST0260,2024-07-12,120.65,Stationery,Gauteng,mid,False
TXN02268,CUST0194,2024-07-13,229.47,Stationery,KwaZulu-Natal,mid,False
TXN01964,CUST0168,2024-07-13,2971.88,Electronics,Gauteng,mid,False
TXN00878,CUST0062,2024-07-13,1268.76,Tools,Gauteng,mid,False
TXN00881,CUST0062,2024-07-13,209.51,Stationery,Gauteng,mid,False
TXN03496,CUST0288,2024-07-13,3429.37,Electronics,Western Cape,mid,False
TXN02460,CUST0206,2024-07-13,835.85,Clothing,Gauteng,mid,False
TXN02323,CUST0199,2024-07-13,925.22,Sports,Eastern Cape,mid,False
TXN02242,CUST0192,2024-07-14,1385.6,Electronics,Eastern Cape,mid,False
TXN03272,CUST0267,2024-07-14,568.57,Clothing,KwaZulu-Natal,mid,False
TXN00394,CUST0030,2024-07-14,11297.18,Furniture,Gauteng,high,False
TXN01672,CUST0147,2024-07-14,1666.66,Sports,Western Cape,high,False
TXN00334,CUST0025,2024-07-14,852.43,Clothing,Western Cape,high,False
TXN04216,CUST0352,2024-07-14,386.83,Tools,Eastern Cape,low,False
TXN04382,CUST0365,2024-07-14,7005.87,Furniture,Limpopo,high,False
TXN02844,CUST0237,2024-07-15,5236.09,Furniture,Gauteng,mid,False
TXN03730,CUST0303,2024-07-15,379.82,Health & Beauty,Western Cape,mid,False
TXN03379,CUST0277,2024-07-15,573.55,Health & Beauty,KwaZulu-Natal,high,False
TXN02016,CUST0177,2024-07-15,7219.438014289304,Tools,KwaZulu-Natal,high,True
TXN00310,CUST0024,2024-07-15,389.4,Groceries,Gauteng,mid,False
TXN03677,CUST0301,2024-07-15,1083.93,Tools,Gauteng,mid,False
TXN02510,CUST0210,2024-07-15,3536.44,Electronics,Gauteng,mid,False
TXN01015,CUST0078,2024-07-15,5044.61,Furniture,Gauteng,mid,False
TXN01748,CUST0153,2024-07-16,424.47,Groceries,Gauteng,mid,False
TXN00622,CUST0043,2024-07-16,921.48,Clothing,Gauteng,mid,False
TXN04678,CUST0394,2024-07-16,595.22,Clothing,KwaZulu-Natal,mid,False
TXN04385,CUST0365,2024-07-16,717.19,Groceries,Limpopo,high,False
TXN01014,CUST0078,2024-07-16,196.41,Stationery,Gauteng,mid,False
TXN00453,CUST0033,2024-07-16,158.37,Stationery,Gauteng,mid,False
TXN00827,CUST0060,2024-07-16,9325.52,Furniture,Gauteng,high,False
TXN03980,CUST0329,2024-07-17,1025.42,Tools,Western Cape,mid,False
TXN02538,CUST0213,2024-07-17,914.62,Clothing,KwaZulu-Natal,mid,False
TXN02970,CUST0245,2024-07-17,9408.74,Furniture,Gauteng,high,False
TXN00373,CUST0027,2024-07-17,813.93,Sports,Gauteng,mid,False
TXN01906,CUST0163,2024-07-18,1752.19,Tools,KwaZulu-Natal,high,False
TXN03031,CUST0248,2024-07-18,104.15,Stationery,Limpopo,mid,False
TXN03281,CUST0268,2024-07-19,3288.62,Electronics,KwaZulu-Natal,mid,False
TXN03618,CUST0296,2024-07-19,220.72,Stationery,Western Cape,mid,False
TXN03984,CUST0329,2024-07-19,2780.89,Electronics,Western Cape,mid,False
TXN02663,CUST0223,2024-07-19,175.34,Stationery,Gauteng,mid,False
TXN00752,CUST0056,2024-07-19,4551.63,Electronics,Limpopo,mid,False
TXN02828,CUST0235,2024-07-19,581.58,Health & Beauty,Gauteng,high,False
TXN03134,CUST0256,2024-07-19,1689.74,Tools,Western Cape,high,False
TXN02234,CUST0191,2024-07-19,770.8,Health & Beauty,Gauteng,high,False
TXN02550,CUST0214,2024-07-19,1683.3,Sports,Gauteng,high,False
TXN03165,CUST0258,2024-07-20,5553.5,Furniture,KwaZulu-Natal,mid,False
TXN03690,CUST0302,2024-07-20,412.36,Stationery,Western Cape,high,False
TXN01524,CUST0132,2024-07-20,679.29,Sports,Gauteng,low,False
TXN00007,CUST0001,2024-07-20,502.69,Groceries,Gauteng,high,False
TXN04631,CUST0389,2024-07-20,728.2,Clothing,KwaZulu-Natal,mid,False
TXN03250,CUST0266,2024-07-20,3147.59,Electronics,KwaZulu-Natal,mid,False
TXN00918,CUST0069,2024-07-20,990.24,Sports,Gauteng,mid,False
TXN01904,CUST0163,2024-07-20,680.41,Groceries,KwaZulu-Natal,high,False
TXN04309,CUST0358,2024-07-21,460.97,Health & Beauty,Western Cape,mid,False
TXN03072,CUST0251,2024-07-21,1449.37,Sports,Gauteng,high,False
TXN02834,CUST0236,2024-07-21,1125.14,Tools,KwaZulu-Natal,mid,False
TXN02454,CUST0206,2024-07-21,282.97,Health & Beauty,Gauteng,mid,False
TXN04318,CUST0361,2024-07-21,1745.93,Electronics,Gauteng,mid,False
TXN04423,CUST0371,2024-07-21,592.57,Health & Beauty,Gauteng,high,False
TXN01255,CUST0101,2024-07-22,1335.39,Tools,Gauteng,mid,False
TXN01510,CUST0129,2024-07-22,10040.86,Furniture,Gauteng,high,False
TXN02074,CUST0180,2024-07-22,728.1,Clothing,Gauteng,mid,False
TXN03688,CUST0302,2024-07-22,4498.06,Electronics,Western Cape,high,False
TXN00856,CUST0061,2024-07-22,11009.4,Furniture,Gauteng,high,False
TXN02574,CUST0214,2024-07-22,1651.17,Tools,Gauteng,high,False
TXN03603,CUST0295,2024-07-23,770.14,Health & Beauty,Gauteng,high,False
TXN04507,CUST0376,2024-07-23,9342.93,Furniture,Gauteng,high,False
TXN00162,CUST0012,2024-07-23,1788.33,Furniture,Limpopo,low,False
TXN03728,CUST0303,2024-07-23,3799.45,Furniture,Western Cape,mid,False
TXN01654,CUST0146,2024-07-23,194.75,Tools,Gauteng,mid,False
TXN02819,CUST0235,2024-07-23,325.27,Stationery,Gauteng,high,False
TXN00486,CUST0035,2024-07-24,1590.15,Clothing,Limpopo,high,False
TXN02464,CUST0206,2024-07-24,5363.45,Furniture,Gauteng,mid,False
TXN00974,CUST0073,2024-07-24,528.39,Health & Beauty,Gauteng,high,False
TXN02634,CUST0218,2024-07-24,401.94,Groceries,KwaZulu-Natal,mid,False
TXN03791,CUST0309,2024-07-24,1305.1,Sports,KwaZulu-Natal,mid,False
TXN00579,CUST0040,2024-07-24,574.2,Health & Beauty,Western Cape,high,False
TXN00742,CUST0055,2024-07-24,1238.87,Clothing,Western Cape,high,False
TXN00769,CUST0057,2024-07-24,362.56,Stationery,Gauteng,high,False
TXN00134,CUST0010,2024-07-24,737.81,Groceries,KwaZulu-Natal,high,False
TXN02930,CUST0241,2024-07-25,1850.07,Tools,Limpopo,high,False
TXN00519,CUST0036,2024-07-25,684.49,Furniture,Eastern Cape,low,False
TXN00965,CUST0073,2024-07-25,9206.83,Furniture,Gauteng,high,False
TXN03798,CUST0309,2024-07-26,706.9,Sports,KwaZulu-Natal,mid,False
TXN03015,CUST0247,2024-07-26,387.28,Groceries,Western Cape,mid,False
TXN03864,CUST0319,2024-07-26,1705.69,Clothing,Gauteng,high,False
TXN02502,CUST0210,2024-07-26,532.02,Health & Beauty,Gauteng,mid,False
TXN04567,CUST0383,2024-07-26,1216.86,Sports,KwaZulu-Natal,mid,False
TXN01531,CUST0133,2024-07-26,643.36,Tools,Gauteng,low,False
TXN02473,CUST0207,2024-07-26,2453.59,Electronics,Gauteng,mid,False
TXN04241,CUST0354,2024-07-26,4793.09,Furniture,Gauteng,mid,False
TXN02098,CUST0183,2024-07-27,729.45,Sports,Limpopo,mid,False
TXN00947,CUST0071,2024-07-27,5519.09,Electronics,KwaZulu-Natal,high,False
TXN02860,CUST0238,2024-07-27,1295.83,Tools,Gauteng,mid,False
TXN01879,CUST0163,2024-07-27,4115.96,Electronics,KwaZulu-Natal,high,False
TXN00601,CUST0041,2024-07-27,5044.29,Electronics,Gauteng,high,False
TXN01714,CUST0149,2024-07-27,4594.84,Furniture,Gauteng,mid,False
TXN02668,CUST0223,2024-07-27,632.0,Sports,Gauteng,mid,False
TXN03908,CUST0323,2024-07-28,10513.71,Furniture,KwaZulu-Natal,high,False
TXN00010,CUST0001,2024-07-28,11308.32,Furniture,Gauteng,high,False
TXN02948,CUST0242,2024-07-28,5502.65,Furniture,Limpopo,mid,False
TXN03087,CUST0253,2024-07-28,1431.47,Tools,Eastern Cape,mid,False
TXN00652,CUST0048,2024-07-28,276.53,Tools,Western Cape,low,False
TXN00112,CUST0010,2024-07-28,1600.66,Tools,KwaZulu-Natal,high,False
TXN03693,CUST0302,2024-07-28,445.21,Stationery,Western Cape,high,False
TXN00227,CUST0018,2024-07-29,1222.95,Tools,Western Cape,mid,False
TXN04512,CUST0376,2024-07-29,1634.35,Tools,Gauteng,high,False
TXN03741,CUST0304,2024-07-29,13243.9,Furniture,KwaZulu-Natal,high,False
TXN01202,CUST0096,2024-07-29,657.2,Clothing,Western Cape,mid,False
TXN03694,CUST0302,2024-07-30,299.11,Stationery,Western Cape,high,False
TXN01841,CUST0159,2024-07-30,1599.59,Electronics,Gauteng,low,False
TXN02467,CUST0207,2024-07-30,4663.38,Furniture,Gauteng,mid,False
TXN01132,CUST0090,2024-07-31,202.68,Tools,Western Cape,low,False
TXN00211,CUST0017,2024-07-31,325.6,Health & Beauty,Gauteng,mid,False
TXN04662,CUST0392,2024-07-31,353.64,Health & Beauty,Western Cape,mid,False
TXN02253,CUST0193,2024-07-31,944.43,Tools,Eastern Cape,mid,False
TXN02761,CUST0230,2024-07-31,124.92,Stationery,KwaZulu-Natal,mid,False
TXN01125,CUST0088,2024-08-01,846.66,Clothing,KwaZulu-Natal,mid,False
TXN04041,CUST0333,2024-08-01,3998.62,Electronics,Gauteng,mid,False
TXN02613,CUST0217,2024-08-01,775.25,Health & Beauty,Gauteng,high,False
TXN04640,CUST0389,2024-08-01,1219.32,Tools,KwaZulu-Natal,mid,False
TXN02993,CUST0245,2024-08-01,636.01,Health & Beauty,Gauteng,high,False
TXN01892,CUST0163,2024-08-01,1803.54,Tools,KwaZulu-Natal,high,False
TXN04346,CUST0363,2024-08-01,953.16,Sports,Western Cape,mid,False
TXN00563,CUST0040,2024-08-01,1595.0,Tools,Western Cape,high,False
TXN00763,CUST0057,2024-08-02,431.07,Groceries,Gauteng,high,False
TXN00302,CUST0024,2024-08-02,680.03,Clothing,Gauteng,mid,False
TXN00792,CUST0058,2024-08-02,149.89,Stationery,Gauteng,mid,False
TXN03101,CUST0255,2024-08-02,114.73,Stationery,Gauteng,mid,False
TXN04654,CUST0391,2024-08-02,365.14,Clothing,Limpopo,mid,False
TXN00347,CUST0025,2024-08-02,378.2,Stationery,Western Cape,high,False
TXN01231,CUST0098,2024-08-02,654.43,Groceries,Western Cape,high,False
TXN04667,CUST0393,2024-08-02,1329.54,Tools,Gauteng,mid,False
TXN02861,CUST0238,2024-08-03,1073.59,Tools,Gauteng,mid,False
TXN03170,CUST0259,2024-08-03,704.02,Clothing,Western Cape,mid,False
TXN03971,CUST0327,2024-08-03,1584.05,Tools,Western Cape,high,False
TXN01890,CUST0163,2024-08-03,758.54,Health & Beauty,KwaZulu-Natal,high,False
TXN02794,CUST0234,2024-08-04,300.24,Groceries,Western Cape,mid,False
TXN04300,CUST0358,2024-08-04,3658.08,Electronics,Western Cape,mid,False
TXN00647,CUST0046,2024-08-04,168.76,Health & Beauty,KwaZulu-Natal,low,False
TXN02130,CUST0186,2024-08-04,388.76,Groceries,KwaZulu-Natal,mid,False
TXN00464,CUST0034,2024-08-04,9362.22,Furniture,Limpopo,high,False
TXN02392,CUST0203,2024-08-04,1118.7,Sports,Gauteng,mid,False
TXN03154,CUST0257,2024-08-04,5557.31,Furniture,Limpopo,mid,False
TXN01496,CUST0129,2024-08-04,1330.25,Tools,Gauteng,high,False
TXN01432,CUST0121,2024-08-04,427.51,Groceries,Eastern Cape,mid,False
TXN03893,CUST0322,2024-08-05,3726.26,Electronics,KwaZulu-Natal,mid,False
TXN00870,CUST0061,2024-08-05,551.47,Groceries,Gauteng,high,False
TXN03781,CUST0305,2024-08-05,5413.96,Electronics,KwaZulu-Natal,high,False
TXN04054,CUST0335,2024-08-05,4893.53,Furniture,Gauteng,mid,False
TXN03403,CUST0277,2024-08-06,1530.26,Tools,KwaZulu-Natal,high,False
TXN04455,CUST0373,2024-08-06,571.8,Groceries,Gauteng,high,False
TXN03297,CUST0269,2024-08-06,829.95,Sports,Gauteng,mid,False
TXN03216,CUST0265,2024-08-06,327.89,Stationery,Eastern Cape,high,False
TXN00419,CUST0031,2024-08-06,5788.11,Electronics,Western Cape,high,False
TXN03229,CUST0265,2024-08-06,1447.89,Sports,Eastern Cape,high,False
TXN02417,CUST0204,2024-08-07,339.1,Stationery,Eastern Cape,high,False
TXN04269,CUST0355,2024-08-07,690.37,Groceries,Gauteng,high,False
TXN02243,CUST0192,2024-08-07,8313.86,Furniture,Eastern Cape,mid,False
TXN00251,CUST0019,2024-08-07,280.02,Stationery,Western Cape,mid,False
TXN01515,CUST0129,2024-08-08,1551.27,Sports,Gauteng,high,False
TXN03671,CUST0300,2024-08-08,645.11,Clothing,Gauteng,mid,False
TXN00873,CUST0061,2024-08-08,1865.48,Tools,Gauteng,high,False
TXN00989,CUST0076,2024-08-08,235.03,Health & Beauty,KwaZulu-Natal,low,False
TXN01196,CUST0096,2024-08-08,945.14,Tools,Western Cape,mid,False
TXN01228,CUST0098,2024-08-09,331.92,Stationery,Western Cape,high,False
TXN02232,CUST0191,2024-08-09,664.73,Groceries,Gauteng,high,False
TXN02345,CUST0200,2024-08-09,388.45,Stationery,KwaZulu-Natal,high,False
TXN03497,CUST0288,2024-08-09,1106.88,Tools,Western Cape,mid,False
TXN03323,CUST0271,2024-08-09,3766.46,Electronics,Eastern Cape,mid,False
TXN01373,CUST0115,2024-08-10,827.12,Health & Beauty,KwaZulu-Natal,high,False
TXN00794,CUST0058,2024-08-10,1149.37,Clothing,Gauteng,mid,False
TXN00244,CUST0019,2024-08-10,408.11,Groceries,Western Cape,mid,False
TXN01253,CUST0100,2024-08-10,167.69,Clothing,Gauteng,low,False
TXN02589,CUST0217,2024-08-10,5815.28,Electronics,Gauteng,high,False
TXN00520,CUST0037,2024-08-10,11279.81,Furniture,Gauteng,high,False
TXN03318,CUST0271,2024-08-11,5378.61,Furniture,Eastern Cape,mid,False
TXN00184,CUST0015,2024-08-11,4262.31,Furniture,Gauteng,mid,False
TXN01069,CUST0083,2024-08-11,3854.1,Electronics,Gauteng,mid,False
TXN04603,CUST0385,2024-08-11,856.83,Sports,KwaZulu-Natal,mid,False
TXN00277,CUST0023,2024-08-11,9841.78,Furniture,Gauteng,high,False
TXN02256,CUST0193,2024-08-11,2227.31,Electronics,Eastern Cape,mid,False
TXN04246,CUST0355,2024-08-11,716.65,Groceries,Gauteng,high,False
TXN00026,CUST0002,2024-08-12,138.24,Groceries,Limpopo,low,False
TXN03548,CUST0293,2024-08-12,563.4,Sports,Eastern Cape,mid,False
TXN03042,CUST0250,2024-08-12,1077.36,Tools,Eastern Cape,mid,False
TXN02059,CUST0179,2024-08-12,6780.11,Furniture,Limpopo,mid,False
TXN01517,CUST0130,2024-08-12,557.67,Sports,Western Cape,low,False
TXN01466,CUST0126,2024-08-13,4144.714143335974,Groceries,Western Cape,mid,True
TXN00367,CUST0026,2024-08-13,166.62,Stationery,KwaZulu-Natal,mid,False
TXN03332,CUST0273,2024-08-13,12144.83,Furniture,Eastern Cape,high,False
TXN00862,CUST0061,2024-08-13,745.05,Health & Beauty,Gauteng,high,False
TXN02520,CUST0211,2024-08-13,4434.03,Electronics,Western Cape,high,False
TXN03112,CUST0256,2024-08-13,9828.71,Furniture,Western Cape,high,False
TXN03442,CUST0282,2024-08-13,1160.84,Tools,Gauteng,mid,False
TXN04321,CUST0361,2024-08-13,2227.43,Electronics,Gauteng,mid,False
TXN00166,CUST0013,2024-08-13,243.26,Groceries,Eastern Cape,low,False
TXN03401,CUST0277,2024-08-14,860.77,Health & Beauty,KwaZulu-Natal,high,False
TXN01443,CUST0122,2024-08-14,9629.09,Furniture,Eastern Cape,mid,False
TXN03817,CUST0312,2024-08-14,464.97,Health & Beauty,Gauteng,mid,False
TXN01861,CUST0160,2024-08-14,582.07,Clothing,KwaZulu-Natal,mid,False
TXN02279,CUST0194,2024-08-14,293.69,Health & Beauty,KwaZulu-Natal,mid,False
TXN01383,CUST0116,2024-08-14,1979.65,Tools,Eastern Cape,high,False
TXN04159,CUST0347,2024-08-14,310.82,Groceries,KwaZulu-Natal,mid,False
TXN02576,CUST0214,2024-08-14,1797.42,Sports,Gauteng,high,False
TXN01826,CUST0158,2024-08-14,11879.43,Furniture,KwaZulu-Natal,high,False
TXN02826,CUST0235,2024-08-15,1503.95,Clothing,Gauteng,high,False
TXN04124,CUST0342,2024-08-15,769.17,Clothing,Western Cape,mid,False
TXN02167,CUST0188,2024-08-15,405.82,Stationery,Western Cape,high,False
TXN04297,CUST0358,2024-08-16,768.13,Clothing,Western Cape,mid,False
TXN03614,CUST0296,2024-08-16,3444.02,Electronics,Western Cape,mid,False
TXN01873,CUST0163,2024-08-16,1445.02,Sports,KwaZulu-Natal,high,False
TXN01732,CUST0151,2024-08-16,144.34,Stationery,Eastern Cape,mid,False
TXN00255,CUST0019,2024-08-16,179.68,Stationery,Western Cape,mid,False
TXN02218,CUST0191,2024-08-16,9261.92,Furniture,Gauteng,high,False
TXN01635,CUST0144,2024-08-16,217.54,Stationery,Gauteng,mid,False
TXN03961,CUST0327,2024-08-16,1369.06,Sports,Western Cape,high,False
TXN03308,CUST0270,2024-08-16,831.74,Tools,Gauteng,mid,False
TXN02053,CUST0179,2024-08-17,642.83,Sports,Limpopo,mid,False
TXN03557,CUST0293,2024-08-17,758.96,Sports,Eastern Cape,mid,False
TXN04017,CUST0331,2024-08-17,757.64,Clothing,Gauteng,mid,False
TXN02885,CUST0240,2024-08-17,2692.19,Furniture,Gauteng,mid,False
TXN03505,CUST0289,2024-08-17,306.45,Groceries,Gauteng,low,False
TXN03210,CUST0264,2024-08-17,309.86,Groceries,Western Cape,mid,False
TXN04441,CUST0373,2024-08-18,344.38,Stationery,Gauteng,high,False
TXN03315,CUST0270,2024-08-18,504.96,Clothing,Gauteng,mid,False
TXN01083,CUST0084,2024-08-18,495.32,Health & Beauty,Gauteng,mid,False
TXN01621,CUST0143,2024-08-18,350.02,Groceries,Western Cape,mid,False
TXN04179,CUST0348,2024-08-19,144.28,Stationery,Gauteng,mid,False
TXN03341,CUST0273,2024-08-19,1318.93,Sports,Eastern Cape,high,False
TXN01908,CUST0164,2024-08-19,10921.84,Furniture,Western Cape,high,False
TXN02190,CUST0189,2024-08-20,10077.11,Furniture,Western Cape,high,False
TXN03001,CUST0245,2024-08-20,1736.55,Sports,Gauteng,high,False
TXN01005,CUST0077,2024-08-20,1557.67,Tools,KwaZulu-Natal,high,False
TXN03092,CUST0253,2024-08-20,173.57,Stationery,Eastern Cape,mid,False
TXN00364,CUST0026,2024-08-20,191.37,Stationery,KwaZulu-Natal,mid,False
TXN00411,CUST0030,2024-08-20,1951.31,Tools,Gauteng,high,False
TXN04110,CUST0341,2024-08-21,690.36,Sports,Western Cape,mid,False
TXN03503,CUST0288,2024-08-21,7294.38,Furniture,Western Cape,mid,False
TXN04672,CUST0393,2024-08-21,893.9,Sports,Gauteng,mid,False
TXN02009,CUST0176,2024-08-21,146.11,Groceries,Gauteng,low,False
TXN01267,CUST0102,2024-08-21,1000.07,Tools,KwaZulu-Natal,mid,False
TXN01949,CUST0167,2024-08-21,174.38,Stationery,Gauteng,mid,False
TXN01416,CUST0118,2024-08-22,5102.69,Furniture,Gauteng,low,False
TXN01302,CUST0105,2024-08-22,1049.03,Sports,Eastern Cape,mid,False
TXN04673,CUST0393,2024-08-22,298.82,Health & Beauty,Gauteng,mid,False
TXN04273,CUST0355,2024-08-22,1726.51,Tools,Gauteng,high,False
TXN02468,CUST0207,2024-08-23,3137.82,Electronics,Gauteng,mid,False
TXN03987,CUST0329,2024-08-23,1089.52,Clothing,Western Cape,mid,False
TXN01931,CUST0165,2024-08-23,125.99,Stationery,Gauteng,mid,False
TXN02184,CUST0189,2024-08-23,1654.73,Clothing,Western Cape,high,False
TXN00574,CUST0040,2024-08-24,663.55,Health & Beauty,Western Cape,high,False
TXN04585,CUST0384,2024-08-24,594.33,Sports,Eastern Cape,mid,False
TXN01146,CUST0091,2024-08-24,199.37,Stationery,Gauteng,mid,False
TXN02120,CUST0185,2024-08-24,355.25,Health & Beauty,Gauteng,mid,False
TXN01831,CUST0158,2024-08-24,390.76,Stationery,KwaZulu-Natal,high,False
TXN02405,CUST0204,2024-08-24,1367.06,Sports,Eastern Cape,high,False
TXN01651,CUST0145,2024-08-24,61.09,Stationery,Gauteng,mid,False
TXN03334,CUST0273,2024-08-25,12489.23,Furniture,Eastern Cape,high,False
TXN00900,CUST0066,2024-08-25,1048.45,Tools,Western Cape,mid,False
TXN01830,CUST0158,2024-08-25,1671.3,Sports,KwaZulu-Natal,high,False
TXN00778,CUST0057,2024-08-25,1477.5,Tools,Gauteng,high,False
TXN04681,CUST0394,2024-08-26,858.18,Clothing,KwaZulu-Natal,mid,False
TXN00635,CUST0044,2024-08-26,337.07,Health & Beauty,Eastern Cape,mid,False
TXN00035,CUST0003,2024-08-26,435.29,Health & Beauty,KwaZulu-Natal,mid,False
TXN04164,CUST0347,2024-08-26,6111.32,Furniture,KwaZulu-Natal,mid,False
TXN00001,CUST0001,2024-08-26,508.68,Health & Beauty,Gauteng,high,False
TXN02217,CUST0191,2024-08-26,1136.25,Clothing,Gauteng,high,False
TXN03474,CUST0286,2024-08-26,1257.6,Sports,Gauteng,mid,False
TXN04123,CUST0342,2024-08-27,4476.17,Furniture,Western Cape,mid,False
TXN00559,CUST0040,2024-08-27,2284.78,Tools,Western Cape,high,False
TXN01420,CUST0120,2024-08-27,202.74,Stationery,Western Cape,mid,False
TXN00889,CUST0064,2024-08-27,574.31,Groceries,Gauteng,mid,False
TXN01981,CUST0171,2024-08-27,7331.58,Furniture,KwaZulu-Natal,mid,False
TXN04314,CUST0361,2024-08-27,193.25,Stationery,Gauteng,mid,False
TXN00258,CUST0021,2024-08-27,2757.1,Electronics,Western Cape,low,False
TXN01824,CUST0158,2024-08-27,1899.75,Sports,KwaZulu-Natal,high,False
TXN02180,CUST0189,2024-08-27,9490.81,Furniture,Western Cape,high,False
TXN03683,CUST0301,2024-08-28,3113.13,Electronics,Gauteng,mid,False
TXN02221,CUST0191,2024-08-28,1515.39,Clothing,Gauteng,high,False
TXN01369,CUST0115,2024-08-28,334.37,Stationery,KwaZulu-Natal,high,False
TXN01965,CUST0169,2024-08-28,50.0,Stationery,Gauteng,low,False
TXN01956,CUST0168,2024-08-28,1348.67,Tools,Gauteng,mid,False
TXN03598,CUST0295,2024-08-28,8990.17,Furniture,Gauteng,high,False
TXN01938,CUST0166,2024-08-28,6454.82,Furniture,Eastern Cape,mid,False
TXN02511,CUST0210,2024-08-29,2632.22,Furniture,Gauteng,mid,False
TXN01240,CUST0098,2024-08-29,7300.23,Electronics,Western Cape,high,False
TXN02624,CUST0218,2024-08-29,332.37,Health & Beauty,KwaZulu-Natal,mid,False
TXN01230,CUST0098,2024-08-29,591.87,Health & Beauty,Western Cape,high,False
TXN02751,CUST0229,2024-08-29,895.39,Groceries,Eastern Cape,high,False
TXN01330,CUST0111,2024-08-29,326.63,Tools,Gauteng,mid,False
TXN03172,CUST0259,2024-08-29,1450.68,Tools,Western Cape,mid,False
TXN04235,CUST0354,2024-08-29,453.54,Health & Beauty,Gauteng,mid,False
TXN01039,CUST0081,2024-08-29,185.72,Stationery,Eastern Cape,mid,False
TXN02545,CUST0214,2024-08-30,1611.11,Sports,Gauteng,high,False
TXN01277,CUST0103,2024-08-30,307.05,Groceries,Gauteng,mid,False
TXN00348,CUST0025,2024-08-30,9787.48,Furniture,Western Cape,high,False
TXN02896,CUST0240,2024-08-30,887.66,Clothing,Gauteng,mid,False
TXN02122,CUST0186,2024-08-30,2806.24,Electronics,KwaZulu-Natal,mid,False
TXN04407,CUST0370,2024-08-30,150.98,Groceries,Gauteng,low,False
TXN01917,CUST0164,2024-08-31,632.24,Health & Beauty,Western Cape,high,False
TXN03638,CUST0298,2024-08-31,1374.74,Tools,Gauteng,mid,False
TXN02691,CUST0225,2024-08-31,464.11,Groceries,Gauteng,mid,False
TXN01121,CUST0088,2024-08-31,221.5,Health & Beauty,KwaZulu-Natal,mid,False
TXN01526,CUST0132,2024-08-31,888.98,Sports,Gauteng,low,False
TXN00357,CUST0026,2024-08-31,3546.17,Furniture,KwaZulu-Natal,mid,False
TXN04470,CUST0373,2024-08-31,8208.78,Furniture,Gauteng,high,False
TXN00882,CUST0062,2024-09-01,680.22,Tools,Gauteng,mid,False
TXN01572,CUST0139,2024-09-01,6739.5,Furniture,Gauteng,mid,False
TXN03687,CUST0301,2024-09-01,321.41,Stationery,Gauteng,mid,False
TXN02075,CUST0180,2024-09-01,2785.0,Electronics,Gauteng,mid,False
TXN00482,CUST0034,2024-09-01,5913.25,Electronics,Limpopo,high,False
TXN01661,CUST0146,2024-09-01,7608.17,Furniture,Gauteng,mid,False
TXN01181,CUST0094,2024-09-01,430.74,Groceries,Western Cape,mid,False
TXN04009,CUST0331,2024-09-02,372.28,Health & Beauty,Gauteng,mid,False
TXN01461,CUST0126,2024-09-02,8195.23,Furniture,Western Cape,mid,False
TXN00487,CUST0035,2024-09-02,1621.27,Sports,Limpopo,high,False
TXN01503,CUST0129,2024-09-02,2134.0,Tools,Gauteng,high,False
TXN01721,CUST0150,2024-09-02,50.0,Health & Beauty,Gauteng,low,False
TXN04661,CUST0392,2024-09-03,730.74,Clothing,Western Cape,mid,False
TXN01483,CUST0128,2024-09-03,1176.68,Tools,Eastern Cape,mid,False
TXN00458,CUST0033,2024-09-03,1085.14,Tools,Gauteng,mid,False
TXN02599,CUST0217,2024-09-03,6162.03,Electronics,Gauteng,high,False
TXN01166,CUST0093,2024-09-03,540.31,Groceries,KwaZulu-Natal,mid,False
TXN01256,CUST0101,2024-09-04,4902.22,Furniture,Gauteng,mid,False
TXN00779,CUST0057,2024-09-04,716.13,Groceries,Gauteng,high,False
TXN03734,CUST0303,2024-09-04,221.16,Stationery,Western Cape,mid,False
TXN02010,CUST0176,2024-09-04,59.91,Stationery,Gauteng,low,False
TXN03263,CUST0267,2024-09-04,435.29,Health & Beauty,KwaZulu-Natal,mid,False
TXN00004,CUST0001,2024-09-04,2994.744986522672,Stationery,Gauteng,high,True
TXN01213,CUST0097,2024-09-04,788.67,Tools,Western Cape,mid,False
TXN00509,CUST0035,2024-09-04,8671.96,Furniture,Limpopo,high,False
TXN03672,CUST0300,2024-09-05,2684.77,Electronics,Gauteng,mid,False
TXN04055,CUST0335,2024-09-05,218.7,Stationery,Gauteng,mid,False
TXN03956,CUST0327,2024-09-05,333.45,Stationery,Western Cape,high,False
TXN01828,CUST0158,2024-09-05,10348.04,Furniture,KwaZulu-Natal,high,False
TXN02437,CUST0205,2024-09-05,1813.69,Tools,Western Cape,high,False
TXN01355,CUST0115,2024-09-05,1490.75,Clothing,KwaZulu-Natal,high,False
TXN03117,CUST0256,2024-09-05,1458.26,Sports,Western Cape,high,False
TXN00313,CUST0024,2024-09-05,3030.18,Electronics,Gauteng,mid,False
TXN01866,CUST0162,2024-09-06,469.71,Health & Beauty,KwaZulu-Natal,mid,False
TXN04289,CUST0357,2024-09-06,535.07,Sports,Gauteng,mid,False
TXN04330,CUST0362,2024-09-06,235.04,Stationery,KwaZulu-Natal,mid,False
TXN02170,CUST0188,2024-09-06,646.5,Groceries,Western Cape,high,False
TXN01936,CUST0166,2024-09-06,3202.36,Electronics,Eastern Cape,mid,False
TXN02446,CUST0205,2024-09-06,9881.25,Furniture,Western Cape,high,False
TXN04225,CUST0353,2024-09-07,224.23,Stationery,KwaZulu-Natal,mid,False
TXN01909,CUST0164,2024-09-07,8854.77,Furniture,Western Cape,high,False
TXN01632,CUST0144,2024-09-07,326.08,Groceries,Gauteng,mid,False
TXN04548,CUST0381,2024-09-07,174.09,Stationery,Gauteng,mid,False
TXN03286,CUST0268,2024-09-08,894.89,Sports,KwaZulu-Natal,mid,False
TXN04372,CUST0365,2024-09-08,9627.37,Furniture,Limpopo,high,False
TXN01530,CUST0133,2024-09-08,1904.73,Electronics,Gauteng,low,False
TXN04371,CUST0365,2024-09-08,1986.2,Sports,Limpopo,high,False
TXN02219,CUST0191,2024-09-08,2072.42,Sports,Gauteng,high,False
TXN02261,CUST0193,2024-09-08,421.7,Clothing,Eastern Cape,mid,False
TXN04182,CUST0348,2024-09-09,675.46,Clothing,Gauteng,mid,False
TXN03437,CUST0282,2024-09-09,254.51,Stationery,Gauteng,mid,False
TXN00317,CUST0025,2024-09-09,2224.51,Tools,Western Cape,high,False
TXN02000,CUST0174,2024-09-09,836.12,Sports,Gauteng,mid,False
TXN02497,CUST0210,2024-09-09,4559.25,Furniture,Gauteng,mid,False
TXN01185,CUST0094,2024-09-09,872.44,Clothing,Western Cape,mid,False
TXN02066,CUST0180,2024-09-10,399.07,Groceries,Gauteng,mid,False
TXN03099,CUST0254,2024-09-10,434.65,Clothing,Gauteng,low,False
TXN03873,CUST0319,2024-09-10,684.28,Health & Beauty,Gauteng,high,False
TXN00451,CUST0033,2024-09-10,4389.59,Electronics,Gauteng,mid,False
TXN03307,CUST0270,2024-09-10,577.54,Health & Beauty,Gauteng,mid,False
TXN03735,CUST0303,2024-09-10,6642.56,Furniture,Western Cape,mid,False
TXN00582,CUST0041,2024-09-11,559.26,Groceries,Gauteng,high,False
TXN01739,CUST0152,2024-09-11,727.24,Clothing,Gauteng,low,False
TXN04076,CUST0337,2024-09-11,738.75,Clothing,Eastern Cape,mid,False
TXN00231,CUST0018,2024-09-11,364.68,Groceries,Western Cape,mid,False
TXN01756,CUST0154,2024-09-11,2325.74,Electronics,Western Cape,mid,False
TXN02521,CUST0211,2024-09-11,615.77,Groceries,Western Cape,high,False
TXN00525,CUST0037,2024-09-11,668.11,Groceries,Gauteng,high,False
TXN01553,CUST0137,2024-09-11,1513.15,Electronics,Western Cape,low,False
TXN00570,CUST0040,2024-09-12,4245.38,Electronics,Western Cape,high,False
TXN02366,CUST0201,2024-09-12,434.45,Health & Beauty,KwaZulu-Natal,mid,False
TXN01454,CUST0123,2024-09-12,1178.99,Electronics,Gauteng,low,False
TXN03158,CUST0257,2024-09-12,6433.17,Furniture,Limpopo,mid,False
TXN02216,CUST0191,2024-09-12,10657.9,Furniture,Gauteng,high,False
TXN03504,CUST0288,2024-09-12,1180.64,Sports,Western Cape,mid,False
TXN02703,CUST0226,2024-09-12,3733.04,Furniture,Gauteng,mid,False
TXN01417,CUST0119,2024-09-12,696.27,Electronics,Eastern Cape,low,False
TXN04557,CUST0381,2024-09-12,273.7,Groceries,Gauteng,mid,False
TXN03656,CUST0299,2024-09-12,3553.23,Electronics,KwaZulu-Natal,mid,False
TXN01421,CUST0120,2024-09-12,723.03,Clothing,Western Cape,mid,False
TXN03396,CUST0277,2024-09-13,342.49,Stationery,KwaZulu-Natal,high,False
TXN01258,CUST0101,2024-09-13,990.63,Tools,Gauteng,mid,False
TXN01901,CUST0163,2024-09-13,452.34,Stationery,KwaZulu-Natal,high,False
TXN03038,CUST0250,2024-09-13,900.2,Sports,Eastern Cape,mid,False
TXN04629,CUST0388,2024-09-13,5374.27,Furniture,Gauteng,mid,False
TXN04119,CUST0342,2024-09-14,254.51,Health & Beauty,Western Cape,mid,False
TXN02701,CUST0226,2024-09-14,995.86,Sports,Gauteng,mid,False
TXN02897,CUST0240,2024-09-14,936.82,Tools,Gauteng,mid,False
TXN03466,CUST0285,2024-09-14,1197.24,Electronics,Western Cape,low,False
TXN01349,CUST0114,2024-09-14,50.0,Tools,Eastern Cape,low,False
TXN01187,CUST0095,2024-09-15,880.07,Sports,KwaZulu-Natal,mid,False
TXN04083,CUST0339,2024-09-15,216.15,Health & Beauty,Western Cape,mid,False
TXN01095,CUST0086,2024-09-15,64.78,Health & Beauty,Gauteng,low,False
TXN02626,CUST0218,2024-09-15,182.57,Health & Beauty,KwaZulu-Natal,mid,False
TXN04609,CUST0385,2024-09-15,177.4,Stationery,KwaZulu-Natal,mid,False
TXN04036,CUST0333,2024-09-16,3241.43,Electronics,Gauteng,mid,False
TXN03707,CUST0302,2024-09-16,8305.49,Furniture,Western Cape,high,False
TXN03764,CUST0305,2024-09-16,314.54,Stationery,KwaZulu-Natal,high,False
TXN00618,CUST0043,2024-09-16,206.95,Stationery,Gauteng,mid,False
TXN04317,CUST0361,2024-09-16,430.47,Health & Beauty,Gauteng,mid,False
TXN02489,CUST0209,2024-09-16,724.32,Groceries,Gauteng,mid,False
TXN03896,CUST0322,2024-09-16,729.67,Sports,KwaZulu-Natal,mid,False
TXN02516,CUST0211,2024-09-16,10520.44,Furniture,Western Cape,high,False
TXN00851,CUST0061,2024-09-17,1630.93,Sports,Gauteng,high,False
TXN03579,CUST0295,2024-09-17,760.42,Health & Beauty,Gauteng,high,False
TXN04234,CUST0354,2024-09-17,631.11,Clothing,Gauteng,mid,False
TXN03931,CUST0323,2024-09-17,664.22,Groceries,KwaZulu-Natal,high,False
TXN02827,CUST0235,2024-09-17,1608.72,Sports,Gauteng,high,False
TXN02102,CUST0183,2024-09-17,6522.66,Furniture,Limpopo,mid,False
TXN01085,CUST0084,2024-09-17,4123.22,Electronics,Gauteng,mid,False
TXN03427,CUST0278,2024-09-17,868.49,Tools,KwaZulu-Natal,mid,False
TXN03481,CUST0286,2024-09-17,527.52,Groceries,Gauteng,mid,False
TXN00403,CUST0030,2024-09-17,1967.64,Tools,Gauteng,high,False
TXN01290,CUST0104,2024-09-18,84.32,Clothing,Western Cape,low,False
TXN03564,CUST0294,2024-09-18,1089.02,Sports,Gauteng,mid,False
TXN02619,CUST0217,2024-09-18,302.82,Stationery,Gauteng,high,False
TXN04271,CUST0355,2024-09-18,639.76,Health & Beauty,Gauteng,high,False
TXN02195,CUST0189,2024-09-18,419.5,Health & Beauty,Western Cape,high,False
TXN02175,CUST0189,2024-09-18,1830.36,Tools,Western Cape,high,False
TXN04504,CUST0376,2024-09-18,2374.49,Tools,Gauteng,high,False
TXN03866,CUST0319,2024-09-18,765.97,Groceries,Gauteng,high,False
TXN03317,CUST0270,2024-09-19,919.93,Clothing,Gauteng,mid,False
TXN03153,CUST0257,2024-09-19,7764.92,Furniture,Limpopo,mid,False
TXN01033,CUST0080,2024-09-19,392.53,Health & Beauty,Gauteng,mid,False
TXN01842,CUST0159,2024-09-19,95.5,Stationery,Gauteng,low,False
TXN00807,CUST0059,2024-09-19,633.92,Health & Beauty,Gauteng,high,False
TXN01666,CUST0147,2024-09-19,348.13,Stationery,Western Cape,high,False
TXN00784,CUST0057,2024-09-20,1440.1,Tools,Gauteng,high,False
TXN01399,CUST0116,2024-09-20,10420.73,Furniture,Eastern Cape,high,False
TXN02292,CUST0196,2024-09-20,240.18,Groceries,Gauteng,mid,False
TXN01333,CUST0111,2024-09-21,859.39,Tools,Gauteng,mid,False
TXN04410,CUST0371,2024-09-21,598.49,Health & Beauty,Gauteng,high,False
TXN00673,CUST0050,2024-09-21,419.49,Stationery,Gauteng,high,False
TXN00923,CUST0070,2024-09-21,148.14,Stationery,Limpopo,low,False
TXN03938,CUST0325,2024-09-21,1178.4,Sports,Limpopo,mid,False
TXN02376,CUST0202,2024-09-21,1258.16,Tools,Gauteng,mid,False
TXN02801,CUST0235,2024-09-22,9405.23,Furniture,Gauteng,high,False
TXN02641,CUST0221,2024-09-22,498.78,Groceries,KwaZulu-Natal,mid,False
TXN04032,CUST0333,2024-09-22,929.92,Sports,Gauteng,mid,False
TXN00294,CUST0023,2024-09-22,380.82,Stationery,Gauteng,high,False
TXN00047,CUST0005,2024-09-23,410.99,Groceries,Gauteng,mid,False
TXN03586,CUST0295,2024-09-23,4951.34,Electronics,Gauteng,high,False
TXN03414,CUST0278,2024-09-23,345.94,Groceries,KwaZulu-Natal,mid,False
TXN02805,CUST0235,2024-09-23,591.83,Health & Beauty,Gauteng,high,False
TXN00550,CUST0040,2024-09-23,812.31,Health & Beauty,Western Cape,high,False
TXN03536,CUST0292,2024-09-24,1644.89,Tools,Gauteng,mid,False
TXN03357,CUST0274,2024-09-24,843.17,Sports,Eastern Cape,mid,False
TXN03511,CUST0290,2024-09-24,985.08,Sports,Western Cape,mid,False
TXN02024,CUST0177,2024-09-24,644.37,Groceries,KwaZulu-Natal,high,False
TXN01306,CUST0105,2024-09-25,451.16,Groceries,Eastern Cape,mid,False
TXN03352,CUST0274,2024-09-25,490.61,Health & Beauty,Eastern Cape,mid,False
TXN03816,CUST0311,2024-09-25,1106.57,Electronics,Western Cape,low,False
TXN01999,CUST0174,2024-09-25,420.62,Health & Beauty,Gauteng,mid,False
TXN04345,CUST0363,2024-09-25,198.55,Stationery,Western Cape,mid,False
TXN01183,CUST0094,2024-09-25,96.23,Stationery,Western Cape,mid,False
TXN03667,CUST0300,2024-09-25,630.88,Tools,Gauteng,mid,False
TXN00062,CUST0006,2024-09-25,170.62,Tools,Gauteng,low,False
TXN03942,CUST0326,2024-09-25,265.84,Clothing,KwaZulu-Natal,low,False
TXN03407,CUST0277,2024-09-25,10302.86,Furniture,KwaZulu-Natal,high,False
TXN00122,CUST0010,2024-09-26,8644.36,Furniture,KwaZulu-Natal,high,False
TXN01323,CUST0109,2024-09-26,289.97,Groceries,Gauteng,low,False
TXN02792,CUST0234,2024-09-26,1043.3,Sports,Western Cape,mid,False
TXN02929,CUST0241,2024-09-26,683.45,Groceries,Limpopo,high,False
TXN00825,CUST0060,2024-09-26,435.58,Stationery,Gauteng,high,False
TXN03750,CUST0304,2024-09-26,1492.2,Clothing,KwaZulu-Natal,high,False
TXN00189,CUST0015,2024-09-26,1512.97,Tools,Gauteng,mid,False
TXN03778,CUST0305,2024-09-26,1630.05,Sports,KwaZulu-Natal,high,False
TXN04727,CUST0395,2024-09-27,292.88,Stationery,Gauteng,high,False
TXN04035,CUST0333,2024-09-27,5072.38,Furniture,Gauteng,mid,False
TXN04540,CUST0380,2024-09-27,878.52,Clothing,Gauteng,mid,False
TXN04602,CUST0385,2024-09-27,97.87,Stationery,KwaZulu-Natal,mid,False
TXN00543,CUST0039,2024-09-27,389.46,Health & Beauty,KwaZulu-Natal,low,False
TXN03416,CUST0278,2024-09-27,204.76,Stationery,KwaZulu-Natal,mid,False
TXN02419,CUST0204,2024-09-28,844.42,Health & Beauty,Eastern Cape,high,False
TXN02547,CUST0214,2024-09-28,1665.22,Sports,Gauteng,high,False
TXN01598,CUST0141,2024-09-28,260.76,Groceries,Limpopo,low,False
TXN01049,CUST0082,2024-09-28,179.58,Stationery,KwaZulu-Natal,mid,False
TXN02258,CUST0193,2024-09-28,852.19,Clothing,Eastern Cape,mid,False
TXN04715,CUST0395,2024-09-28,1538.56,Sports,Gauteng,high,False
TXN01796,CUST0157,2024-09-28,1654.72,Clothing,KwaZulu-Natal,high,False
TXN04208,CUST0351,2024-09-28,11272.4,Furniture,Western Cape,high,False
TXN02581,CUST0215,2024-09-28,85.49,Groceries,KwaZulu-Natal,low,False
TXN02787,CUST0234,2024-09-28,711.14,Clothing,Western Cape,mid,False
TXN04219,CUST0353,2024-09-29,454.85,Groceries,KwaZulu-Natal,mid,False
TXN02248,CUST0192,2024-09-29,344.87,Health & Beauty,Eastern Cape,mid,False
TXN01953,CUST0167,2024-09-30,450.46,Groceries,Gauteng,mid,False
TXN00468,CUST0034,2024-09-30,552.27,Health & Beauty,Limpopo,high,False
TXN01198,CUST0096,2024-09-30,4066.12,Electronics,Western Cape,mid,False
TXN03780,CUST0305,2024-09-30,3742.37,Electronics,KwaZulu-Natal,high,False
TXN01642,CUST0144,2024-09-30,316.67,Health & Beauty,Gauteng,mid,False
TXN00897,CUST0066,2024-09-30,207.12,Groceries,Western Cape,mid,False
TXN02155,CUST0187,2024-09-30,1315.31,Clothing,Eastern Cape,high,False
TXN04084,CUST0339,2024-09-30,206.6,Stationery,Western Cape,mid,False
TXN01636,CUST0144,2024-09-30,240.66,Stationery,Gauteng,mid,False
TXN02680,CUST0224,2024-09-30,2162.29,Electronics,Gauteng,mid,False
TXN02717,CUST0227,2024-10-01,267.15,Stationery,Limpopo,mid,False
TXN03439,CUST0282,2024-10-01,409.26,Health & Beauty,Gauteng,mid,False
TXN03242,CUST0265,2024-10-01,6769.66,Electronics,Eastern Cape,high,False
TXN02571,CUST0214,2024-10-01,1299.03,Clothing,Gauteng,high,False
TXN03430,CUST0280,2024-10-01,185.46,Clothing,KwaZulu-Natal,low,False
TXN01032,CUST0080,2024-10-01,5873.94,Furniture,Gauteng,mid,False
TXN02458,CUST0206,2024-10-01,414.84,Health & Beauty,Gauteng,mid,False
TXN02848,CUST0237,2024-10-01,1380.58,Tools,Gauteng,mid,False
TXN03232,CUST0265,2024-10-01,343.46,Stationery,Eastern Cape,high,False
TXN03080,CUST0252,2024-10-01,1074.82,Sports,Gauteng,mid,False
TXN02226,CUST0191,2024-10-02,2260.88,Tools,Gauteng,high,False
TXN01410,CUST0117,2024-10-02,933.74,Clothing,Eastern Cape,mid,False
TXN04543,CUST0380,2024-10-02,327.44,Stationery,Gauteng,mid,False
TXN02968,CUST0245,2024-10-02,1369.38,Clothing,Gauteng,high,False
TXN01725,CUST0151,2024-10-02,927.41,Clothing,Eastern Cape,mid,False
TXN00232,CUST0018,2024-10-03,2919.24,Electronics,Western Cape,mid,False
TXN02735,CUST0229,2024-10-03,6781.65,Electronics,Eastern Cape,high,False
TXN04497,CUST0376,2024-10-03,9894.06,Furniture,Gauteng,high,False
TXN03406,CUST0277,2024-10-03,851.16,Groceries,KwaZulu-Natal,high,False
TXN04129,CUST0342,2024-10-04,144.26,Stationery,Western Cape,mid,False
TXN04091,CUST0340,2024-10-04,1268.06,Tools,Gauteng,mid,False
TXN02554,CUST0214,2024-10-04,9978.68,Furniture,Gauteng,high,False
TXN01558,CUST0138,2024-10-04,502.17,Groceries,KwaZulu-Natal,mid,False
TXN04658,CUST0392,2024-10-04,735.63,Tools,Western Cape,mid,False
TXN00964,CUST0073,2024-10-05,878.97,Groceries,Gauteng,high,False
TXN00028,CUST0003,2024-10-05,4233.21,Electronics,KwaZulu-Natal,mid,False
TXN03829,CUST0313,2024-10-05,183.77,Stationery,Gauteng,mid,False
TXN01856,CUST0160,2024-10-05,4254.72,Furniture,KwaZulu-Natal,mid,False
TXN01919,CUST0164,2024-10-06,1839.41,Clothing,Western Cape,high,False
TXN00517,CUST0035,2024-10-06,829.34,Groceries,Limpopo,high,False
TXN04242,CUST0354,2024-10-06,435.33,Groceries,Gauteng,mid,False
TXN02890,CUST0240,2024-10-07,356.22,Health & Beauty,Gauteng,mid,False
TXN00518,CUST0036,2024-10-07,189.48,Groceries,Eastern Cape,low,False
TXN04590,CUST0384,2024-10-07,184.44,Health & Beauty,Eastern Cape,mid,False
TXN03697,CUST0302,2024-10-07,774.14,Groceries,Western Cape,high,False
TXN02695,CUST0226,2024-10-08,4453.58,Electronics,Gauteng,mid,False
TXN02138,CUST0187,2024-10-08,2002.81,Tools,Eastern Cape,high,False
TXN04200,CUST0351,2024-10-08,1945.52,Tools,Western Cape,high,False
TXN03104,CUST0255,2024-10-08,775.01,Sports,Gauteng,mid,False
TXN03273,CUST0267,2024-10-08,235.12,Stationery,KwaZulu-Natal,mid,False
TXN03501,CUST0288,2024-10-09,333.53,Health & Beauty,Western Cape,mid,False
TXN00275,CUST0023,2024-10-09,1855.88,Sports,Gauteng,high,False
TXN00661,CUST0049,2024-10-09,245.0,Stationery,Western Cape,mid,False
TXN03998,CUST0330,2024-10-09,635.22,Clothing,Gauteng,mid,False
TXN02015,CUST0177,2024-10-09,413.77,Stationery,KwaZulu-Natal,high,False
TXN04205,CUST0351,2024-10-10,5854.46,Electronics,Western Cape,high,False
TXN03673,CUST0300,2024-10-10,719.85,Health & Beauty,Gauteng,mid,False
TXN03421,CUST0278,2024-10-10,5590.24,Furniture,KwaZulu-Natal,mid,False
TXN01972,CUST0170,2024-10-10,909.57,Sports,Western Cape,mid,False
TXN04583,CUST0384,2024-10-10,6878.92,Furniture,Eastern Cape,mid,False
TXN02841,CUST0236,2024-10-10,267.52,Stationery,KwaZulu-Natal,mid,False
TXN03391,CUST0277,2024-10-10,5377.2,Electronics,KwaZulu-Natal,high,False
TXN04587,CUST0384,2024-10-10,1194.09,Clothing,Eastern Cape,mid,False
TXN04112,CUST0341,2024-10-11,580.67,Health & Beauty,Western Cape,mid,False
TXN00930,CUST0071,2024-10-11,758.57,Health & Beauty,KwaZulu-Natal,high,False
TXN01784,CUST0157,2024-10-11,666.33,Health & Beauty,KwaZulu-Natal,high,False
TXN04229,CUST0353,2024-10-11,4721.81,Furniture,KwaZulu-Natal,mid,False
TXN03121,CUST0256,2024-10-11,766.27,Groceries,Western Cape,high,False
TXN00811,CUST0059,2024-10-11,1621.77,Sports,Gauteng,high,False
TXN02281,CUST0194,2024-10-12,5814.15,Furniture,KwaZulu-Natal,mid,False
TXN00389,CUST0029,2024-10-12,7076.38,Furniture,Western Cape,mid,False
TXN03611,CUST0295,2024-10-12,1596.72,Sports,Gauteng,high,False
TXN01012,CUST0078,2024-10-12,1209.7,Tools,Gauteng,mid,False
TXN02325,CUST0199,2024-10-12,159.26,Stationery,Eastern Cape,mid,False
TXN02878,CUST0239,2024-10-12,411.65,Groceries,KwaZulu-Natal,mid,False
TXN03783,CUST0306,2024-10-12,2090.35,Furniture,Limpopo,low,False
TXN02369,CUST0201,2024-10-13,1054.56,Tools,KwaZulu-Natal,mid,False
TXN01519,CUST0131,2024-10-13,299.58,Tools,Western Cape,low,False
TXN01301,CUST0105,2024-10-13,445.92,Groceries,Eastern Cape,mid,False
TXN01929,CUST0165,2024-10-13,523.02,Groceries,Gauteng,mid,False
TXN02982,CUST0245,2024-10-13,371.45,Stationery,Gauteng,high,False
TXN00780,CUST0057,2024-10-14,371.35,Stationery,Gauteng,high,False
TXN03066,CUST0251,2024-10-14,1669.98,Tools,Gauteng,high,False
TXN01222,CUST0098,2024-10-14,753.07,Groceries,Western Cape,high,False
TXN00349,CUST0025,2024-10-14,443.81,Health & Beauty,Western Cape,high,False
TXN02500,CUST0210,2024-10-14,331.12,Groceries,Gauteng,mid,False
TXN02852,CUST0237,2024-10-14,854.78,Clothing,Gauteng,mid,False
TXN02087,CUST0182,2024-10-14,1573.12,Electronics,Gauteng,low,False
TXN02558,CUST0214,2024-10-14,2080.69,Clothing,Gauteng,high,False
TXN00532,CUST0037,2024-10-15,13055.8,Furniture,Gauteng,high,False
TXN04283,CUST0355,2024-10-15,2223.18,Sports,Gauteng,high,False
TXN02318,CUST0198,2024-10-15,351.92,Groceries,Eastern Cape,mid,False
TXN00247,CUST0019,2024-10-15,264.56,Stationery,Western Cape,mid,False
TXN04097,CUST0340,2024-10-15,406.52,Health & Beauty,Gauteng,mid,False
TXN01023,CUST0078,2024-10-16,903.05,Sports,Gauteng,mid,False
TXN03461,CUST0284,2024-10-17,880.03,Tools,Gauteng,mid,False
TXN01246,CUST0098,2024-10-17,1930.19,Clothing,Western Cape,high,False
TXN02912,CUST0241,2024-10-17,1701.86,Sports,Limpopo,high,False
TXN03643,CUST0298,2024-10-18,334.67,Groceries,Gauteng,mid,False
TXN04524,CUST0377,2024-10-18,1256.05,Tools,Eastern Cape,mid,False
TXN04553,CUST0381,2024-10-18,1332.78,Tools,Gauteng,mid,False
TXN02749,CUST0229,2024-10-18,5702.36,Electronics,Eastern Cape,high,False
TXN02181,CUST0189,2024-10-18,1670.47,Tools,Western Cape,high,False
TXN01609,CUST0142,2024-10-18,429.86,Groceries,Gauteng,mid,False
TXN00668,CUST0049,2024-10-18,419.26,Health & Beauty,Western Cape,mid,False
TXN03057,CUST0251,2024-10-18,5957.61,Electronics,Gauteng,high,False
TXN04142,CUST0344,2024-10-18,3660.41,Furniture,Western Cape,mid,False
TXN03765,CUST0305,2024-10-19,1988.94,Sports,KwaZulu-Natal,high,False
TXN01492,CUST0129,2024-10-19,733.98,Health & Beauty,Gauteng,high,False
TXN04628,CUST0388,2024-10-19,469.24,Groceries,Gauteng,mid,False
TXN01324,CUST0109,2024-10-19,3246.64,Furniture,Gauteng,low,False
TXN00984,CUST0075,2024-10-19,1039.24,Tools,KwaZulu-Natal,mid,False
TXN01259,CUST0101,2024-10-19,1146.74,Sports,Gauteng,mid,False
TXN01878,CUST0163,2024-10-19,7882.57,Electronics,KwaZulu-Natal,high,False
TXN03197,CUST0263,2024-10-20,536.02,Groceries,Gauteng,mid,False
TXN00538,CUST0037,2024-10-20,1995.51,Tools,Gauteng,high,False
TXN02470,CUST0207,2024-10-20,6377.28,Furniture,Gauteng,mid,False
TXN00640,CUST0045,2024-10-20,271.77,Health & Beauty,Gauteng,low,False
TXN03589,CUST0295,2024-10-20,1777.81,Tools,Gauteng,high,False
TXN04348,CUST0363,2024-10-20,5759.56,Furniture,Western Cape,mid,False
TXN04086,CUST0339,2024-10-20,279.17,Stationery,Western Cape,mid,False
TXN00558,CUST0040,2024-10-20,1583.14,Clothing,Western Cape,high,False
TXN01398,CUST0116,2024-10-21,341.1,Stationery,Eastern Cape,high,False
TXN01960,CUST0168,2024-10-21,1014.7,Clothing,Gauteng,mid,False
TXN03875,CUST0319,2024-10-21,1654.77,Clothing,Gauteng,high,False
TXN01480,CUST0128,2024-10-21,1002.5,Sports,Eastern Cape,mid,False
TXN01603,CUST0142,2024-10-22,6888.64,Furniture,Gauteng,mid,False
TXN00408,CUST0030,2024-10-22,1855.25,Tools,Gauteng,high,False
TXN03877,CUST0319,2024-10-22,585.97,Health & Beauty,Gauteng,high,False
TXN00080,CUST0008,2024-10-22,7604.7,Electronics,Eastern Cape,high,False
TXN03620,CUST0297,2024-10-22,736.49,Clothing,KwaZulu-Natal,mid,False
TXN01138,CUST0091,2024-10-22,5718.0,Furniture,Gauteng,mid,False
TXN01548,CUST0135,2024-10-22,274.73,Clothing,Limpopo,low,False
TXN00555,CUST0040,2024-10-22,354.47,Stationery,Western Cape,high,False
TXN00202,CUST0016,2024-10-23,243.41,Stationery,Gauteng,mid,False
TXN00928,CUST0071,2024-10-23,2558.78,Tools,KwaZulu-Natal,high,False
TXN00524,CUST0037,2024-10-23,7659.9,Electronics,Gauteng,high,False
TXN03981,CUST0329,2024-10-23,249.8,Stationery,Western Cape,mid,False
TXN01840,CUST0158,2024-10-23,425.97,Stationery,KwaZulu-Natal,high,False
TXN03252,CUST0266,2024-10-23,1105.94,Sports,KwaZulu-Natal,mid,False
TXN00295,CUST0023,2024-10-23,1542.94,Sports,Gauteng,high,False
TXN03200,CUST0263,2024-10-24,910.59,Sports,Gauteng,mid,False
TXN02544,CUST0214,2024-10-24,2297.91,Tools,Gauteng,high,False
TXN03957,CUST0327,2024-10-24,569.14,Health & Beauty,Western Cape,high,False
TXN00352,CUST0025,2024-10-24,769.58,Groceries,Western Cape,high,False
TXN03982,CUST0329,2024-10-24,121.41,Stationery,Western Cape,mid,False
TXN04538,CUST0380,2024-10-24,6532.37,Furniture,Gauteng,mid,False
TXN03008,CUST0247,2024-10-25,1264.19,Sports,Western Cape,mid,False
TXN00638,CUST0044,2024-10-25,1083.64,Clothing,Eastern Cape,mid,False
TXN00461,CUST0033,2024-10-25,3279.88,Electronics,Gauteng,mid,False
TXN00015,CUST0001,2024-10-25,16616.396124309293,Electronics,Gauteng,high,True
TXN00916,CUST0069,2024-10-26,116.25,Stationery,Gauteng,mid,False
TXN02105,CUST0184,2024-10-26,252.62,Stationery,Eastern Cape,mid,False
TXN00106,CUST0008,2024-10-26,1613.15,Sports,Eastern Cape,high,False
TXN01011,CUST0078,2024-10-26,7619.16,Furniture,Gauteng,mid,False
TXN02299,CUST0197,2024-10-27,1012.29,Sports,KwaZulu-Natal,mid,False
TXN00620,CUST0043,2024-10-27,451.26,Groceries,Gauteng,mid,False
TXN01924,CUST0164,2024-10-27,1920.78,Sports,Western Cape,high,False
TXN00330,CUST0025,2024-10-27,12141.13,Furniture,Western Cape,high,False
TXN03684,CUST0301,2024-10-27,1017.26,Clothing,Gauteng,mid,False
TXN01300,CUST0105,2024-10-27,1750.1,Tools,Eastern Cape,mid,False
TXN00185,CUST0015,2024-10-27,1328.83,Tools,Gauteng,mid,False
TXN03441,CUST0282,2024-10-27,258.26,Stationery,Gauteng,mid,False
TXN00782,CUST0057,2024-10-28,1273.65,Clothing,Gauteng,high,False
TXN04125,CUST0342,2024-10-28,196.95,Stationery,Western Cape,mid,False
TXN01758,CUST0154,2024-10-28,1184.05,Tools,Western Cape,mid,False
TXN02700,CUST0226,2024-10-28,197.07,Stationery,Gauteng,mid,False
TXN00597,CUST0041,2024-10-28,336.85,Stationery,Gauteng,high,False
TXN04104,CUST0341,2024-10-28,4319.98,Electronics,Western Cape,mid,False
TXN04315,CUST0361,2024-10-29,230.06,Stationery,Gauteng,mid,False
TXN02772,CUST0232,2024-10-29,187.71,Health & Beauty,Western Cape,low,False
TXN04451,CUST0373,2024-10-29,2278.09,Tools,Gauteng,high,False
TXN02396,CUST0204,2024-10-29,2087.12,Tools,Eastern Cape,high,False
TXN04596,CUST0385,2024-10-29,850.3,Clothing,KwaZulu-Natal,mid,False
TXN00951,CUST0071,2024-10-29,7043.6,Electronics,KwaZulu-Natal,high,False
TXN02051,CUST0179,2024-10-29,153.72,Stationery,Limpopo,mid,False
TXN02302,CUST0197,2024-10-29,154.68,Stationery,KwaZulu-Natal,mid,False
TXN02493,CUST0209,2024-10-29,2448.29,Electronics,Gauteng,mid,False
TXN02995,CUST0245,2024-10-29,742.88,Groceries,Gauteng,high,False
TXN00612,CUST0042,2024-10-30,400.58,Clothing,Western Cape,low,False
TXN03433,CUST0281,2024-10-30,3323.72,Furniture,Eastern Cape,low,False
TXN00867,CUST0061,2024-10-30,1557.54,Clothing,Gauteng,high,False
TXN00875,CUST0061,2024-10-30,710.28,Health & Beauty,Gauteng,high,False
TXN01455,CUST0123,2024-10-30,221.39,Health & Beauty,Gauteng,low,False
TXN02710,CUST0227,2024-10-30,682.47,Clothing,Limpopo,mid,False
TXN00241,CUST0019,2024-10-30,1188.73,Sports,Western Cape,mid,False
TXN04536,CUST0380,2024-10-31,320.52,Health & Beauty,Gauteng,mid,False
TXN04331,CUST0362,2024-10-31,740.1,Sports,KwaZulu-Natal,mid,False
TXN00105,CUST0008,2024-10-31,1393.12,Clothing,Eastern Cape,high,False
TXN00439,CUST0031,2024-10-31,1541.4,Clothing,Western Cape,high,False
TXN02240,CUST0192,2024-10-31,1343.12,Sports,Eastern Cape,mid,False
TXN03606,CUST0295,2024-10-31,2035.07,Tools,Gauteng,high,False
TXN03843,CUST0315,2024-10-31,937.75,Tools,Eastern Cape,mid,False
TXN02731,CUST0229,2024-10-31,1475.52,Clothing,Eastern Cape,high,False
TXN03624,CUST0297,2024-10-31,878.63,Tools,KwaZulu-Natal,mid,False
TXN00336,CUST0025,2024-10-31,2376.99,Tools,Western Cape,high,False
TXN01869,CUST0162,2024-11-01,577.59,Groceries,KwaZulu-Natal,mid,False
TXN04126,CUST0342,2024-11-01,324.44,Stationery,Western Cape,mid,False
TXN04221,CUST0353,2024-11-01,872.68,Clothing,KwaZulu-Natal,mid,False
TXN04755,CUST0400,2024-11-01,138.76,Health & Beauty,KwaZulu-Natal,low,False
TXN00351,CUST0025,2024-11-02,475.08,Stationery,Western Cape,high,False
TXN00469,CUST0034,2024-11-02,1885.01,Sports,Limpopo,high,False
TXN02517,CUST0211,2024-11-02,1697.43,Clothing,Western Cape,high,False
TXN04366,CUST0365,2024-11-02,929.92,Groceries,Limpopo,high,False
TXN02621,CUST0217,2024-11-03,511.29,Stationery,Gauteng,high,False
TXN03635,CUST0298,2024-11-03,1694.33,Tools,Gauteng,mid,False
TXN00182,CUST0015,2024-11-03,1043.44,Clothing,Gauteng,mid,False
TXN00589,CUST0041,2024-11-03,791.33,Health & Beauty,Gauteng,high,False
TXN03074,CUST0251,2024-11-03,775.23,Health & Beauty,Gauteng,high,False
TXN02040,CUST0177,2024-11-04,900.61,Groceries,KwaZulu-Natal,high,False
TXN00692,CUST0050,2024-11-04,11523.2,Furniture,Gauteng,high,False
TXN03521,CUST0290,2024-11-04,360.25,Groceries,Western Cape,mid,False
TXN04495,CUST0376,2024-11-04,1647.02,Sports,Gauteng,high,False
TXN02736,CUST0229,2024-11-05,13720.05,Furniture,Eastern Cape,high,False
TXN03807,CUST0310,2024-11-05,1093.92,Tools,Gauteng,mid,False
TXN03487,CUST0287,2024-11-05,1668.67,Sports,Western Cape,mid,False
TXN02647,CUST0221,2024-11-05,541.74,Health & Beauty,KwaZulu-Natal,mid,False
TXN03535,CUST0291,2024-11-05,460.55,Groceries,Gauteng,mid,False
TXN02648,CUST0221,2024-11-05,332.99,Stationery,KwaZulu-Natal,mid,False
TXN02671,CUST0223,2024-11-05,663.14,Groceries,Gauteng,mid,False
TXN00785,CUST0057,2024-11-05,955.55,Groceries,Gauteng,high,False
TXN00544,CUST0040,2024-11-06,2263.86,Sports,Western Cape,high,False
TXN01116,CUST0087,2024-11-06,1860.37,Clothing,KwaZulu-Natal,high,False
TXN02153,CUST0187,2024-11-06,455.43,Stationery,Eastern Cape,high,False
TXN02182,CUST0189,2024-11-06,2931.0,Tools,Western Cape,high,False
TXN02711,CUST0227,2024-11-06,540.86,Groceries,Limpopo,mid,False
TXN00223,CUST0017,2024-11-06,222.23,Stationery,Gauteng,mid,False
TXN01834,CUST0158,2024-11-06,7703.98,Electronics,KwaZulu-Natal,high,False
TXN02434,CUST0205,2024-11-07,1000.97,Groceries,Western Cape,high,False
TXN01957,CUST0168,2024-11-07,600.9,Groceries,Gauteng,mid,False
TXN03888,CUST0320,2024-11-07,1685.18,Electronics,Gauteng,low,False
TXN03023,CUST0248,2024-11-07,276.57,Stationery,Limpopo,mid,False
TXN02319,CUST0199,2024-11-07,1044.54,Sports,Eastern Cape,mid,False
TXN03869,CUST0319,2024-11-07,966.75,Groceries,Gauteng,high,False
TXN00057,CUST0005,2024-11-07,5448.76,Electronics,Gauteng,mid,False
TXN02675,CUST0224,2024-11-07,655.96,Clothing,Gauteng,mid,False
TXN03142,CUST0256,2024-11-07,994.95,Groceries,Western Cape,high,False
TXN04397,CUST0368,2024-11-07,1390.13,Furniture,Eastern Cape,low,False
TXN01152,CUST0092,2024-11-08,570.51,Groceries,KwaZulu-Natal,mid,False
TXN03858,CUST0319,2024-11-08,1129.71,Health & Beauty,Gauteng,high,False
TXN01695,CUST0148,2024-11-08,508.21,Groceries,Western Cape,mid,False
TXN03124,CUST0256,2024-11-08,1921.42,Tools,Western Cape,high,False
TXN00335,CUST0025,2024-11-08,2226.18,Clothing,Western Cape,high,False
TXN04429,CUST0371,2024-11-08,463.41,Stationery,Gauteng,high,False
TXN01016,CUST0078,2024-11-08,4899.7,Electronics,Gauteng,mid,False
TXN00610,CUST0041,2024-11-09,1839.06,Clothing,Gauteng,high,False
TXN04183,CUST0348,2024-11-09,1428.16,Tools,Gauteng,mid,False
TXN00933,CUST0071,2024-11-09,777.54,Health & Beauty,KwaZulu-Natal,high,False
TXN02185,CUST0189,2024-11-09,11226.75,Furniture,Western Cape,high,False
TXN01342,CUST0112,2024-11-09,6687.69,Furniture,Gauteng,mid,False
TXN04095,CUST0340,2024-11-09,481.83,Health & Beauty,Gauteng,mid,False
TXN01286,CUST0103,2024-11-09,7933.16,Furniture,Gauteng,mid,False
TXN02111,CUST0184,2024-11-09,248.57,Stationery,Eastern Cape,mid,False
TXN03799,CUST0309,2024-11-10,415.35,Groceries,KwaZulu-Natal,mid,False
TXN02847,CUST0237,2024-11-10,1186.44,Tools,Gauteng,mid,False
TXN02307,CUST0197,2024-11-10,1249.11,Clothing,KwaZulu-Natal,mid,False
TXN00492,CUST0035,2024-11-10,2021.18,Clothing,Limpopo,high,False
TXN02495,CUST0209,2024-11-10,1409.98,Tools,Gauteng,mid,False
TXN02311,CUST0197,2024-11-11,657.25,Groceries,KwaZulu-Natal,mid,False
TXN00832,CUST0060,2024-11-11,508.02,Stationery,Gauteng,high,False
TXN00809,CUST0059,2024-11-11,6680.14,Electronics,Gauteng,high,False
TXN00762,CUST0057,2024-11-11,1876.56,Sports,Gauteng,high,False
TXN01788,CUST0157,2024-11-11,1789.69,Sports,KwaZulu-Natal,high,False
TXN01962,CUST0168,2024-11-11,4530.23,Electronics,Gauteng,mid,False
TXN00135,CUST0010,2024-11-11,498.88,Stationery,KwaZulu-Natal,high,False
TXN03639,CUST0298,2024-11-11,484.45,Health & Beauty,Gauteng,mid,False
TXN00656,CUST0049,2024-11-11,1296.77,Sports,Western Cape,mid,False
TXN00725,CUST0055,2024-11-12,784.91,Groceries,Western Cape,high,False
TXN01915,CUST0164,2024-11-12,559.37,Stationery,Western Cape,high,False
TXN01785,CUST0157,2024-11-12,1049.42,Groceries,KwaZulu-Natal,high,False
TXN04447,CUST0373,2024-11-12,1091.02,Groceries,Gauteng,high,False
TXN01880,CUST0163,2024-11-12,415.27,Stationery,KwaZulu-Natal,high,False
TXN01535,CUST0134,2024-11-12,649.25,Groceries,Gauteng,mid,False
TXN01902,CUST0163,2024-11-13,811.23,Health & Beauty,KwaZulu-Natal,high,False
TXN03312,CUST0270,2024-11-13,236.3,Stationery,Gauteng,mid,False
TXN02867,CUST0239,2024-11-13,7480.2,Furniture,KwaZulu-Natal,mid,False
TXN03644,CUST0298,2024-11-13,307.5,Stationery,Gauteng,mid,False
TXN02150,CUST0187,2024-11-13,688.42,Health & Beauty,Eastern Cape,high,False
TXN03682,CUST0301,2024-11-13,301.78,Stationery,Gauteng,mid,False
TXN04074,CUST0337,2024-11-14,1177.25,Clothing,Eastern Cape,mid,False
TXN03975,CUST0328,2024-11-14,136.07,Health & Beauty,Western Cape,low,False
TXN04436,CUST0372,2024-11-14,287.0,Health & Beauty,Gauteng,low,False
TXN03007,CUST0247,2024-11-14,9436.69,Furniture,Western Cape,mid,False
TXN00556,CUST0040,2024-11-14,6627.62,Electronics,Western Cape,high,False
TXN02424,CUST0205,2024-11-15,12651.57,Furniture,Western Cape,high,False
TXN00444,CUST0031,2024-11-15,14944.51,Furniture,Western Cape,high,False
TXN03580,CUST0295,2024-11-15,2357.35,Sports,Gauteng,high,False
TXN00667,CUST0049,2024-11-15,737.77,Sports,Western Cape,mid,False
TXN00061,CUST0006,2024-11-15,527.3,Electronics,Gauteng,low,False
TXN00642,CUST0045,2024-11-15,281.93,Health & Beauty,Gauteng,low,False
TXN00167,CUST0013,2024-11-16,667.83,Clothing,Eastern Cape,low,False
TXN03028,CUST0248,2024-11-16,1112.16,Sports,Limpopo,mid,False
TXN03488,CUST0287,2024-11-16,452.19,Health & Beauty,Western Cape,mid,False
TXN01669,CUST0147,2024-11-16,2147.21,Clothing,Western Cape,high,False
TXN01448,CUST0122,2024-11-16,1479.57,Sports,Eastern Cape,mid,False
TXN00293,CUST0023,2024-11-17,7707.02,Electronics,Gauteng,high,False
TXN02803,CUST0235,2024-11-17,791.27,Health & Beauty,Gauteng,high,False
TXN03065,CUST0251,2024-11-17,1673.2,Clothing,Gauteng,high,False
TXN00723,CUST0055,2024-11-17,7550.78,Electronics,Western Cape,high,False
TXN02320,CUST0199,2024-11-17,1200.86,Tools,Eastern Cape,mid,False
TXN01460,CUST0126,2024-11-17,1343.91,Tools,Western Cape,mid,False
TXN04742,CUST0398,2024-11-18,3642.92,Electronics,Western Cape,mid,False
TXN02506,CUST0210,2024-11-18,1114.77,Tools,Gauteng,mid,False
TXN00129,CUST0010,2024-11-18,520.14,Stationery,KwaZulu-Natal,high,False
TXN00086,CUST0008,2024-11-18,1998.02,Sports,Eastern Cape,high,False
TXN03359,CUST0274,2024-11-18,3460.86,Electronics,Eastern Cape,mid,False
TXN02079,CUST0181,2024-11-18,1198.81,Sports,Gauteng,mid,False
TXN04186,CUST0349,2024-11-18,160.58,Health & Beauty,Gauteng,low,False
TXN03361,CUST0274,2024-11-18,1065.11,Tools,Eastern Cape,mid,False
TXN03369,CUST0275,2024-11-18,1163.83,Clothing,Western Cape,mid,False
TXN00616,CUST0043,2024-11-18,5534.06,Furniture,Gauteng,mid,False
TXN03257,CUST0266,2024-11-18,552.54,Health & Beauty,KwaZulu-Natal,mid,False
TXN00508,CUST0035,2024-11-18,911.18,Groceries,Limpopo,high,False
TXN04712,CUST0395,2024-11-19,6628.19,Electronics,Gauteng,high,False
TXN00572,CUST0040,2024-11-19,512.4,Stationery,Western Cape,high,False
TXN00587,CUST0041,2024-11-19,819.19,Health & Beauty,Gauteng,high,False
TXN04519,CUST0377,2024-11-20,2582.48,Electronics,Eastern Cape,mid,False
TXN01458,CUST0124,2024-11-20,330.45,Health & Beauty,Gauteng,low,False
TXN04580,CUST0384,2024-11-20,3787.34,Electronics,Eastern Cape,mid,False
TXN00361,CUST0026,2024-11-20,433.91,Health & Beauty,KwaZulu-Natal,mid,False
TXN00995,CUST0077,2024-11-20,2298.8,Sports,KwaZulu-Natal,high,False
TXN03945,CUST0327,2024-11-20,2495.99,Sports,Western Cape,high,False
TXN02134,CUST0186,2024-11-20,972.38,Clothing,KwaZulu-Natal,mid,False
TXN03549,CUST0293,2024-11-20,539.83,Groceries,Eastern Cape,mid,False
TXN04462,CUST0373,2024-11-21,2066.32,Clothing,Gauteng,high,False
TXN00901,CUST0066,2024-11-21,1562.92,Tools,Western Cape,mid,False
TXN03109,CUST0255,2024-11-21,1114.12,Sports,Gauteng,mid,False
TXN00694,CUST0051,2024-11-21,170.94,Stationery,Limpopo,low,False
TXN01896,CUST0163,2024-11-21,333.72,Stationery,KwaZulu-Natal,high,False
TXN01864,CUST0161,2024-11-22,136.13,Stationery,Gauteng,low,False
TXN03235,CUST0265,2024-11-23,892.2,Groceries,Eastern Cape,high,False
TXN01765,CUST0156,2024-11-23,1928.363675820781,Stationery,Gauteng,mid,True
TXN01328,CUST0111,2024-11-23,436.58,Health & Beauty,Gauteng,mid,False
TXN04332,CUST0362,2024-11-24,1700.53,Tools,KwaZulu-Natal,mid,False
TXN00903,CUST0067,2024-11-24,320.62,Stationery,Gauteng,mid,False
TXN03745,CUST0304,2024-11-24,1044.88,Groceries,KwaZulu-Natal,high,False
TXN04417,CUST0371,2024-11-24,2474.34,Sports,Gauteng,high,False
TXN02914,CUST0241,2024-11-24,929.33,Health & Beauty,Limpopo,high,False
TXN03196,CUST0263,2024-11-24,779.75,Groceries,Gauteng,mid,False
TXN01151,CUST0092,2024-11-24,1153.78,Clothing,KwaZulu-Natal,mid,False
TXN02304,CUST0197,2024-11-24,908.83,Clothing,KwaZulu-Natal,mid,False
TXN01652,CUST0145,2024-11-24,7455.09,Furniture,Gauteng,mid,False
TXN01006,CUST0077,2024-11-25,960.77,Health & Beauty,KwaZulu-Natal,high,False
TXN01013,CUST0078,2024-11-25,5117.33,Furniture,Gauteng,mid,False
TXN01932,CUST0165,2024-11-25,507.02,Groceries,Gauteng,mid,False
TXN02597,CUST0217,2024-11-25,2299.39,Sports,Gauteng,high,False
TXN00200,CUST0016,2024-11-25,1051.25,Sports,Gauteng,mid,False
TXN03049,CUST0251,2024-11-26,814.57,Groceries,Gauteng,high,False
TXN00414,CUST0031,2024-11-26,1057.92,Groceries,Western Cape,high,False
TXN01501,CUST0129,2024-11-26,804.39,Groceries,Gauteng,high,False
TXN00101,CUST0008,2024-11-27,2031.69,Sports,Eastern Cape,high,False
TXN01738,CUST0151,2024-11-27,359.0,Health & Beauty,Eastern Cape,mid,False
TXN03280,CUST0268,2024-11-27,590.16,Groceries,KwaZulu-Natal,mid,False
TXN01966,CUST0169,2024-11-27,291.72,Health & Beauty,Gauteng,low,False
TXN02876,CUST0239,2024-11-27,363.11,Health & Beauty,KwaZulu-Natal,mid,False
TXN01502,CUST0129,2024-11-27,870.18,Health & Beauty,Gauteng,high,False
TXN01433,CUST0121,2024-11-28,724.27,Groceries,Eastern Cape,mid,False
TXN04555,CUST0381,2024-11-28,1357.9,Tools,Gauteng,mid,False
TXN03726,CUST0303,2024-11-28,5090.09,Electronics,Western Cape,mid,False
TXN01633,CUST0144,2024-11-28,1139.26,Clothing,Gauteng,mid,False
TXN01682,CUST0147,2024-11-28,891.03,Health & Beauty,Western Cape,high,False
TXN03920,CUST0323,2024-11-28,2789.11,Tools,KwaZulu-Natal,high,False
TXN02379,CUST0202,2024-11-28,4025.19,Electronics,Gauteng,mid,False
TXN02762,CUST0230,2024-11-28,861.22,Clothing,KwaZulu-Natal,mid,False
TXN04025,CUST0332,2024-11-28,183.53,Stationery,KwaZulu-Natal,low,False
TXN01079,CUST0084,2024-11-29,8960.6,Furniture,Gauteng,mid,False
TXN01379,CUST0116,2024-11-29,7547.82,Electronics,Eastern Cape,high,False
TXN01089,CUST0085,2024-11-29,144.99,Stationery,Gauteng,mid,False
TXN02915,CUST0241,2024-11-29,451.18,Stationery,Limpopo,high,False
TXN01459,CUST0125,2024-11-29,375.56,Health & Beauty,Gauteng,low,False
TXN00996,CUST0077,2024-11-29,2065.76,Sports,KwaZulu-Natal,high,False
TXN02540,CUST0213,2024-11-29,1066.69,Clothing,KwaZulu-Natal,mid,False
TXN00764,CUST0057,2024-11-29,1902.09,Clothing,Gauteng,high,False
TXN02421,CUST0204,2024-11-29,2250.49,Tools,Eastern Cape,high,False
TXN03091,CUST0253,2024-11-30,4613.11,Electronics,Eastern Cape,mid,False
TXN03752,CUST0304,2024-11-30,12929.58,Furniture,KwaZulu-Natal,high,False
TXN00749,CUST0056,2024-11-30,4264.05,Electronics,Limpopo,mid,False
TXN02770,CUST0231,2024-11-30,906.73,Tools,KwaZulu-Natal,low,False
TXN01144,CUST0091,2024-11-30,588.22,Groceries,Gauteng,mid,False
TXN02575,CUST0214,2024-11-30,2880.3,Tools,Gauteng,high,False
TXN01207,CUST0096,2024-11-30,256.19,Stationery,Western Cape,mid,False
TXN00040,CUST0004,2024-11-30,265.39,Clothing,Western Cape,low,False
TXN02862,CUST0238,2024-12-01,471.59,Health & Beauty,Gauteng,mid,False
TXN03089,CUST0253,2024-12-01,1051.79,Sports,Eastern Cape,mid,False
TXN04033,CUST0333,2024-12-01,7207.52,Furniture,Gauteng,mid,False
TXN01984,CUST0172,2024-12-01,780.74,Tools,Gauteng,low,False
TXN02055,CUST0179,2024-12-01,579.3,Health & Beauty,Limpopo,mid,False
TXN03979,CUST0329,2024-12-01,1304.74,Sports,Western Cape,mid,False
TXN00573,CUST0040,2024-12-01,3051.93,Tools,Western Cape,high,False
TXN00021,CUST0001,2024-12-01,3176.17,Sports,Gauteng,high,False
TXN04713,CUST0395,2024-12-01,959.3,Groceries,Gauteng,high,False
TXN02139,CUST0187,2024-12-01,1211.46,Groceries,Eastern Cape,high,False
TXN03666,CUST0300,2024-12-01,952.64,Sports,Gauteng,mid,False
TXN04264,CUST0355,2024-12-02,2240.4,Clothing,Gauteng,high,False
TXN01914,CUST0164,2024-12-02,1101.49,Groceries,Western Cape,high,False
TXN03923,CUST0323,2024-12-02,2638.92,Tools,KwaZulu-Natal,high,False
TXN04107,CUST0341,2024-12-02,3820.23,Electronics,Western Cape,mid,False
TXN03533,CUST0291,2024-12-02,1066.2,Tools,Gauteng,mid,False
TXN01081,CUST0084,2024-12-02,7101.68,Furniture,Gauteng,mid,False
TXN01467,CUST0126,2024-12-02,575.71,Health & Beauty,Western Cape,mid,False
TXN04034,CUST0333,2024-12-02,10813.9,Furniture,Gauteng,mid,False
TXN01104,CUST0087,2024-12-02,1082.85,Groceries,KwaZulu-Natal,high,False
TXN02077,CUST0181,2024-12-02,482.65,Health & Beauty,Gauteng,mid,False
TXN02667,CUST0223,2024-12-03,782.64,Health & Beauty,Gauteng,mid,False
TXN03268,CUST0267,2024-12-03,5623.34,Electronics,KwaZulu-Natal,mid,False
TXN00415,CUST0031,2024-12-03,3468.13,Tools,Western Cape,high,False
TXN02018,CUST0177,2024-12-03,15875.87,Furniture,KwaZulu-Natal,high,False
TXN03284,CUST0268,2024-12-03,1797.82,Tools,KwaZulu-Natal,mid,False
TXN02196,CUST0189,2024-12-03,2865.92,Tools,Western Cape,high,False
TXN00249,CUST0019,2024-12-04,1870.68,Tools,Western Cape,mid,False
TXN03992,CUST0329,2024-12-04,411.7,Stationery,Western Cape,mid,False
TXN00153,CUST0011,2024-12-04,604.87,Health & Beauty,Gauteng,mid,False
TXN03138,CUST0256,2024-12-04,1036.89,Health & Beauty,Western Cape,high,False
TXN04048,CUST0334,2024-12-04,3901.47,Electronics,Gauteng,mid,False
TXN03026,CUST0248,2024-12-04,568.91,Health & Beauty,Limpopo,mid,False
TXN02870,CUST0239,2024-12-04,1435.66,Sports,KwaZulu-Natal,mid,False
TXN04005,CUST0330,2024-12-04,692.87,Health & Beauty,Gauteng,mid,False
TXN00580,CUST0040,2024-12-04,1141.28,Groceries,Western Cape,high,False
TXN00107,CUST0008,2024-12-05,565.18,Stationery,Eastern Cape,high,False
TXN01849,CUST0160,2024-12-05,653.75,Health & Beauty,KwaZulu-Natal,mid,False
TXN04072,CUST0337,2024-12-05,1117.5,Clothing,Eastern Cape,mid,False
TXN04155,CUST0346,2024-12-05,814.23,Sports,Western Cape,low,False
TXN04245,CUST0355,2024-12-05,1164.48,Health & Beauty,Gauteng,high,False
TXN04730,CUST0396,2024-12-05,1089.61,Tools,Limpopo,low,False
TXN02602,CUST0217,2024-12-05,8872.17,Electronics,Gauteng,high,False
TXN00151,CUST0011,2024-12-05,1517.96,Tools,Gauteng,mid,False
TXN04004,CUST0330,2024-12-05,1226.45,Clothing,Gauteng,mid,False
TXN00063,CUST0007,2024-12-05,645.46,Groceries,Gauteng,mid,False
TXN02693,CUST0225,2024-12-05,512.79,Groceries,Gauteng,mid,False
TXN01688,CUST0147,2024-12-06,531.76,Stationery,Western Cape,high,False
TXN02231,CUST0191,2024-12-06,2701.41,Sports,Gauteng,high,False
TXN03140,CUST0256,2024-12-06,3078.79,Tools,Western Cape,high,False
TXN03766,CUST0305,2024-12-06,1036.61,Groceries,KwaZulu-Natal,high,False
TXN02014,CUST0177,2024-12-06,1381.07,Groceries,KwaZulu-Natal,high,False
TXN03852,CUST0316,2024-12-07,181.17,Groceries,KwaZulu-Natal,low,False
TXN02851,CUST0237,2024-12-07,403.66,Health & Beauty,Gauteng,mid,False
TXN04518,CUST0377,2024-12-07,1319.56,Clothing,Eastern Cape,mid,False
TXN02976,CUST0245,2024-12-07,1070.24,Groceries,Gauteng,high,False
TXN02954,CUST0243,2024-12-07,1079.03,Clothing,Eastern Cape,mid,False
TXN03201,CUST0263,2024-12-07,1177.53,Clothing,Gauteng,mid,False
TXN01494,CUST0129,2024-12-08,1081.53,Groceries,Gauteng,high,False
TXN00549,CUST0040,2024-12-08,1233.78,Groceries,Western Cape,high,False
TXN01986,CUST0173,2024-12-08,1783.21,Clothing,Western Cape,mid,False
TXN02295,CUST0196,2024-12-08,854.84,Clothing,Gauteng,mid,False
TXN00307,CUST0024,2024-12-08,275.15,Stationery,Gauteng,mid,False
TXN00627,CUST0043,2024-12-08,947.82,Clothing,Gauteng,mid,False
TXN04437,CUST0373,2024-12-08,543.11,Stationery,Gauteng,high,False
TXN00372,CUST0027,2024-12-08,1076.68,Clothing,Gauteng,mid,False
TXN01066,CUST0083,2024-12-08,532.93,Groceries,Gauteng,mid,False
TXN02829,CUST0235,2024-12-09,1180.05,Groceries,Gauteng,high,False
TXN01284,CUST0103,2024-12-09,549.68,Groceries,Gauteng,mid,False
TXN02942,CUST0242,2024-12-09,1627.71,Tools,Limpopo,mid,False
TXN02702,CUST0226,2024-12-09,531.57,Health & Beauty,Gauteng,mid,False
TXN01266,CUST0101,2024-12-10,8766.7,Furniture,Gauteng,mid,False
TXN01644,CUST0145,2024-12-10,5643.19,Electronics,Gauteng,mid,False
TXN00452,CUST0033,2024-12-10,6139.15,Electronics,Gauteng,mid,False
TXN02430,CUST0205,2024-12-10,2238.32,Clothing,Western Cape,high,False
TXN02559,CUST0214,2024-12-11,2565.26,Sports,Gauteng,high,False
TXN03260,CUST0266,2024-12-11,910.54,Clothing,KwaZulu-Natal,mid,False
TXN02431,CUST0205,2024-12-12,1165.45,Groceries,Western Cape,high,False
TXN01611,CUST0142,2024-12-12,440.52,Stationery,Gauteng,mid,False
TXN01731,CUST0151,2024-12-13,1720.79,Tools,Eastern Cape,mid,False
TXN00542,CUST0038,2024-12-13,4809.62,Furniture,Gauteng,low,False
TXN02372,CUST0201,2024-12-13,2366.46,Tools,KwaZulu-Natal,mid,False
TXN04705,CUST0395,2024-12-13,13496.74,Furniture,Gauteng,high,False
TXN00072,CUST0007,2024-12-13,1482.6,Sports,Gauteng,mid,False
TXN04445,CUST0373,2024-12-13,617.95,Stationery,Gauteng,high,False
TXN02069,CUST0180,2024-12-14,1572.19,Clothing,Gauteng,mid,False
TXN00046,CUST0005,2024-12-14,1759.76,Tools,Gauteng,mid,False
TXN00756,CUST0057,2024-12-14,3347.53,Tools,Gauteng,high,False
TXN00204,CUST0016,2024-12-14,642.6,Groceries,Gauteng,mid,False
TXN02321,CUST0199,2024-12-15,9795.72,Furniture,Eastern Cape,mid,False
TXN04682,CUST0394,2024-12-15,415.38,Stationery,KwaZulu-Natal,mid,False
TXN02228,CUST0191,2024-12-15,2646.45,Sports,Gauteng,high,False
TXN03595,CUST0295,2024-12-15,1049.64,Health & Beauty,Gauteng,high,False
TXN00648,CUST0047,2024-12-15,255.43,Sports,Gauteng,low,False
TXN02037,CUST0177,2024-12-15,2841.61,Tools,KwaZulu-Natal,high,False
TXN02169,CUST0188,2024-12-15,2304.28,Sports,Western Cape,high,False
TXN04520,CUST0377,2024-12-15,1576.26,Sports,Eastern Cape,mid,False
TXN02727,CUST0229,2024-12-16,1058.1,Groceries,Eastern Cape,high,False
TXN00846,CUST0060,2024-12-16,2894.36,Sports,Gauteng,high,False
TXN02289,CUST0196,2024-12-16,5349.3,Electronics,Gauteng,mid,False
TXN04146,CUST0344,2024-12-16,1298.2,Clothing,Western Cape,mid,False
TXN02246,CUST0192,2024-12-16,1066.65,Clothing,Eastern Cape,mid,False
TXN02236,CUST0192,2024-12-16,631.33,Health & Beauty,Eastern Cape,mid,False
TXN03905,CUST0323,2024-12-16,489.93,Stationery,KwaZulu-Natal,high,False
TXN02331,CUST0200,2024-12-17,2497.31,Clothing,KwaZulu-Natal,high,False
TXN01753,CUST0154,2024-12-17,606.44,Groceries,Western Cape,mid,False
TXN01970,CUST0170,2024-12-17,355.46,Stationery,Western Cape,mid,False
TXN04175,CUST0348,2024-12-17,1704.66,Sports,Gauteng,mid,False
TXN02283,CUST0195,2024-12-17,331.45,Groceries,Gauteng,low,False
TXN03756,CUST0304,2024-12-17,1239.67,Groceries,KwaZulu-Natal,high,False
TXN02062,CUST0180,2024-12-18,5269.25,Electronics,Gauteng,mid,False
TXN03909,CUST0323,2024-12-18,2644.36,Sports,KwaZulu-Natal,high,False
TXN01465,CUST0126,2024-12-18,1501.35,Clothing,Western Cape,mid,False
TXN00786,CUST0057,2024-12-18,9110.19,Electronics,Gauteng,high,False
TXN02179,CUST0189,2024-12-18,978.16,Health & Beauty,Western Cape,high,False
TXN02342,CUST0200,2024-12-18,3253.51,Tools,KwaZulu-Natal,high,False
TXN03753,CUST0304,2024-12-19,2496.33,Clothing,KwaZulu-Natal,high,False
TXN01913,CUST0164,2024-12-19,2578.27,Sports,Western Cape,high,False
TXN03658,CUST0299,2024-12-19,9047.82,Furniture,KwaZulu-Natal,mid,False
TXN00230,CUST0018,2024-12-19,2007.15,Tools,Western Cape,mid,False
TXN04303,CUST0358,2024-12-19,1235.94,Clothing,Western Cape,mid,False
TXN03145,CUST0256,2024-12-19,1042.58,Health & Beauty,Western Cape,high,False
TXN02908,CUST0241,2024-12-19,2341.26,Sports,Limpopo,high,False
TXN03299,CUST0269,2024-12-20,285.66,Stationery,Gauteng,mid,False
TXN03106,CUST0255,2024-12-20,1541.59,Clothing,Gauteng,mid,False
TXN01075,CUST0084,2024-12-20,2029.99,Tools,Gauteng,mid,False
TXN01883,CUST0163,2024-12-20,1021.63,Groceries,KwaZulu-Natal,high,False
TXN01941,CUST0166,2024-12-20,1467.66,Sports,Eastern Cape,mid,False
TXN04621,CUST0387,2024-12-20,1399.9,Clothing,Gauteng,mid,False
TXN03691,CUST0302,2024-12-20,968.24,Health & Beauty,Western Cape,high,False
TXN01062,CUST0083,2024-12-20,4518.36,Electronics,Gauteng,mid,False
TXN00730,CUST0055,2024-12-20,1335.5,Groceries,Western Cape,high,False
TXN00175,CUST0014,2024-12-21,1891.17,Sports,Gauteng,mid,False
TXN02598,CUST0217,2024-12-21,953.37,Health & Beauty,Gauteng,high,False
TXN04128,CUST0342,2024-12-21,515.91,Groceries,Western Cape,mid,False
TXN01024,CUST0078,2024-12-21,410.55,Stationery,Gauteng,mid,False
TXN00048,CUST0005,2024-12-21,1306.94,Clothing,Gauteng,mid,False
TXN04324,CUST0361,2024-12-21,3042.02,Electronics,Gauteng,mid,False
TXN02593,CUST0217,2024-12-22,2335.2,Clothing,Gauteng,high,False
TXN01442,CUST0122,2024-12-22,7834.37,Furniture,Eastern Cape,mid,False
TXN01336,CUST0112,2024-12-22,8316.31,Furniture,Gauteng,mid,False
TXN03531,CUST0291,2024-12-22,8324.47,Furniture,Gauteng,mid,False
TXN00567,CUST0040,2024-12-22,8724.94,Electronics,Western Cape,high,False
TXN01338,CUST0112,2024-12-22,6723.54,Furniture,Gauteng,mid,False
TXN03253,CUST0266,2024-12-23,3753.78,Electronics,KwaZulu-Natal,mid,False
TXN04152,CUST0345,2024-12-23,5527.39,Electronics,Gauteng,mid,False
TXN02960,CUST0244,2024-12-23,8929.24,Furniture,Gauteng,mid,False
TXN01409,CUST0117,2024-12-23,5056.63,Electronics,Eastern Cape,mid,False
TXN03477,CUST0286,2024-12-23,350.18,Stationery,Gauteng,mid,False
TXN04506,CUST0376,2024-12-24,2915.96,Sports,Gauteng,high,False
TXN04422,CUST0371,2024-12-24,3126.58,Tools,Gauteng,high,False
TXN02816,CUST0235,2024-12-24,2506.08,Clothing,Gauteng,high,False
TXN02815,CUST0235,2024-12-24,829.24,Health & Beauty,Gauteng,high,False
TXN01276,CUST0103,2024-12-24,8393.08,Furniture,Gauteng,mid,False
TXN03475,CUST0286,2024-12-24,720.32,Groceries,Gauteng,mid,False
TXN00696,CUST0052,2024-12-25,336.55,Stationery,KwaZulu-Natal,mid,False
TXN03935,CUST0324,2024-12-25,223.98,Groceries,Gauteng,low,False
TXN01693,CUST0148,2024-12-25,4721.74,Electronics,Western Cape,mid,False
TXN00257,CUST0020,2024-12-25,412.12,Health & Beauty,Gauteng,low,False
TXN03013,CUST0247,2024-12-25,429.76,Health & Beauty,Western Cape,mid,False
TXN00206,CUST0016,2024-12-25,411.48,Health & Beauty,Gauteng,mid,False
TXN02398,CUST0204,2024-12-25,14703.9,Furniture,Eastern Cape,high,False
TXN01107,CUST0087,2024-12-25,491.69,Stationery,KwaZulu-Natal,high,False
TXN04537,CUST0380,2024-12-25,1584.87,Sports,Gauteng,mid,False
TXN01082,CUST0084,2024-12-25,1419.79,Clothing,Gauteng,mid,False
TXN04210,CUST0351,2024-12-26,1093.35,Health & Beauty,Western Cape,high,False
TXN00924,CUST0071,2024-12-26,9026.15,Electronics,KwaZulu-Natal,high,False
TXN00172,CUST0014,2024-12-26,1563.07,Tools,Gauteng,mid,False
TXN02875,CUST0239,2024-12-26,607.34,Groceries,KwaZulu-Natal,mid,False
TXN02457,CUST0206,2024-12-26,1357.01,Sports,Gauteng,mid,False
TXN01139,CUST0091,2024-12-26,1598.97,Sports,Gauteng,mid,False
TXN00380,CUST0029,2024-12-26,1401.89,Sports,Western Cape,mid,False
TXN04067,CUST0335,2024-12-26,1640.04,Sports,Gauteng,mid,False
TXN02388,CUST0203,2024-12-26,807.78,Health & Beauty,Gauteng,mid,False
TXN00823,CUST0060,2024-12-26,9020.29,Electronics,Gauteng,high,False
TXN03740,CUST0304,2024-12-26,3094.02,Tools,KwaZulu-Natal,high,False
TXN00677,CUST0050,2024-12-26,1026.76,Health & Beauty,Gauteng,high,False
TXN00285,CUST0023,2024-12-26,14642.11,Furniture,Gauteng,high,False
TXN01435,CUST0121,2024-12-26,631.12,Groceries,Eastern Cape,mid,False
TXN00081,CUST0008,2024-12-27,610.78,Stationery,Eastern Cape,high,False
TXN00312,CUST0024,2024-12-27,6946.02,Furniture,Gauteng,mid,False
TXN03116,CUST0256,2024-12-27,10818.36,Electronics,Western Cape,high,False
TXN01833,CUST0158,2024-12-27,511.49,Stationery,KwaZulu-Natal,high,False
TXN00540,CUST0038,2024-12-27,877.39,Tools,Gauteng,low,False
TXN00437,CUST0031,2024-12-28,647.96,Stationery,Western Cape,high,False
TXN04724,CUST0395,2024-12-28,2610.95,Sports,Gauteng,high,False
TXN02204,CUST0191,2024-12-28,2444.59,Sports,Gauteng,high,False
TXN00842,CUST0060,2024-12-28,1172.13,Groceries,Gauteng,high,False
TXN04118,CUST0342,2024-12-28,1173.84,Clothing,Western Cape,mid,False
TXN03552,CUST0293,2024-12-28,615.37,Sports,Eastern Cape,mid,False
TXN04594,CUST0384,2024-12-28,11083.91,Furniture,Eastern Cape,mid,False
TXN03211,CUST0264,2024-12-29,1393.16,Sports,Western Cape,mid,False
TXN00695,CUST0052,2024-12-29,1224.93,Sports,KwaZulu-Natal,mid,False
TXN02193,CUST0189,2024-12-30,555.03,Stationery,Western Cape,high,False
TXN00474,CUST0034,2024-12-30,501.15,Stationery,Limpopo,high,False
TXN02808,CUST0235,2024-12-30,7807.67,Electronics,Gauteng,high,False
TXN02455,CUST0206,2024-12-30,1661.85,Sports,Gauteng,mid,False
TXN03184,CUST0261,2024-12-30,695.12,Health & Beauty,Western Cape,mid,False
TXN02918,CUST0241,2024-12-30,3102.21,Tools,Limpopo,high,False
